=== 17:23:11 anon 1.5 file 0.6 shmem 4.7 GiB
   /usr/local/lib/python3.12/dist-packages/vllm/models/deepseek_v4_1/nvidia/model.py:451 __init__
   /usr/local/lib/python3.12/dist-packages/vllm/model_executor/models/utils.py:864 make_layers
   /usr/local/lib/python3.12/dist-packages/vllm/model_executor/offloader/base.py:119 wrap_modules
   /usr/local/lib/python3.12/dist-packages/vllm/model_executor/models/utils.py:865 <genexpr>
   /usr/local/lib/python3.12/dist-packages/vllm/models/deepseek_v4_1/nvidia/model.py:453 <lambda>
   /usr/local/lib/python3.12/dist-packages/vllm/models/deepseek_v4_1/nvidia/model.py:193 __init__
   /usr/local/lib/python3.12/dist-packages/vllm/models/deepseek_v4_1/nvidia/flashinfer_sparse.py:617 __init__
   /usr/local/lib/python3.12/dist-packages/vllm/models/deepseek_v4_1/attention.py:352 __init__
   /usr/local/lib/python3.12/dist-packages/vllm/models/deepseek_v4_1/common/rope.py:48 build_deepseek_v4_rope
   /usr/local/lib/python3.12/dist-packages/vllm/model_executor/layers/rotary_embedding/__init__.py:305 get_rope
   /usr/local/lib/python3.12/dist-packages/vllm/model_executor/layers/rotary_embedding/deepseek_scaling_rope.py:247 __init__
   /usr/local/lib/python3.12/dist-packages/vllm/model_executor/layers/rotary_embedding/deepseek_scaling_rope.py:251 _compute_cos_sin_cache
   /usr/local/lib/python3.12/dist-packages/vllm/model_executor/layers/rotary_embedding/deepseek_scaling_rope.py:80 _compute_inv_freq
   /usr/local/lib/python3.12/dist-packages/torch/utils/_device.py:122 __torch_function__
=== 17:23:16 anon 1.8 file 0.7 shmem 4.7 GiB
   /usr/local/lib/python3.12/dist-packages/vllm/v1/executor/multiproc_executor.py:911 worker_main
   /usr/local/lib/python3.12/dist-packages/vllm/tracing/otel.py:178 sync_wrapper
   /usr/local/lib/python3.12/dist-packages/vllm/v1/executor/multiproc_executor.py:680 __init__
   /usr/local/lib/python3.12/dist-packages/vllm/v1/worker/gpu_worker.py:502 load_model
   /usr/local/lib/python3.12/dist-packages/vllm/v1/worker/gpu/model_runner.py:387 load_model
   /usr/local/lib/python3.12/dist-packages/vllm/tracing/otel.py:178 sync_wrapper
   /usr/local/lib/python3.12/dist-packages/vllm/model_executor/model_loader/base_loader.py:55 load_model
   /usr/local/lib/python3.12/dist-packages/vllm/tracing/otel.py:178 sync_wrapper
   /usr/local/lib/python3.12/dist-packages/vllm/model_executor/model_loader/utils.py:59 initialize_model
   /usr/local/lib/python3.12/dist-packages/vllm/models/deepseek_v4_1/nvidia/vl_model.py:167 __init__
   /usr/local/lib/python3.12/dist-packages/vllm/models/deepseek_v4_1/nvidia/model.py:1011 __init__
   /usr/local/lib/python3.12/dist-packages/vllm/models/deepseek_v4_1/nvidia/model.py:480 __init__
   /usr/local/lib/python3.12/dist-packages/vllm/models/deepseek_v4_1/common/engram.py:420 __init__
   /usr/local/lib/python3.12/dist-packages/vllm/models/deepseek_v4_1/common/engram.py:135 build_compressed_token_map
=== 17:23:21 anon 1.8 file 1.1 shmem 4.7 GiB
   /usr/lib/python3.12/multiprocessing/process.py:314 _bootstrap
   /usr/lib/python3.12/multiprocessing/process.py:108 run
   /usr/local/lib/python3.12/dist-packages/vllm/v1/executor/multiproc_executor.py:911 worker_main
   /usr/local/lib/python3.12/dist-packages/vllm/tracing/otel.py:178 sync_wrapper
   /usr/local/lib/python3.12/dist-packages/vllm/v1/executor/multiproc_executor.py:680 __init__
   /usr/local/lib/python3.12/dist-packages/vllm/v1/worker/gpu_worker.py:502 load_model
   /usr/local/lib/python3.12/dist-packages/vllm/v1/worker/gpu/model_runner.py:387 load_model
   /usr/local/lib/python3.12/dist-packages/vllm/tracing/otel.py:178 sync_wrapper
   /usr/local/lib/python3.12/dist-packages/vllm/model_executor/model_loader/base_loader.py:65 load_model
   /usr/local/lib/python3.12/dist-packages/vllm/tracing/otel.py:178 sync_wrapper
   /usr/local/lib/python3.12/dist-packages/vllm/model_executor/model_loader/default_loader.py:427 load_weights
   /usr/local/lib/python3.12/dist-packages/vllm/models/deepseek_v4_1/nvidia/vl_model.py:344 load_weights
   /usr/local/lib/python3.12/dist-packages/vllm/model_executor/models/utils.py:141 apply
   /usr/local/lib/python3.12/dist-packages/vllm/model_executor/models/utils.py:102 _map_name_with_shard
=== 17:23:26 anon 1.8 file 1.7 shmem 4.7 GiB
   /usr/local/lib/python3.12/dist-packages/vllm/v1/executor/multiproc_executor.py:911 worker_main
   /usr/local/lib/python3.12/dist-packages/vllm/tracing/otel.py:178 sync_wrapper
   /usr/local/lib/python3.12/dist-packages/vllm/v1/executor/multiproc_executor.py:680 __init__
   /usr/local/lib/python3.12/dist-packages/vllm/v1/worker/gpu_worker.py:502 load_model
   /usr/local/lib/python3.12/dist-packages/vllm/v1/worker/gpu/model_runner.py:387 load_model
   /usr/local/lib/python3.12/dist-packages/vllm/tracing/otel.py:178 sync_wrapper
   /usr/local/lib/python3.12/dist-packages/vllm/model_executor/model_loader/base_loader.py:65 load_model
   /usr/local/lib/python3.12/dist-packages/vllm/tracing/otel.py:178 sync_wrapper
   /usr/local/lib/python3.12/dist-packages/vllm/model_executor/model_loader/default_loader.py:427 load_weights
   /usr/local/lib/python3.12/dist-packages/vllm/models/deepseek_v4_1/nvidia/vl_model.py:344 load_weights
   /usr/local/lib/python3.12/dist-packages/vllm/model_executor/models/utils.py:140 apply
   /usr/local/lib/python3.12/dist-packages/vllm/model_executor/model_loader/default_loader.py:333 get_all_weights
   /usr/local/lib/python3.12/dist-packages/vllm/model_executor/model_loader/default_loader.py:319 <genexpr>
   /usr/local/lib/python3.12/dist-packages/vllm/model_executor/model_loader/weight_utils.py:973 safetensors_weights_iterator
=== 17:23:31 anon 1.8 file 2.2 shmem 4.7 GiB
   /usr/local/lib/python3.12/dist-packages/vllm/v1/executor/multiproc_executor.py:911 worker_main
   /usr/local/lib/python3.12/dist-packages/vllm/tracing/otel.py:178 sync_wrapper
   /usr/local/lib/python3.12/dist-packages/vllm/v1/executor/multiproc_executor.py:680 __init__
   /usr/local/lib/python3.12/dist-packages/vllm/v1/worker/gpu_worker.py:502 load_model
   /usr/local/lib/python3.12/dist-packages/vllm/v1/worker/gpu/model_runner.py:387 load_model
   /usr/local/lib/python3.12/dist-packages/vllm/tracing/otel.py:178 sync_wrapper
   /usr/local/lib/python3.12/dist-packages/vllm/model_executor/model_loader/base_loader.py:65 load_model
   /usr/local/lib/python3.12/dist-packages/vllm/tracing/otel.py:178 sync_wrapper
   /usr/local/lib/python3.12/dist-packages/vllm/model_executor/model_loader/default_loader.py:427 load_weights
   /usr/local/lib/python3.12/dist-packages/vllm/models/deepseek_v4_1/nvidia/vl_model.py:344 load_weights
   /usr/local/lib/python3.12/dist-packages/vllm/model_executor/models/utils.py:140 apply
   /usr/local/lib/python3.12/dist-packages/vllm/model_executor/model_loader/default_loader.py:333 get_all_weights
   /usr/local/lib/python3.12/dist-packages/vllm/model_executor/model_loader/default_loader.py:319 <genexpr>
   /usr/local/lib/python3.12/dist-packages/vllm/model_executor/model_loader/weight_utils.py:973 safetensors_weights_iterator
=== 17:23:36 anon 1.8 file 2.5 shmem 4.7 GiB
   /usr/lib/python3.12/multiprocessing/process.py:314 _bootstrap
   /usr/lib/python3.12/multiprocessing/process.py:108 run
   /usr/local/lib/python3.12/dist-packages/vllm/v1/executor/multiproc_executor.py:911 worker_main
   /usr/local/lib/python3.12/dist-packages/vllm/tracing/otel.py:178 sync_wrapper
   /usr/local/lib/python3.12/dist-packages/vllm/v1/executor/multiproc_executor.py:680 __init__
   /usr/local/lib/python3.12/dist-packages/vllm/v1/worker/gpu_worker.py:502 load_model
   /usr/local/lib/python3.12/dist-packages/vllm/v1/worker/gpu/model_runner.py:387 load_model
   /usr/local/lib/python3.12/dist-packages/vllm/tracing/otel.py:178 sync_wrapper
   /usr/local/lib/python3.12/dist-packages/vllm/model_executor/model_loader/base_loader.py:65 load_model
   /usr/local/lib/python3.12/dist-packages/vllm/tracing/otel.py:178 sync_wrapper
   /usr/local/lib/python3.12/dist-packages/vllm/model_executor/model_loader/default_loader.py:427 load_weights
   /usr/local/lib/python3.12/dist-packages/vllm/models/deepseek_v4_1/nvidia/vl_model.py:344 load_weights
   /usr/local/lib/python3.12/dist-packages/vllm/model_executor/models/utils.py:141 apply
   /usr/local/lib/python3.12/dist-packages/vllm/model_executor/models/utils.py:102 _map_name_with_shard
=== 17:23:41 anon 1.9 file 2.8 shmem 4.7 GiB
   /usr/local/lib/python3.12/dist-packages/vllm/v1/executor/multiproc_executor.py:911 worker_main
   /usr/local/lib/python3.12/dist-packages/vllm/tracing/otel.py:178 sync_wrapper
   /usr/local/lib/python3.12/dist-packages/vllm/v1/executor/multiproc_executor.py:680 __init__
   /usr/local/lib/python3.12/dist-packages/vllm/v1/worker/gpu_worker.py:502 load_model
   /usr/local/lib/python3.12/dist-packages/vllm/v1/worker/gpu/model_runner.py:387 load_model
   /usr/local/lib/python3.12/dist-packages/vllm/tracing/otel.py:178 sync_wrapper
   /usr/local/lib/python3.12/dist-packages/vllm/model_executor/model_loader/base_loader.py:65 load_model
   /usr/local/lib/python3.12/dist-packages/vllm/tracing/otel.py:178 sync_wrapper
   /usr/local/lib/python3.12/dist-packages/vllm/model_executor/model_loader/default_loader.py:427 load_weights
   /usr/local/lib/python3.12/dist-packages/vllm/models/deepseek_v4_1/nvidia/vl_model.py:344 load_weights
   /usr/local/lib/python3.12/dist-packages/vllm/model_executor/models/utils.py:140 apply
   /usr/local/lib/python3.12/dist-packages/vllm/model_executor/model_loader/default_loader.py:333 get_all_weights
   /usr/local/lib/python3.12/dist-packages/vllm/model_executor/model_loader/default_loader.py:319 <genexpr>
   /usr/local/lib/python3.12/dist-packages/vllm/model_executor/model_loader/weight_utils.py:973 safetensors_weights_iterator
=== 17:23:46 anon 1.9 file 3.2 shmem 4.7 GiB
   /usr/local/lib/python3.12/dist-packages/vllm/v1/executor/multiproc_executor.py:911 worker_main
   /usr/local/lib/python3.12/dist-packages/vllm/tracing/otel.py:178 sync_wrapper
   /usr/local/lib/python3.12/dist-packages/vllm/v1/executor/multiproc_executor.py:680 __init__
   /usr/local/lib/python3.12/dist-packages/vllm/v1/worker/gpu_worker.py:502 load_model
   /usr/local/lib/python3.12/dist-packages/vllm/v1/worker/gpu/model_runner.py:387 load_model
   /usr/local/lib/python3.12/dist-packages/vllm/tracing/otel.py:178 sync_wrapper
   /usr/local/lib/python3.12/dist-packages/vllm/model_executor/model_loader/base_loader.py:65 load_model
   /usr/local/lib/python3.12/dist-packages/vllm/tracing/otel.py:178 sync_wrapper
   /usr/local/lib/python3.12/dist-packages/vllm/model_executor/model_loader/default_loader.py:427 load_weights
   /usr/local/lib/python3.12/dist-packages/vllm/models/deepseek_v4_1/nvidia/vl_model.py:344 load_weights
   /usr/local/lib/python3.12/dist-packages/vllm/model_executor/models/utils.py:140 apply
   /usr/local/lib/python3.12/dist-packages/vllm/model_executor/model_loader/default_loader.py:333 get_all_weights
   /usr/local/lib/python3.12/dist-packages/vllm/model_executor/model_loader/default_loader.py:319 <genexpr>
   /usr/local/lib/python3.12/dist-packages/vllm/model_executor/model_loader/weight_utils.py:973 safetensors_weights_iterator
=== 17:23:51 anon 1.9 file 3.8 shmem 4.7 GiB
   /usr/local/lib/python3.12/dist-packages/vllm/v1/executor/multiproc_executor.py:911 worker_main
   /usr/local/lib/python3.12/dist-packages/vllm/tracing/otel.py:178 sync_wrapper
   /usr/local/lib/python3.12/dist-packages/vllm/v1/executor/multiproc_executor.py:680 __init__
   /usr/local/lib/python3.12/dist-packages/vllm/v1/worker/gpu_worker.py:502 load_model
   /usr/local/lib/python3.12/dist-packages/vllm/v1/worker/gpu/model_runner.py:387 load_model
   /usr/local/lib/python3.12/dist-packages/vllm/tracing/otel.py:178 sync_wrapper
   /usr/local/lib/python3.12/dist-packages/vllm/model_executor/model_loader/base_loader.py:65 load_model
   /usr/local/lib/python3.12/dist-packages/vllm/tracing/otel.py:178 sync_wrapper
   /usr/local/lib/python3.12/dist-packages/vllm/model_executor/model_loader/default_loader.py:427 load_weights
   /usr/local/lib/python3.12/dist-packages/vllm/models/deepseek_v4_1/nvidia/vl_model.py:344 load_weights
   /usr/local/lib/python3.12/dist-packages/vllm/model_executor/models/utils.py:140 apply
   /usr/local/lib/python3.12/dist-packages/vllm/model_executor/model_loader/default_loader.py:333 get_all_weights
   /usr/local/lib/python3.12/dist-packages/vllm/model_executor/model_loader/default_loader.py:319 <genexpr>
   /usr/local/lib/python3.12/dist-packages/vllm/model_executor/model_loader/weight_utils.py:973 safetensors_weights_iterator
=== 17:23:56 anon 1.9 file 4.1 shmem 4.7 GiB
   /usr/local/lib/python3.12/dist-packages/vllm/tracing/otel.py:178 sync_wrapper
   /usr/local/lib/python3.12/dist-packages/vllm/model_executor/model_loader/default_loader.py:427 load_weights
   /usr/local/lib/python3.12/dist-packages/vllm/models/deepseek_v4_1/nvidia/vl_model.py:346 load_weights
   /usr/local/lib/python3.12/dist-packages/vllm/model_executor/model_loader/reload/torchao_decorator.py:50 patched_model_load_weights
   /usr/local/lib/python3.12/dist-packages/vllm/model_executor/models/utils.py:444 load_weights
   /usr/local/lib/python3.12/dist-packages/vllm/model_executor/models/utils.py:382 _load_module
   /usr/local/lib/python3.12/dist-packages/vllm/model_executor/models/utils.py:359 _load_module
   /usr/local/lib/python3.12/dist-packages/vllm/models/deepseek_v4_1/nvidia/model.py:1102 load_weights
   /usr/local/lib/python3.12/dist-packages/vllm/model_executor/model_loader/reload/torchao_decorator.py:50 patched_model_load_weights
   /usr/local/lib/python3.12/dist-packages/vllm/model_executor/models/utils.py:444 load_weights
   /usr/local/lib/python3.12/dist-packages/vllm/model_executor/models/utils.py:382 _load_module
   /usr/local/lib/python3.12/dist-packages/vllm/model_executor/models/utils.py:391 _load_module
   /usr/local/lib/python3.12/dist-packages/vllm/model_executor/models/utils.py:309 _load_param
   /usr/local/lib/python3.12/dist-packages/vllm/model_executor/layers/vocab_parallel_embedding.py:503 weight_loader
=== 17:24:01 anon 3.2 file 6.3 shmem 4.7 GiB
   /usr/local/lib/python3.12/dist-packages/vllm/model_executor/model_loader/default_loader.py:427 load_weights
   /usr/local/lib/python3.12/dist-packages/vllm/models/deepseek_v4_1/nvidia/vl_model.py:346 load_weights
   /usr/local/lib/python3.12/dist-packages/vllm/model_executor/model_loader/reload/torchao_decorator.py:50 patched_model_load_weights
   /usr/local/lib/python3.12/dist-packages/vllm/model_executor/models/utils.py:444 load_weights
   /usr/local/lib/python3.12/dist-packages/vllm/model_executor/models/utils.py:382 _load_module
   /usr/local/lib/python3.12/dist-packages/vllm/model_executor/models/utils.py:359 _load_module
   /usr/local/lib/python3.12/dist-packages/vllm/models/deepseek_v4_1/nvidia/model.py:1102 load_weights
   /usr/local/lib/python3.12/dist-packages/vllm/model_executor/model_loader/reload/torchao_decorator.py:50 patched_model_load_weights
   /usr/local/lib/python3.12/dist-packages/vllm/model_executor/models/utils.py:444 load_weights
   /usr/local/lib/python3.12/dist-packages/vllm/model_executor/models/utils.py:382 _load_module
   /usr/local/lib/python3.12/dist-packages/vllm/model_executor/models/utils.py:359 _load_module
   /usr/local/lib/python3.12/dist-packages/vllm/models/deepseek_v4_1/nvidia/model.py:769 load_weights
   /usr/local/lib/python3.12/dist-packages/cuda_exl3/moe.py:83 _exl3_moe_weight_loader
   /usr/local/lib/python3.12/dist-packages/cuda_exl3/moe.py:366 _place
=== 17:24:06 anon 3.8 file 8.5 shmem 4.7 GiB
   /usr/local/lib/python3.12/dist-packages/vllm/tracing/otel.py:178 sync_wrapper
   /usr/local/lib/python3.12/dist-packages/vllm/model_executor/model_loader/default_loader.py:427 load_weights
   /usr/local/lib/python3.12/dist-packages/vllm/models/deepseek_v4_1/nvidia/vl_model.py:346 load_weights
   /usr/local/lib/python3.12/dist-packages/vllm/model_executor/model_loader/reload/torchao_decorator.py:50 patched_model_load_weights
   /usr/local/lib/python3.12/dist-packages/vllm/model_executor/models/utils.py:444 load_weights
   /usr/local/lib/python3.12/dist-packages/vllm/model_executor/models/utils.py:382 _load_module
   /usr/local/lib/python3.12/dist-packages/vllm/model_executor/models/utils.py:359 _load_module
   /usr/local/lib/python3.12/dist-packages/vllm/models/deepseek_v4_1/nvidia/model.py:1102 load_weights
   /usr/local/lib/python3.12/dist-packages/vllm/model_executor/model_loader/reload/torchao_decorator.py:50 patched_model_load_weights
   /usr/local/lib/python3.12/dist-packages/vllm/model_executor/models/utils.py:444 load_weights
   /usr/local/lib/python3.12/dist-packages/vllm/model_executor/models/utils.py:382 _load_module
   /usr/local/lib/python3.12/dist-packages/vllm/model_executor/models/utils.py:359 _load_module
   /usr/local/lib/python3.12/dist-packages/vllm/models/deepseek_v4_1/nvidia/model.py:804 load_weights
   /usr/local/lib/python3.12/dist-packages/vllm/model_executor/layers/linear.py:400 weight_loader
=== 17:24:11 anon 4.3 file 10.9 shmem 4.7 GiB
   /usr/local/lib/python3.12/dist-packages/vllm/model_executor/model_loader/default_loader.py:427 load_weights
   /usr/local/lib/python3.12/dist-packages/vllm/models/deepseek_v4_1/nvidia/vl_model.py:346 load_weights
   /usr/local/lib/python3.12/dist-packages/vllm/model_executor/model_loader/reload/torchao_decorator.py:50 patched_model_load_weights
   /usr/local/lib/python3.12/dist-packages/vllm/model_executor/models/utils.py:444 load_weights
   /usr/local/lib/python3.12/dist-packages/vllm/model_executor/models/utils.py:382 _load_module
   /usr/local/lib/python3.12/dist-packages/vllm/model_executor/models/utils.py:359 _load_module
   /usr/local/lib/python3.12/dist-packages/vllm/models/deepseek_v4_1/nvidia/model.py:1102 load_weights
   /usr/local/lib/python3.12/dist-packages/vllm/model_executor/model_loader/reload/torchao_decorator.py:50 patched_model_load_weights
   /usr/local/lib/python3.12/dist-packages/vllm/model_executor/models/utils.py:444 load_weights
   /usr/local/lib/python3.12/dist-packages/vllm/model_executor/models/utils.py:382 _load_module
   /usr/local/lib/python3.12/dist-packages/vllm/model_executor/models/utils.py:359 _load_module
   /usr/local/lib/python3.12/dist-packages/vllm/models/deepseek_v4_1/nvidia/model.py:769 load_weights
   /usr/local/lib/python3.12/dist-packages/cuda_exl3/moe.py:83 _exl3_moe_weight_loader
   /usr/local/lib/python3.12/dist-packages/cuda_exl3/moe.py:366 _place
=== 17:24:16 anon 4.7 file 12.8 shmem 4.7 GiB
   /usr/local/lib/python3.12/dist-packages/vllm/model_executor/model_loader/default_loader.py:427 load_weights
   /usr/local/lib/python3.12/dist-packages/vllm/models/deepseek_v4_1/nvidia/vl_model.py:346 load_weights
   /usr/local/lib/python3.12/dist-packages/vllm/model_executor/model_loader/reload/torchao_decorator.py:50 patched_model_load_weights
   /usr/local/lib/python3.12/dist-packages/vllm/model_executor/models/utils.py:444 load_weights
   /usr/local/lib/python3.12/dist-packages/vllm/model_executor/models/utils.py:382 _load_module
   /usr/local/lib/python3.12/dist-packages/vllm/model_executor/models/utils.py:359 _load_module
   /usr/local/lib/python3.12/dist-packages/vllm/models/deepseek_v4_1/nvidia/model.py:1102 load_weights
   /usr/local/lib/python3.12/dist-packages/vllm/model_executor/model_loader/reload/torchao_decorator.py:50 patched_model_load_weights
   /usr/local/lib/python3.12/dist-packages/vllm/model_executor/models/utils.py:444 load_weights
   /usr/local/lib/python3.12/dist-packages/vllm/model_executor/models/utils.py:382 _load_module
   /usr/local/lib/python3.12/dist-packages/vllm/model_executor/models/utils.py:359 _load_module
   /usr/local/lib/python3.12/dist-packages/vllm/models/deepseek_v4_1/nvidia/model.py:769 load_weights
   /usr/local/lib/python3.12/dist-packages/cuda_exl3/moe.py:83 _exl3_moe_weight_loader
   /usr/local/lib/python3.12/dist-packages/cuda_exl3/moe.py:347 _place
=== 17:24:21 anon 5.2 file 15.5 shmem 4.7 GiB
   /usr/local/lib/python3.12/dist-packages/vllm/model_executor/model_loader/default_loader.py:427 load_weights
   /usr/local/lib/python3.12/dist-packages/vllm/models/deepseek_v4_1/nvidia/vl_model.py:346 load_weights
   /usr/local/lib/python3.12/dist-packages/vllm/model_executor/model_loader/reload/torchao_decorator.py:50 patched_model_load_weights
   /usr/local/lib/python3.12/dist-packages/vllm/model_executor/models/utils.py:444 load_weights
   /usr/local/lib/python3.12/dist-packages/vllm/model_executor/models/utils.py:382 _load_module
   /usr/local/lib/python3.12/dist-packages/vllm/model_executor/models/utils.py:359 _load_module
   /usr/local/lib/python3.12/dist-packages/vllm/models/deepseek_v4_1/nvidia/model.py:1102 load_weights
   /usr/local/lib/python3.12/dist-packages/vllm/model_executor/model_loader/reload/torchao_decorator.py:50 patched_model_load_weights
   /usr/local/lib/python3.12/dist-packages/vllm/model_executor/models/utils.py:444 load_weights
   /usr/local/lib/python3.12/dist-packages/vllm/model_executor/models/utils.py:382 _load_module
   /usr/local/lib/python3.12/dist-packages/vllm/model_executor/models/utils.py:359 _load_module
   /usr/local/lib/python3.12/dist-packages/vllm/models/deepseek_v4_1/nvidia/model.py:769 load_weights
   /usr/local/lib/python3.12/dist-packages/cuda_exl3/moe.py:83 _exl3_moe_weight_loader
   /usr/local/lib/python3.12/dist-packages/cuda_exl3/moe.py:366 _place
=== 17:24:26 anon 5.7 file 18.0 shmem 4.7 GiB
   /usr/local/lib/python3.12/dist-packages/vllm/model_executor/model_loader/default_loader.py:427 load_weights
   /usr/local/lib/python3.12/dist-packages/vllm/models/deepseek_v4_1/nvidia/vl_model.py:346 load_weights
   /usr/local/lib/python3.12/dist-packages/vllm/model_executor/model_loader/reload/torchao_decorator.py:50 patched_model_load_weights
   /usr/local/lib/python3.12/dist-packages/vllm/model_executor/models/utils.py:444 load_weights
   /usr/local/lib/python3.12/dist-packages/vllm/model_executor/models/utils.py:382 _load_module
   /usr/local/lib/python3.12/dist-packages/vllm/model_executor/models/utils.py:359 _load_module
   /usr/local/lib/python3.12/dist-packages/vllm/models/deepseek_v4_1/nvidia/model.py:1102 load_weights
   /usr/local/lib/python3.12/dist-packages/vllm/model_executor/model_loader/reload/torchao_decorator.py:50 patched_model_load_weights
   /usr/local/lib/python3.12/dist-packages/vllm/model_executor/models/utils.py:444 load_weights
   /usr/local/lib/python3.12/dist-packages/vllm/model_executor/models/utils.py:382 _load_module
   /usr/local/lib/python3.12/dist-packages/vllm/model_executor/models/utils.py:359 _load_module
   /usr/local/lib/python3.12/dist-packages/vllm/models/deepseek_v4_1/nvidia/model.py:769 load_weights
   /usr/local/lib/python3.12/dist-packages/cuda_exl3/moe.py:83 _exl3_moe_weight_loader
   /usr/local/lib/python3.12/dist-packages/cuda_exl3/moe.py:366 _place
=== 17:24:31 anon 6.2 file 16.8 shmem 4.7 GiB
   /usr/local/lib/python3.12/dist-packages/vllm/model_executor/model_loader/default_loader.py:427 load_weights
   /usr/local/lib/python3.12/dist-packages/vllm/models/deepseek_v4_1/nvidia/vl_model.py:346 load_weights
   /usr/local/lib/python3.12/dist-packages/vllm/model_executor/model_loader/reload/torchao_decorator.py:50 patched_model_load_weights
   /usr/local/lib/python3.12/dist-packages/vllm/model_executor/models/utils.py:444 load_weights
   /usr/local/lib/python3.12/dist-packages/vllm/model_executor/models/utils.py:382 _load_module
   /usr/local/lib/python3.12/dist-packages/vllm/model_executor/models/utils.py:359 _load_module
   /usr/local/lib/python3.12/dist-packages/vllm/models/deepseek_v4_1/nvidia/model.py:1102 load_weights
   /usr/local/lib/python3.12/dist-packages/vllm/model_executor/model_loader/reload/torchao_decorator.py:50 patched_model_load_weights
   /usr/local/lib/python3.12/dist-packages/vllm/model_executor/models/utils.py:444 load_weights
   /usr/local/lib/python3.12/dist-packages/vllm/model_executor/models/utils.py:382 _load_module
   /usr/local/lib/python3.12/dist-packages/vllm/model_executor/models/utils.py:359 _load_module
   /usr/local/lib/python3.12/dist-packages/vllm/models/deepseek_v4_1/nvidia/model.py:769 load_weights
   /usr/local/lib/python3.12/dist-packages/cuda_exl3/moe.py:83 _exl3_moe_weight_loader
   /usr/local/lib/python3.12/dist-packages/cuda_exl3/moe.py:366 _place
=== 17:24:36 anon 6.6 file 17.7 shmem 4.7 GiB
   /usr/local/lib/python3.12/dist-packages/vllm/model_executor/model_loader/default_loader.py:427 load_weights
   /usr/local/lib/python3.12/dist-packages/vllm/models/deepseek_v4_1/nvidia/vl_model.py:346 load_weights
   /usr/local/lib/python3.12/dist-packages/vllm/model_executor/model_loader/reload/torchao_decorator.py:50 patched_model_load_weights
   /usr/local/lib/python3.12/dist-packages/vllm/model_executor/models/utils.py:444 load_weights
   /usr/local/lib/python3.12/dist-packages/vllm/model_executor/models/utils.py:382 _load_module
   /usr/local/lib/python3.12/dist-packages/vllm/model_executor/models/utils.py:359 _load_module
   /usr/local/lib/python3.12/dist-packages/vllm/models/deepseek_v4_1/nvidia/model.py:1102 load_weights
   /usr/local/lib/python3.12/dist-packages/vllm/model_executor/model_loader/reload/torchao_decorator.py:50 patched_model_load_weights
   /usr/local/lib/python3.12/dist-packages/vllm/model_executor/models/utils.py:444 load_weights
   /usr/local/lib/python3.12/dist-packages/vllm/model_executor/models/utils.py:382 _load_module
   /usr/local/lib/python3.12/dist-packages/vllm/model_executor/models/utils.py:359 _load_module
   /usr/local/lib/python3.12/dist-packages/vllm/models/deepseek_v4_1/nvidia/model.py:769 load_weights
   /usr/local/lib/python3.12/dist-packages/cuda_exl3/moe.py:83 _exl3_moe_weight_loader
   /usr/local/lib/python3.12/dist-packages/cuda_exl3/moe.py:366 _place
=== 17:24:41 anon 7.0 file 17.3 shmem 4.7 GiB
   /usr/local/lib/python3.12/dist-packages/vllm/model_executor/model_loader/default_loader.py:427 load_weights
   /usr/local/lib/python3.12/dist-packages/vllm/models/deepseek_v4_1/nvidia/vl_model.py:346 load_weights
   /usr/local/lib/python3.12/dist-packages/vllm/model_executor/model_loader/reload/torchao_decorator.py:50 patched_model_load_weights
   /usr/local/lib/python3.12/dist-packages/vllm/model_executor/models/utils.py:444 load_weights
   /usr/local/lib/python3.12/dist-packages/vllm/model_executor/models/utils.py:382 _load_module
   /usr/local/lib/python3.12/dist-packages/vllm/model_executor/models/utils.py:359 _load_module
   /usr/local/lib/python3.12/dist-packages/vllm/models/deepseek_v4_1/nvidia/model.py:1102 load_weights
   /usr/local/lib/python3.12/dist-packages/vllm/model_executor/model_loader/reload/torchao_decorator.py:50 patched_model_load_weights
   /usr/local/lib/python3.12/dist-packages/vllm/model_executor/models/utils.py:444 load_weights
   /usr/local/lib/python3.12/dist-packages/vllm/model_executor/models/utils.py:382 _load_module
   /usr/local/lib/python3.12/dist-packages/vllm/model_executor/models/utils.py:359 _load_module
   /usr/local/lib/python3.12/dist-packages/vllm/models/deepseek_v4_1/nvidia/model.py:769 load_weights
   /usr/local/lib/python3.12/dist-packages/cuda_exl3/moe.py:83 _exl3_moe_weight_loader
   /usr/local/lib/python3.12/dist-packages/cuda_exl3/moe.py:366 _place
=== 17:24:46 anon 7.5 file 16.9 shmem 4.7 GiB
   /usr/local/lib/python3.12/dist-packages/vllm/model_executor/model_loader/default_loader.py:427 load_weights
   /usr/local/lib/python3.12/dist-packages/vllm/models/deepseek_v4_1/nvidia/vl_model.py:346 load_weights
   /usr/local/lib/python3.12/dist-packages/vllm/model_executor/model_loader/reload/torchao_decorator.py:50 patched_model_load_weights
   /usr/local/lib/python3.12/dist-packages/vllm/model_executor/models/utils.py:444 load_weights
   /usr/local/lib/python3.12/dist-packages/vllm/model_executor/models/utils.py:382 _load_module
   /usr/local/lib/python3.12/dist-packages/vllm/model_executor/models/utils.py:359 _load_module
   /usr/local/lib/python3.12/dist-packages/vllm/models/deepseek_v4_1/nvidia/model.py:1102 load_weights
   /usr/local/lib/python3.12/dist-packages/vllm/model_executor/model_loader/reload/torchao_decorator.py:50 patched_model_load_weights
   /usr/local/lib/python3.12/dist-packages/vllm/model_executor/models/utils.py:444 load_weights
   /usr/local/lib/python3.12/dist-packages/vllm/model_executor/models/utils.py:382 _load_module
   /usr/local/lib/python3.12/dist-packages/vllm/model_executor/models/utils.py:359 _load_module
   /usr/local/lib/python3.12/dist-packages/vllm/models/deepseek_v4_1/nvidia/model.py:769 load_weights
   /usr/local/lib/python3.12/dist-packages/cuda_exl3/moe.py:83 _exl3_moe_weight_loader
   /usr/local/lib/python3.12/dist-packages/cuda_exl3/moe.py:366 _place
=== 17:24:51 anon 7.9 file 16.5 shmem 4.7 GiB
   /usr/local/lib/python3.12/dist-packages/vllm/model_executor/model_loader/default_loader.py:427 load_weights
   /usr/local/lib/python3.12/dist-packages/vllm/models/deepseek_v4_1/nvidia/vl_model.py:346 load_weights
   /usr/local/lib/python3.12/dist-packages/vllm/model_executor/model_loader/reload/torchao_decorator.py:50 patched_model_load_weights
   /usr/local/lib/python3.12/dist-packages/vllm/model_executor/models/utils.py:444 load_weights
   /usr/local/lib/python3.12/dist-packages/vllm/model_executor/models/utils.py:382 _load_module
   /usr/local/lib/python3.12/dist-packages/vllm/model_executor/models/utils.py:359 _load_module
   /usr/local/lib/python3.12/dist-packages/vllm/models/deepseek_v4_1/nvidia/model.py:1102 load_weights
   /usr/local/lib/python3.12/dist-packages/vllm/model_executor/model_loader/reload/torchao_decorator.py:50 patched_model_load_weights
   /usr/local/lib/python3.12/dist-packages/vllm/model_executor/models/utils.py:444 load_weights
   /usr/local/lib/python3.12/dist-packages/vllm/model_executor/models/utils.py:382 _load_module
   /usr/local/lib/python3.12/dist-packages/vllm/model_executor/models/utils.py:359 _load_module
   /usr/local/lib/python3.12/dist-packages/vllm/models/deepseek_v4_1/nvidia/model.py:769 load_weights
   /usr/local/lib/python3.12/dist-packages/cuda_exl3/moe.py:83 _exl3_moe_weight_loader
   /usr/local/lib/python3.12/dist-packages/cuda_exl3/moe.py:378 _place
=== 17:24:56 anon 8.3 file 15.9 shmem 4.7 GiB
   /usr/local/lib/python3.12/dist-packages/vllm/model_executor/model_loader/default_loader.py:427 load_weights
   /usr/local/lib/python3.12/dist-packages/vllm/models/deepseek_v4_1/nvidia/vl_model.py:346 load_weights
   /usr/local/lib/python3.12/dist-packages/vllm/model_executor/model_loader/reload/torchao_decorator.py:50 patched_model_load_weights
   /usr/local/lib/python3.12/dist-packages/vllm/model_executor/models/utils.py:444 load_weights
   /usr/local/lib/python3.12/dist-packages/vllm/model_executor/models/utils.py:382 _load_module
   /usr/local/lib/python3.12/dist-packages/vllm/model_executor/models/utils.py:359 _load_module
   /usr/local/lib/python3.12/dist-packages/vllm/models/deepseek_v4_1/nvidia/model.py:1102 load_weights
   /usr/local/lib/python3.12/dist-packages/vllm/model_executor/model_loader/reload/torchao_decorator.py:50 patched_model_load_weights
   /usr/local/lib/python3.12/dist-packages/vllm/model_executor/models/utils.py:444 load_weights
   /usr/local/lib/python3.12/dist-packages/vllm/model_executor/models/utils.py:382 _load_module
   /usr/local/lib/python3.12/dist-packages/vllm/model_executor/models/utils.py:359 _load_module
   /usr/local/lib/python3.12/dist-packages/vllm/models/deepseek_v4_1/nvidia/model.py:769 load_weights
   /usr/local/lib/python3.12/dist-packages/cuda_exl3/moe.py:83 _exl3_moe_weight_loader
   /usr/local/lib/python3.12/dist-packages/cuda_exl3/moe.py:366 _place
=== 17:25:01 anon 8.7 file 15.6 shmem 4.7 GiB
   /usr/local/lib/python3.12/dist-packages/vllm/model_executor/model_loader/default_loader.py:427 load_weights
   /usr/local/lib/python3.12/dist-packages/vllm/models/deepseek_v4_1/nvidia/vl_model.py:346 load_weights
   /usr/local/lib/python3.12/dist-packages/vllm/model_executor/model_loader/reload/torchao_decorator.py:50 patched_model_load_weights
   /usr/local/lib/python3.12/dist-packages/vllm/model_executor/models/utils.py:444 load_weights
   /usr/local/lib/python3.12/dist-packages/vllm/model_executor/models/utils.py:382 _load_module
   /usr/local/lib/python3.12/dist-packages/vllm/model_executor/models/utils.py:359 _load_module
   /usr/local/lib/python3.12/dist-packages/vllm/models/deepseek_v4_1/nvidia/model.py:1102 load_weights
   /usr/local/lib/python3.12/dist-packages/vllm/model_executor/model_loader/reload/torchao_decorator.py:50 patched_model_load_weights
   /usr/local/lib/python3.12/dist-packages/vllm/model_executor/models/utils.py:444 load_weights
   /usr/local/lib/python3.12/dist-packages/vllm/model_executor/models/utils.py:382 _load_module
   /usr/local/lib/python3.12/dist-packages/vllm/model_executor/models/utils.py:359 _load_module
   /usr/local/lib/python3.12/dist-packages/vllm/models/deepseek_v4_1/nvidia/model.py:769 load_weights
   /usr/local/lib/python3.12/dist-packages/cuda_exl3/moe.py:83 _exl3_moe_weight_loader
   /usr/local/lib/python3.12/dist-packages/cuda_exl3/moe.py:347 _place
=== 17:25:06 anon 9.1 file 15.7 shmem 4.7 GiB
   /usr/local/lib/python3.12/dist-packages/vllm/model_executor/model_loader/default_loader.py:427 load_weights
   /usr/local/lib/python3.12/dist-packages/vllm/models/deepseek_v4_1/nvidia/vl_model.py:346 load_weights
   /usr/local/lib/python3.12/dist-packages/vllm/model_executor/model_loader/reload/torchao_decorator.py:50 patched_model_load_weights
   /usr/local/lib/python3.12/dist-packages/vllm/model_executor/models/utils.py:444 load_weights
   /usr/local/lib/python3.12/dist-packages/vllm/model_executor/models/utils.py:382 _load_module
   /usr/local/lib/python3.12/dist-packages/vllm/model_executor/models/utils.py:359 _load_module
   /usr/local/lib/python3.12/dist-packages/vllm/models/deepseek_v4_1/nvidia/model.py:1102 load_weights
   /usr/local/lib/python3.12/dist-packages/vllm/model_executor/model_loader/reload/torchao_decorator.py:50 patched_model_load_weights
   /usr/local/lib/python3.12/dist-packages/vllm/model_executor/models/utils.py:444 load_weights
   /usr/local/lib/python3.12/dist-packages/vllm/model_executor/models/utils.py:382 _load_module
   /usr/local/lib/python3.12/dist-packages/vllm/model_executor/models/utils.py:359 _load_module
   /usr/local/lib/python3.12/dist-packages/vllm/models/deepseek_v4_1/nvidia/model.py:769 load_weights
   /usr/local/lib/python3.12/dist-packages/cuda_exl3/moe.py:83 _exl3_moe_weight_loader
   /usr/local/lib/python3.12/dist-packages/cuda_exl3/moe.py:347 _place
=== 17:25:11 anon 9.4 file 15.5 shmem 4.7 GiB
   /usr/local/lib/python3.12/dist-packages/vllm/model_executor/model_loader/default_loader.py:427 load_weights
   /usr/local/lib/python3.12/dist-packages/vllm/models/deepseek_v4_1/nvidia/vl_model.py:346 load_weights
   /usr/local/lib/python3.12/dist-packages/vllm/model_executor/model_loader/reload/torchao_decorator.py:50 patched_model_load_weights
   /usr/local/lib/python3.12/dist-packages/vllm/model_executor/models/utils.py:444 load_weights
   /usr/local/lib/python3.12/dist-packages/vllm/model_executor/models/utils.py:382 _load_module
   /usr/local/lib/python3.12/dist-packages/vllm/model_executor/models/utils.py:359 _load_module
   /usr/local/lib/python3.12/dist-packages/vllm/models/deepseek_v4_1/nvidia/model.py:1102 load_weights
   /usr/local/lib/python3.12/dist-packages/vllm/model_executor/model_loader/reload/torchao_decorator.py:50 patched_model_load_weights
   /usr/local/lib/python3.12/dist-packages/vllm/model_executor/models/utils.py:444 load_weights
   /usr/local/lib/python3.12/dist-packages/vllm/model_executor/models/utils.py:382 _load_module
   /usr/local/lib/python3.12/dist-packages/vllm/model_executor/models/utils.py:359 _load_module
   /usr/local/lib/python3.12/dist-packages/vllm/models/deepseek_v4_1/nvidia/model.py:769 load_weights
   /usr/local/lib/python3.12/dist-packages/cuda_exl3/moe.py:83 _exl3_moe_weight_loader
   /usr/local/lib/python3.12/dist-packages/cuda_exl3/moe.py:378 _place
=== 17:25:16 anon 9.9 file 15.2 shmem 4.7 GiB
   /usr/local/lib/python3.12/dist-packages/vllm/model_executor/model_loader/default_loader.py:427 load_weights
   /usr/local/lib/python3.12/dist-packages/vllm/models/deepseek_v4_1/nvidia/vl_model.py:346 load_weights
   /usr/local/lib/python3.12/dist-packages/vllm/model_executor/model_loader/reload/torchao_decorator.py:50 patched_model_load_weights
   /usr/local/lib/python3.12/dist-packages/vllm/model_executor/models/utils.py:444 load_weights
   /usr/local/lib/python3.12/dist-packages/vllm/model_executor/models/utils.py:382 _load_module
   /usr/local/lib/python3.12/dist-packages/vllm/model_executor/models/utils.py:359 _load_module
   /usr/local/lib/python3.12/dist-packages/vllm/models/deepseek_v4_1/nvidia/model.py:1102 load_weights
   /usr/local/lib/python3.12/dist-packages/vllm/model_executor/model_loader/reload/torchao_decorator.py:50 patched_model_load_weights
   /usr/local/lib/python3.12/dist-packages/vllm/model_executor/models/utils.py:444 load_weights
   /usr/local/lib/python3.12/dist-packages/vllm/model_executor/models/utils.py:382 _load_module
   /usr/local/lib/python3.12/dist-packages/vllm/model_executor/models/utils.py:359 _load_module
   /usr/local/lib/python3.12/dist-packages/vllm/models/deepseek_v4_1/nvidia/model.py:769 load_weights
   /usr/local/lib/python3.12/dist-packages/cuda_exl3/moe.py:83 _exl3_moe_weight_loader
   /usr/local/lib/python3.12/dist-packages/cuda_exl3/moe.py:366 _place
=== 17:25:21 anon 10.3 file 14.9 shmem 4.7 GiB
   /usr/local/lib/python3.12/dist-packages/vllm/model_executor/model_loader/default_loader.py:427 load_weights
   /usr/local/lib/python3.12/dist-packages/vllm/models/deepseek_v4_1/nvidia/vl_model.py:346 load_weights
   /usr/local/lib/python3.12/dist-packages/vllm/model_executor/model_loader/reload/torchao_decorator.py:50 patched_model_load_weights
   /usr/local/lib/python3.12/dist-packages/vllm/model_executor/models/utils.py:444 load_weights
   /usr/local/lib/python3.12/dist-packages/vllm/model_executor/models/utils.py:382 _load_module
   /usr/local/lib/python3.12/dist-packages/vllm/model_executor/models/utils.py:359 _load_module
   /usr/local/lib/python3.12/dist-packages/vllm/models/deepseek_v4_1/nvidia/model.py:1102 load_weights
   /usr/local/lib/python3.12/dist-packages/vllm/model_executor/model_loader/reload/torchao_decorator.py:50 patched_model_load_weights
   /usr/local/lib/python3.12/dist-packages/vllm/model_executor/models/utils.py:444 load_weights
   /usr/local/lib/python3.12/dist-packages/vllm/model_executor/models/utils.py:382 _load_module
   /usr/local/lib/python3.12/dist-packages/vllm/model_executor/models/utils.py:359 _load_module
   /usr/local/lib/python3.12/dist-packages/vllm/models/deepseek_v4_1/nvidia/model.py:769 load_weights
   /usr/local/lib/python3.12/dist-packages/cuda_exl3/moe.py:83 _exl3_moe_weight_loader
   /usr/local/lib/python3.12/dist-packages/cuda_exl3/moe.py:378 _place
=== 17:25:26 anon 10.6 file 14.8 shmem 4.7 GiB
   /usr/local/lib/python3.12/dist-packages/vllm/model_executor/model_loader/default_loader.py:427 load_weights
   /usr/local/lib/python3.12/dist-packages/vllm/models/deepseek_v4_1/nvidia/vl_model.py:346 load_weights
   /usr/local/lib/python3.12/dist-packages/vllm/model_executor/model_loader/reload/torchao_decorator.py:50 patched_model_load_weights
   /usr/local/lib/python3.12/dist-packages/vllm/model_executor/models/utils.py:444 load_weights
   /usr/local/lib/python3.12/dist-packages/vllm/model_executor/models/utils.py:382 _load_module
   /usr/local/lib/python3.12/dist-packages/vllm/model_executor/models/utils.py:359 _load_module
   /usr/local/lib/python3.12/dist-packages/vllm/models/deepseek_v4_1/nvidia/model.py:1102 load_weights
   /usr/local/lib/python3.12/dist-packages/vllm/model_executor/model_loader/reload/torchao_decorator.py:50 patched_model_load_weights
   /usr/local/lib/python3.12/dist-packages/vllm/model_executor/models/utils.py:444 load_weights
   /usr/local/lib/python3.12/dist-packages/vllm/model_executor/models/utils.py:382 _load_module
   /usr/local/lib/python3.12/dist-packages/vllm/model_executor/models/utils.py:359 _load_module
   /usr/local/lib/python3.12/dist-packages/vllm/models/deepseek_v4_1/nvidia/model.py:769 load_weights
   /usr/local/lib/python3.12/dist-packages/cuda_exl3/moe.py:83 _exl3_moe_weight_loader
   /usr/local/lib/python3.12/dist-packages/cuda_exl3/moe.py:347 _place
=== 17:25:31 anon 11.0 file 14.6 shmem 4.7 GiB
   /usr/local/lib/python3.12/dist-packages/vllm/model_executor/model_loader/default_loader.py:427 load_weights
   /usr/local/lib/python3.12/dist-packages/vllm/models/deepseek_v4_1/nvidia/vl_model.py:346 load_weights
   /usr/local/lib/python3.12/dist-packages/vllm/model_executor/model_loader/reload/torchao_decorator.py:50 patched_model_load_weights
   /usr/local/lib/python3.12/dist-packages/vllm/model_executor/models/utils.py:444 load_weights
   /usr/local/lib/python3.12/dist-packages/vllm/model_executor/models/utils.py:382 _load_module
   /usr/local/lib/python3.12/dist-packages/vllm/model_executor/models/utils.py:359 _load_module
   /usr/local/lib/python3.12/dist-packages/vllm/models/deepseek_v4_1/nvidia/model.py:1102 load_weights
   /usr/local/lib/python3.12/dist-packages/vllm/model_executor/model_loader/reload/torchao_decorator.py:50 patched_model_load_weights
   /usr/local/lib/python3.12/dist-packages/vllm/model_executor/models/utils.py:444 load_weights
   /usr/local/lib/python3.12/dist-packages/vllm/model_executor/models/utils.py:382 _load_module
   /usr/local/lib/python3.12/dist-packages/vllm/model_executor/models/utils.py:359 _load_module
   /usr/local/lib/python3.12/dist-packages/vllm/models/deepseek_v4_1/nvidia/model.py:769 load_weights
   /usr/local/lib/python3.12/dist-packages/cuda_exl3/moe.py:83 _exl3_moe_weight_loader
   /usr/local/lib/python3.12/dist-packages/cuda_exl3/moe.py:347 _place
=== 17:31:56 anon 1.5 file 0.6 shmem 4.7 GiB
   /usr/local/lib/python3.12/dist-packages/vllm/models/deepseek_v4_1/nvidia/model.py:451 __init__
   /usr/local/lib/python3.12/dist-packages/vllm/model_executor/models/utils.py:864 make_layers
   /usr/local/lib/python3.12/dist-packages/vllm/model_executor/offloader/base.py:119 wrap_modules
   /usr/local/lib/python3.12/dist-packages/vllm/model_executor/models/utils.py:865 <genexpr>
   /usr/local/lib/python3.12/dist-packages/vllm/models/deepseek_v4_1/nvidia/model.py:453 <lambda>
   /usr/local/lib/python3.12/dist-packages/vllm/models/deepseek_v4_1/nvidia/model.py:193 __init__
   /usr/local/lib/python3.12/dist-packages/vllm/models/deepseek_v4_1/nvidia/flashinfer_sparse.py:617 __init__
   /usr/local/lib/python3.12/dist-packages/vllm/models/deepseek_v4_1/attention.py:352 __init__
   /usr/local/lib/python3.12/dist-packages/vllm/models/deepseek_v4_1/common/rope.py:48 build_deepseek_v4_rope
   /usr/local/lib/python3.12/dist-packages/vllm/model_executor/layers/rotary_embedding/__init__.py:305 get_rope
   /usr/local/lib/python3.12/dist-packages/vllm/model_executor/layers/rotary_embedding/deepseek_scaling_rope.py:247 __init__
   /usr/local/lib/python3.12/dist-packages/vllm/model_executor/layers/rotary_embedding/deepseek_scaling_rope.py:251 _compute_cos_sin_cache
   /usr/local/lib/python3.12/dist-packages/vllm/model_executor/layers/rotary_embedding/deepseek_scaling_rope.py:80 _compute_inv_freq
   /usr/local/lib/python3.12/dist-packages/torch/utils/_device.py:122 __torch_function__
=== 17:32:01 anon 1.8 file 0.7 shmem 4.7 GiB
   /usr/local/lib/python3.12/dist-packages/vllm/tracing/otel.py:178 sync_wrapper
   /usr/local/lib/python3.12/dist-packages/vllm/v1/executor/multiproc_executor.py:680 __init__
   /usr/local/lib/python3.12/dist-packages/vllm/v1/worker/gpu_worker.py:502 load_model
   /usr/local/lib/python3.12/dist-packages/vllm/v1/worker/gpu/model_runner.py:387 load_model
   /usr/local/lib/python3.12/dist-packages/vllm/tracing/otel.py:178 sync_wrapper
   /usr/local/lib/python3.12/dist-packages/vllm/model_executor/model_loader/base_loader.py:55 load_model
   /usr/local/lib/python3.12/dist-packages/vllm/tracing/otel.py:178 sync_wrapper
   /usr/local/lib/python3.12/dist-packages/vllm/model_executor/model_loader/utils.py:59 initialize_model
   /usr/local/lib/python3.12/dist-packages/vllm/models/deepseek_v4_1/nvidia/vl_model.py:167 __init__
   /usr/local/lib/python3.12/dist-packages/vllm/models/deepseek_v4_1/nvidia/model.py:1011 __init__
   /usr/local/lib/python3.12/dist-packages/vllm/models/deepseek_v4_1/nvidia/model.py:480 __init__
   /usr/local/lib/python3.12/dist-packages/vllm/models/deepseek_v4_1/common/engram.py:429 __init__
   /usr/local/lib/python3.12/dist-packages/vllm/models/deepseek_v4_1/common/engram.py:172 compute_hash_multipliers
   /usr/local/lib/python3.12/dist-packages/torch/utils/_device.py:122 __torch_function__
=== 17:32:06 anon 2.9 file 3.9 shmem 4.7 GiB
   /usr/local/lib/python3.12/dist-packages/vllm/model_executor/model_loader/default_loader.py:427 load_weights
   /usr/local/lib/python3.12/dist-packages/vllm/models/deepseek_v4_1/nvidia/vl_model.py:360 load_weights
   /usr/local/lib/python3.12/dist-packages/vllm/model_executor/model_loader/reload/torchao_decorator.py:50 patched_model_load_weights
   /usr/local/lib/python3.12/dist-packages/vllm/model_executor/models/utils.py:444 load_weights
   /usr/local/lib/python3.12/dist-packages/vllm/model_executor/models/utils.py:382 _load_module
   /usr/local/lib/python3.12/dist-packages/vllm/model_executor/models/utils.py:359 _load_module
   /usr/local/lib/python3.12/dist-packages/vllm/models/deepseek_v4_1/nvidia/model.py:1102 load_weights
   /usr/local/lib/python3.12/dist-packages/vllm/model_executor/model_loader/reload/torchao_decorator.py:50 patched_model_load_weights
   /usr/local/lib/python3.12/dist-packages/vllm/model_executor/models/utils.py:444 load_weights
   /usr/local/lib/python3.12/dist-packages/vllm/model_executor/models/utils.py:382 _load_module
   /usr/local/lib/python3.12/dist-packages/vllm/model_executor/models/utils.py:359 _load_module
   /usr/local/lib/python3.12/dist-packages/vllm/models/deepseek_v4_1/nvidia/model.py:769 load_weights
   /usr/local/lib/python3.12/dist-packages/cuda_exl3/moe.py:83 _exl3_moe_weight_loader
   /usr/local/lib/python3.12/dist-packages/cuda_exl3/moe.py:366 _place
=== 17:32:11 anon 3.6 file 7.7 shmem 4.7 GiB
   /usr/local/lib/python3.12/dist-packages/vllm/model_executor/model_loader/default_loader.py:427 load_weights
   /usr/local/lib/python3.12/dist-packages/vllm/models/deepseek_v4_1/nvidia/vl_model.py:360 load_weights
   /usr/local/lib/python3.12/dist-packages/vllm/model_executor/model_loader/reload/torchao_decorator.py:50 patched_model_load_weights
   /usr/local/lib/python3.12/dist-packages/vllm/model_executor/models/utils.py:444 load_weights
   /usr/local/lib/python3.12/dist-packages/vllm/model_executor/models/utils.py:382 _load_module
   /usr/local/lib/python3.12/dist-packages/vllm/model_executor/models/utils.py:359 _load_module
   /usr/local/lib/python3.12/dist-packages/vllm/models/deepseek_v4_1/nvidia/model.py:1102 load_weights
   /usr/local/lib/python3.12/dist-packages/vllm/model_executor/model_loader/reload/torchao_decorator.py:50 patched_model_load_weights
   /usr/local/lib/python3.12/dist-packages/vllm/model_executor/models/utils.py:444 load_weights
   /usr/local/lib/python3.12/dist-packages/vllm/model_executor/models/utils.py:382 _load_module
   /usr/local/lib/python3.12/dist-packages/vllm/model_executor/models/utils.py:359 _load_module
   /usr/local/lib/python3.12/dist-packages/vllm/models/deepseek_v4_1/nvidia/model.py:769 load_weights
   /usr/local/lib/python3.12/dist-packages/cuda_exl3/moe.py:83 _exl3_moe_weight_loader
   /usr/local/lib/python3.12/dist-packages/cuda_exl3/moe.py:347 _place
=== 17:32:16 anon 3.5 file 6.8 shmem 4.7 GiB
   /usr/local/lib/python3.12/dist-packages/vllm/models/deepseek_v4_1/nvidia/model.py:715 load_weights
   /usr/local/lib/python3.12/dist-packages/vllm/model_executor/models/utils.py:261 <genexpr>
   /usr/local/lib/python3.12/dist-packages/vllm/model_executor/models/utils.py:251 <genexpr>
   /usr/local/lib/python3.12/dist-packages/vllm/model_executor/models/utils.py:451 _filter_skipped
   /usr/local/lib/python3.12/dist-packages/vllm/model_executor/models/utils.py:140 apply
   /usr/local/lib/python3.12/dist-packages/vllm/model_executor/models/utils.py:261 <genexpr>
   /usr/local/lib/python3.12/dist-packages/vllm/model_executor/models/utils.py:251 <genexpr>
   /usr/local/lib/python3.12/dist-packages/vllm/model_executor/models/utils.py:451 _filter_skipped
   /usr/local/lib/python3.12/dist-packages/vllm/model_executor/models/utils.py:140 apply
   /usr/local/lib/python3.12/dist-packages/vllm/models/deepseek_v4_1/nvidia/vl_model.py:353 _language_model_first
   /usr/local/lib/python3.12/dist-packages/vllm/model_executor/models/utils.py:140 apply
   /usr/local/lib/python3.12/dist-packages/vllm/model_executor/model_loader/default_loader.py:333 get_all_weights
   /usr/local/lib/python3.12/dist-packages/vllm/model_executor/model_loader/default_loader.py:319 <genexpr>
   /usr/local/lib/python3.12/dist-packages/vllm/model_executor/model_loader/weight_utils.py:973 safetensors_weights_iterator
=== 17:32:22 anon 2.3 file 0.7 shmem 4.7 GiB
   /usr/local/lib/python3.12/dist-packages/vllm/model_executor/model_loader/default_loader.py:427 load_weights
   /usr/local/lib/python3.12/dist-packages/vllm/models/deepseek_v4_1/nvidia/vl_model.py:360 load_weights
   /usr/local/lib/python3.12/dist-packages/vllm/model_executor/model_loader/reload/torchao_decorator.py:50 patched_model_load_weights
   /usr/local/lib/python3.12/dist-packages/vllm/model_executor/models/utils.py:444 load_weights
   /usr/local/lib/python3.12/dist-packages/vllm/model_executor/models/utils.py:382 _load_module
   /usr/local/lib/python3.12/dist-packages/vllm/model_executor/models/utils.py:359 _load_module
   /usr/local/lib/python3.12/dist-packages/vllm/models/deepseek_v4_1/nvidia/model.py:1102 load_weights
   /usr/local/lib/python3.12/dist-packages/vllm/model_executor/model_loader/reload/torchao_decorator.py:50 patched_model_load_weights
   /usr/local/lib/python3.12/dist-packages/vllm/model_executor/models/utils.py:444 load_weights
   /usr/local/lib/python3.12/dist-packages/vllm/model_executor/models/utils.py:382 _load_module
   /usr/local/lib/python3.12/dist-packages/vllm/model_executor/models/utils.py:359 _load_module
   /usr/local/lib/python3.12/dist-packages/vllm/models/deepseek_v4_1/nvidia/model.py:804 load_weights
   /usr/local/lib/python3.12/dist-packages/vllm/models/deepseek_v4_1/virtual_heads.py:68 loader
   /usr/local/lib/python3.12/dist-packages/vllm/models/deepseek_v4_1/virtual_heads.py:44 pad_tensor
=== 17:32:27 anon 2.8 file 3.3 shmem 4.7 GiB
   /usr/local/lib/python3.12/dist-packages/vllm/model_executor/model_loader/default_loader.py:427 load_weights
   /usr/local/lib/python3.12/dist-packages/vllm/models/deepseek_v4_1/nvidia/vl_model.py:360 load_weights
   /usr/local/lib/python3.12/dist-packages/vllm/model_executor/model_loader/reload/torchao_decorator.py:50 patched_model_load_weights
   /usr/local/lib/python3.12/dist-packages/vllm/model_executor/models/utils.py:444 load_weights
   /usr/local/lib/python3.12/dist-packages/vllm/model_executor/models/utils.py:382 _load_module
   /usr/local/lib/python3.12/dist-packages/vllm/model_executor/models/utils.py:359 _load_module
   /usr/local/lib/python3.12/dist-packages/vllm/models/deepseek_v4_1/nvidia/model.py:1102 load_weights
   /usr/local/lib/python3.12/dist-packages/vllm/model_executor/model_loader/reload/torchao_decorator.py:50 patched_model_load_weights
   /usr/local/lib/python3.12/dist-packages/vllm/model_executor/models/utils.py:444 load_weights
   /usr/local/lib/python3.12/dist-packages/vllm/model_executor/models/utils.py:382 _load_module
   /usr/local/lib/python3.12/dist-packages/vllm/model_executor/models/utils.py:359 _load_module
   /usr/local/lib/python3.12/dist-packages/vllm/models/deepseek_v4_1/nvidia/model.py:769 load_weights
   /usr/local/lib/python3.12/dist-packages/cuda_exl3/moe.py:83 _exl3_moe_weight_loader
   /usr/local/lib/python3.12/dist-packages/cuda_exl3/moe.py:347 _place
=== 17:32:32 anon 3.3 file 6.0 shmem 4.7 GiB
   /usr/local/lib/python3.12/dist-packages/vllm/model_executor/model_loader/default_loader.py:427 load_weights
   /usr/local/lib/python3.12/dist-packages/vllm/models/deepseek_v4_1/nvidia/vl_model.py:360 load_weights
   /usr/local/lib/python3.12/dist-packages/vllm/model_executor/model_loader/reload/torchao_decorator.py:50 patched_model_load_weights
   /usr/local/lib/python3.12/dist-packages/vllm/model_executor/models/utils.py:444 load_weights
   /usr/local/lib/python3.12/dist-packages/vllm/model_executor/models/utils.py:382 _load_module
   /usr/local/lib/python3.12/dist-packages/vllm/model_executor/models/utils.py:359 _load_module
   /usr/local/lib/python3.12/dist-packages/vllm/models/deepseek_v4_1/nvidia/model.py:1102 load_weights
   /usr/local/lib/python3.12/dist-packages/vllm/model_executor/model_loader/reload/torchao_decorator.py:50 patched_model_load_weights
   /usr/local/lib/python3.12/dist-packages/vllm/model_executor/models/utils.py:444 load_weights
   /usr/local/lib/python3.12/dist-packages/vllm/model_executor/models/utils.py:382 _load_module
   /usr/local/lib/python3.12/dist-packages/vllm/model_executor/models/utils.py:359 _load_module
   /usr/local/lib/python3.12/dist-packages/vllm/models/deepseek_v4_1/nvidia/model.py:769 load_weights
   /usr/local/lib/python3.12/dist-packages/cuda_exl3/moe.py:83 _exl3_moe_weight_loader
   /usr/local/lib/python3.12/dist-packages/cuda_exl3/moe.py:347 _place
=== 17:32:37 anon 3.0 file 4.3 shmem 4.7 GiB
   /usr/local/lib/python3.12/dist-packages/vllm/model_executor/model_loader/default_loader.py:427 load_weights
   /usr/local/lib/python3.12/dist-packages/vllm/models/deepseek_v4_1/nvidia/vl_model.py:360 load_weights
   /usr/local/lib/python3.12/dist-packages/vllm/model_executor/model_loader/reload/torchao_decorator.py:50 patched_model_load_weights
   /usr/local/lib/python3.12/dist-packages/vllm/model_executor/models/utils.py:444 load_weights
   /usr/local/lib/python3.12/dist-packages/vllm/model_executor/models/utils.py:382 _load_module
   /usr/local/lib/python3.12/dist-packages/vllm/model_executor/models/utils.py:359 _load_module
   /usr/local/lib/python3.12/dist-packages/vllm/models/deepseek_v4_1/nvidia/model.py:1102 load_weights
   /usr/local/lib/python3.12/dist-packages/vllm/model_executor/model_loader/reload/torchao_decorator.py:50 patched_model_load_weights
   /usr/local/lib/python3.12/dist-packages/vllm/model_executor/models/utils.py:444 load_weights
   /usr/local/lib/python3.12/dist-packages/vllm/model_executor/models/utils.py:382 _load_module
   /usr/local/lib/python3.12/dist-packages/vllm/model_executor/models/utils.py:359 _load_module
   /usr/local/lib/python3.12/dist-packages/vllm/models/deepseek_v4_1/nvidia/model.py:769 load_weights
   /usr/local/lib/python3.12/dist-packages/cuda_exl3/moe.py:83 _exl3_moe_weight_loader
   /usr/local/lib/python3.12/dist-packages/cuda_exl3/moe.py:366 _place
=== 17:32:42 anon 3.5 file 6.9 shmem 4.7 GiB
   /usr/local/lib/python3.12/dist-packages/vllm/model_executor/model_loader/default_loader.py:427 load_weights
   /usr/local/lib/python3.12/dist-packages/vllm/models/deepseek_v4_1/nvidia/vl_model.py:360 load_weights
   /usr/local/lib/python3.12/dist-packages/vllm/model_executor/model_loader/reload/torchao_decorator.py:50 patched_model_load_weights
   /usr/local/lib/python3.12/dist-packages/vllm/model_executor/models/utils.py:444 load_weights
   /usr/local/lib/python3.12/dist-packages/vllm/model_executor/models/utils.py:382 _load_module
   /usr/local/lib/python3.12/dist-packages/vllm/model_executor/models/utils.py:359 _load_module
   /usr/local/lib/python3.12/dist-packages/vllm/models/deepseek_v4_1/nvidia/model.py:1102 load_weights
   /usr/local/lib/python3.12/dist-packages/vllm/model_executor/model_loader/reload/torchao_decorator.py:50 patched_model_load_weights
   /usr/local/lib/python3.12/dist-packages/vllm/model_executor/models/utils.py:444 load_weights
   /usr/local/lib/python3.12/dist-packages/vllm/model_executor/models/utils.py:382 _load_module
   /usr/local/lib/python3.12/dist-packages/vllm/model_executor/models/utils.py:359 _load_module
   /usr/local/lib/python3.12/dist-packages/vllm/models/deepseek_v4_1/nvidia/model.py:769 load_weights
   /usr/local/lib/python3.12/dist-packages/cuda_exl3/moe.py:83 _exl3_moe_weight_loader
   /usr/local/lib/python3.12/dist-packages/cuda_exl3/moe.py:366 _place
=== 17:32:47 anon 3.2 file 5.2 shmem 4.7 GiB
   /usr/local/lib/python3.12/dist-packages/vllm/model_executor/model_loader/default_loader.py:427 load_weights
   /usr/local/lib/python3.12/dist-packages/vllm/models/deepseek_v4_1/nvidia/vl_model.py:360 load_weights
   /usr/local/lib/python3.12/dist-packages/vllm/model_executor/model_loader/reload/torchao_decorator.py:50 patched_model_load_weights
   /usr/local/lib/python3.12/dist-packages/vllm/model_executor/models/utils.py:444 load_weights
   /usr/local/lib/python3.12/dist-packages/vllm/model_executor/models/utils.py:382 _load_module
   /usr/local/lib/python3.12/dist-packages/vllm/model_executor/models/utils.py:359 _load_module
   /usr/local/lib/python3.12/dist-packages/vllm/models/deepseek_v4_1/nvidia/model.py:1102 load_weights
   /usr/local/lib/python3.12/dist-packages/vllm/model_executor/model_loader/reload/torchao_decorator.py:50 patched_model_load_weights
   /usr/local/lib/python3.12/dist-packages/vllm/model_executor/models/utils.py:444 load_weights
   /usr/local/lib/python3.12/dist-packages/vllm/model_executor/models/utils.py:382 _load_module
   /usr/local/lib/python3.12/dist-packages/vllm/model_executor/models/utils.py:359 _load_module
   /usr/local/lib/python3.12/dist-packages/vllm/models/deepseek_v4_1/nvidia/model.py:769 load_weights
   /usr/local/lib/python3.12/dist-packages/cuda_exl3/moe.py:83 _exl3_moe_weight_loader
   /usr/local/lib/python3.12/dist-packages/cuda_exl3/moe.py:347 _place
=== 17:32:52 anon 2.8 file 3.5 shmem 4.7 GiB
   /usr/local/lib/python3.12/dist-packages/vllm/model_executor/model_loader/default_loader.py:427 load_weights
   /usr/local/lib/python3.12/dist-packages/vllm/models/deepseek_v4_1/nvidia/vl_model.py:360 load_weights
   /usr/local/lib/python3.12/dist-packages/vllm/model_executor/model_loader/reload/torchao_decorator.py:50 patched_model_load_weights
   /usr/local/lib/python3.12/dist-packages/vllm/model_executor/models/utils.py:444 load_weights
   /usr/local/lib/python3.12/dist-packages/vllm/model_executor/models/utils.py:382 _load_module
   /usr/local/lib/python3.12/dist-packages/vllm/model_executor/models/utils.py:359 _load_module
   /usr/local/lib/python3.12/dist-packages/vllm/models/deepseek_v4_1/nvidia/model.py:1102 load_weights
   /usr/local/lib/python3.12/dist-packages/vllm/model_executor/model_loader/reload/torchao_decorator.py:50 patched_model_load_weights
   /usr/local/lib/python3.12/dist-packages/vllm/model_executor/models/utils.py:444 load_weights
   /usr/local/lib/python3.12/dist-packages/vllm/model_executor/models/utils.py:382 _load_module
   /usr/local/lib/python3.12/dist-packages/vllm/model_executor/models/utils.py:359 _load_module
   /usr/local/lib/python3.12/dist-packages/vllm/models/deepseek_v4_1/nvidia/model.py:769 load_weights
   /usr/local/lib/python3.12/dist-packages/cuda_exl3/moe.py:83 _exl3_moe_weight_loader
   /usr/local/lib/python3.12/dist-packages/cuda_exl3/moe.py:347 _place
=== 17:32:57 anon 3.3 file 6.2 shmem 4.7 GiB
   /usr/local/lib/python3.12/dist-packages/vllm/model_executor/model_loader/default_loader.py:427 load_weights
   /usr/local/lib/python3.12/dist-packages/vllm/models/deepseek_v4_1/nvidia/vl_model.py:360 load_weights
   /usr/local/lib/python3.12/dist-packages/vllm/model_executor/model_loader/reload/torchao_decorator.py:50 patched_model_load_weights
   /usr/local/lib/python3.12/dist-packages/vllm/model_executor/models/utils.py:444 load_weights
   /usr/local/lib/python3.12/dist-packages/vllm/model_executor/models/utils.py:382 _load_module
   /usr/local/lib/python3.12/dist-packages/vllm/model_executor/models/utils.py:359 _load_module
   /usr/local/lib/python3.12/dist-packages/vllm/models/deepseek_v4_1/nvidia/model.py:1102 load_weights
   /usr/local/lib/python3.12/dist-packages/vllm/model_executor/model_loader/reload/torchao_decorator.py:50 patched_model_load_weights
   /usr/local/lib/python3.12/dist-packages/vllm/model_executor/models/utils.py:444 load_weights
   /usr/local/lib/python3.12/dist-packages/vllm/model_executor/models/utils.py:382 _load_module
   /usr/local/lib/python3.12/dist-packages/vllm/model_executor/models/utils.py:359 _load_module
   /usr/local/lib/python3.12/dist-packages/vllm/models/deepseek_v4_1/nvidia/model.py:769 load_weights
   /usr/local/lib/python3.12/dist-packages/cuda_exl3/moe.py:83 _exl3_moe_weight_loader
   /usr/local/lib/python3.12/dist-packages/cuda_exl3/moe.py:366 _place
=== 17:33:03 anon 3.0 file 4.4 shmem 4.7 GiB
   /usr/local/lib/python3.12/dist-packages/vllm/model_executor/model_loader/default_loader.py:427 load_weights
   /usr/local/lib/python3.12/dist-packages/vllm/models/deepseek_v4_1/nvidia/vl_model.py:360 load_weights
   /usr/local/lib/python3.12/dist-packages/vllm/model_executor/model_loader/reload/torchao_decorator.py:50 patched_model_load_weights
   /usr/local/lib/python3.12/dist-packages/vllm/model_executor/models/utils.py:444 load_weights
   /usr/local/lib/python3.12/dist-packages/vllm/model_executor/models/utils.py:382 _load_module
   /usr/local/lib/python3.12/dist-packages/vllm/model_executor/models/utils.py:359 _load_module
   /usr/local/lib/python3.12/dist-packages/vllm/models/deepseek_v4_1/nvidia/model.py:1102 load_weights
   /usr/local/lib/python3.12/dist-packages/vllm/model_executor/model_loader/reload/torchao_decorator.py:50 patched_model_load_weights
   /usr/local/lib/python3.12/dist-packages/vllm/model_executor/models/utils.py:444 load_weights
   /usr/local/lib/python3.12/dist-packages/vllm/model_executor/models/utils.py:382 _load_module
   /usr/local/lib/python3.12/dist-packages/vllm/model_executor/models/utils.py:359 _load_module
   /usr/local/lib/python3.12/dist-packages/vllm/models/deepseek_v4_1/nvidia/model.py:769 load_weights
   /usr/local/lib/python3.12/dist-packages/cuda_exl3/moe.py:83 _exl3_moe_weight_loader
   /usr/local/lib/python3.12/dist-packages/cuda_exl3/moe.py:347 _place
=== 17:33:08 anon 3.5 file 7.0 shmem 4.7 GiB
   /usr/local/lib/python3.12/dist-packages/vllm/model_executor/model_loader/default_loader.py:427 load_weights
   /usr/local/lib/python3.12/dist-packages/vllm/models/deepseek_v4_1/nvidia/vl_model.py:360 load_weights
   /usr/local/lib/python3.12/dist-packages/vllm/model_executor/model_loader/reload/torchao_decorator.py:50 patched_model_load_weights
   /usr/local/lib/python3.12/dist-packages/vllm/model_executor/models/utils.py:444 load_weights
   /usr/local/lib/python3.12/dist-packages/vllm/model_executor/models/utils.py:382 _load_module
   /usr/local/lib/python3.12/dist-packages/vllm/model_executor/models/utils.py:359 _load_module
   /usr/local/lib/python3.12/dist-packages/vllm/models/deepseek_v4_1/nvidia/model.py:1102 load_weights
   /usr/local/lib/python3.12/dist-packages/vllm/model_executor/model_loader/reload/torchao_decorator.py:50 patched_model_load_weights
   /usr/local/lib/python3.12/dist-packages/vllm/model_executor/models/utils.py:444 load_weights
   /usr/local/lib/python3.12/dist-packages/vllm/model_executor/models/utils.py:382 _load_module
   /usr/local/lib/python3.12/dist-packages/vllm/model_executor/models/utils.py:359 _load_module
   /usr/local/lib/python3.12/dist-packages/vllm/models/deepseek_v4_1/nvidia/model.py:769 load_weights
   /usr/local/lib/python3.12/dist-packages/cuda_exl3/moe.py:83 _exl3_moe_weight_loader
   /usr/local/lib/python3.12/dist-packages/cuda_exl3/moe.py:347 _place
=== 17:33:13 anon 3.2 file 5.3 shmem 4.7 GiB
   /usr/local/lib/python3.12/dist-packages/vllm/model_executor/model_loader/default_loader.py:427 load_weights
   /usr/local/lib/python3.12/dist-packages/vllm/models/deepseek_v4_1/nvidia/vl_model.py:360 load_weights
   /usr/local/lib/python3.12/dist-packages/vllm/model_executor/model_loader/reload/torchao_decorator.py:50 patched_model_load_weights
   /usr/local/lib/python3.12/dist-packages/vllm/model_executor/models/utils.py:444 load_weights
   /usr/local/lib/python3.12/dist-packages/vllm/model_executor/models/utils.py:382 _load_module
   /usr/local/lib/python3.12/dist-packages/vllm/model_executor/models/utils.py:359 _load_module
   /usr/local/lib/python3.12/dist-packages/vllm/models/deepseek_v4_1/nvidia/model.py:1102 load_weights
   /usr/local/lib/python3.12/dist-packages/vllm/model_executor/model_loader/reload/torchao_decorator.py:50 patched_model_load_weights
   /usr/local/lib/python3.12/dist-packages/vllm/model_executor/models/utils.py:444 load_weights
   /usr/local/lib/python3.12/dist-packages/vllm/model_executor/models/utils.py:382 _load_module
   /usr/local/lib/python3.12/dist-packages/vllm/model_executor/models/utils.py:359 _load_module
   /usr/local/lib/python3.12/dist-packages/vllm/models/deepseek_v4_1/nvidia/model.py:769 load_weights
   /usr/local/lib/python3.12/dist-packages/cuda_exl3/moe.py:83 _exl3_moe_weight_loader
   /usr/local/lib/python3.12/dist-packages/cuda_exl3/moe.py:366 _place
=== 17:33:18 anon 2.8 file 3.6 shmem 4.7 GiB
   /usr/local/lib/python3.12/dist-packages/vllm/model_executor/model_loader/default_loader.py:427 load_weights
   /usr/local/lib/python3.12/dist-packages/vllm/models/deepseek_v4_1/nvidia/vl_model.py:360 load_weights
   /usr/local/lib/python3.12/dist-packages/vllm/model_executor/model_loader/reload/torchao_decorator.py:50 patched_model_load_weights
   /usr/local/lib/python3.12/dist-packages/vllm/model_executor/models/utils.py:444 load_weights
   /usr/local/lib/python3.12/dist-packages/vllm/model_executor/models/utils.py:382 _load_module
   /usr/local/lib/python3.12/dist-packages/vllm/model_executor/models/utils.py:359 _load_module
   /usr/local/lib/python3.12/dist-packages/vllm/models/deepseek_v4_1/nvidia/model.py:1102 load_weights
   /usr/local/lib/python3.12/dist-packages/vllm/model_executor/model_loader/reload/torchao_decorator.py:50 patched_model_load_weights
   /usr/local/lib/python3.12/dist-packages/vllm/model_executor/models/utils.py:444 load_weights
   /usr/local/lib/python3.12/dist-packages/vllm/model_executor/models/utils.py:382 _load_module
   /usr/local/lib/python3.12/dist-packages/vllm/model_executor/models/utils.py:359 _load_module
   /usr/local/lib/python3.12/dist-packages/vllm/models/deepseek_v4_1/nvidia/model.py:769 load_weights
   /usr/local/lib/python3.12/dist-packages/cuda_exl3/moe.py:83 _exl3_moe_weight_loader
   /usr/local/lib/python3.12/dist-packages/cuda_exl3/moe.py:366 _place
=== 17:33:23 anon 3.4 file 6.3 shmem 4.7 GiB
   /usr/local/lib/python3.12/dist-packages/vllm/models/deepseek_v4_1/nvidia/model.py:715 load_weights
   /usr/local/lib/python3.12/dist-packages/vllm/model_executor/models/utils.py:261 <genexpr>
   /usr/local/lib/python3.12/dist-packages/vllm/model_executor/models/utils.py:251 <genexpr>
   /usr/local/lib/python3.12/dist-packages/vllm/model_executor/models/utils.py:451 _filter_skipped
   /usr/local/lib/python3.12/dist-packages/vllm/model_executor/models/utils.py:140 apply
   /usr/local/lib/python3.12/dist-packages/vllm/model_executor/models/utils.py:261 <genexpr>
   /usr/local/lib/python3.12/dist-packages/vllm/model_executor/models/utils.py:251 <genexpr>
   /usr/local/lib/python3.12/dist-packages/vllm/model_executor/models/utils.py:451 _filter_skipped
   /usr/local/lib/python3.12/dist-packages/vllm/model_executor/models/utils.py:140 apply
   /usr/local/lib/python3.12/dist-packages/vllm/models/deepseek_v4_1/nvidia/vl_model.py:353 _language_model_first
   /usr/local/lib/python3.12/dist-packages/vllm/model_executor/models/utils.py:140 apply
   /usr/local/lib/python3.12/dist-packages/vllm/model_executor/model_loader/default_loader.py:333 get_all_weights
   /usr/local/lib/python3.12/dist-packages/vllm/model_executor/model_loader/default_loader.py:319 <genexpr>
   /usr/local/lib/python3.12/dist-packages/vllm/model_executor/model_loader/weight_utils.py:973 safetensors_weights_iterator
=== 17:33:28 anon 3.0 file 4.6 shmem 4.7 GiB
   /usr/local/lib/python3.12/dist-packages/vllm/models/deepseek_v4_1/nvidia/model.py:715 load_weights
   /usr/local/lib/python3.12/dist-packages/vllm/model_executor/models/utils.py:261 <genexpr>
   /usr/local/lib/python3.12/dist-packages/vllm/model_executor/models/utils.py:251 <genexpr>
   /usr/local/lib/python3.12/dist-packages/vllm/model_executor/models/utils.py:451 _filter_skipped
   /usr/local/lib/python3.12/dist-packages/vllm/model_executor/models/utils.py:140 apply
   /usr/local/lib/python3.12/dist-packages/vllm/model_executor/models/utils.py:261 <genexpr>
   /usr/local/lib/python3.12/dist-packages/vllm/model_executor/models/utils.py:251 <genexpr>
   /usr/local/lib/python3.12/dist-packages/vllm/model_executor/models/utils.py:451 _filter_skipped
   /usr/local/lib/python3.12/dist-packages/vllm/model_executor/models/utils.py:140 apply
   /usr/local/lib/python3.12/dist-packages/vllm/models/deepseek_v4_1/nvidia/vl_model.py:353 _language_model_first
   /usr/local/lib/python3.12/dist-packages/vllm/model_executor/models/utils.py:140 apply
   /usr/local/lib/python3.12/dist-packages/vllm/model_executor/model_loader/default_loader.py:333 get_all_weights
   /usr/local/lib/python3.12/dist-packages/vllm/model_executor/model_loader/default_loader.py:319 <genexpr>
   /usr/local/lib/python3.12/dist-packages/vllm/model_executor/model_loader/weight_utils.py:973 safetensors_weights_iterator
=== 17:33:33 anon 2.7 file 2.8 shmem 4.7 GiB
   /usr/local/lib/python3.12/dist-packages/vllm/model_executor/model_loader/default_loader.py:427 load_weights
   /usr/local/lib/python3.12/dist-packages/vllm/models/deepseek_v4_1/nvidia/vl_model.py:360 load_weights
   /usr/local/lib/python3.12/dist-packages/vllm/model_executor/model_loader/reload/torchao_decorator.py:50 patched_model_load_weights
   /usr/local/lib/python3.12/dist-packages/vllm/model_executor/models/utils.py:444 load_weights
   /usr/local/lib/python3.12/dist-packages/vllm/model_executor/models/utils.py:382 _load_module
   /usr/local/lib/python3.12/dist-packages/vllm/model_executor/models/utils.py:359 _load_module
   /usr/local/lib/python3.12/dist-packages/vllm/models/deepseek_v4_1/nvidia/model.py:1102 load_weights
   /usr/local/lib/python3.12/dist-packages/vllm/model_executor/model_loader/reload/torchao_decorator.py:50 patched_model_load_weights
   /usr/local/lib/python3.12/dist-packages/vllm/model_executor/models/utils.py:444 load_weights
   /usr/local/lib/python3.12/dist-packages/vllm/model_executor/models/utils.py:382 _load_module
   /usr/local/lib/python3.12/dist-packages/vllm/model_executor/models/utils.py:359 _load_module
   /usr/local/lib/python3.12/dist-packages/vllm/models/deepseek_v4_1/nvidia/model.py:769 load_weights
   /usr/local/lib/python3.12/dist-packages/cuda_exl3/moe.py:83 _exl3_moe_weight_loader
   /usr/local/lib/python3.12/dist-packages/cuda_exl3/moe.py:378 _place
=== 17:33:38 anon 3.2 file 5.4 shmem 4.7 GiB
   /usr/local/lib/python3.12/dist-packages/vllm/model_executor/model_loader/default_loader.py:427 load_weights
   /usr/local/lib/python3.12/dist-packages/vllm/models/deepseek_v4_1/nvidia/vl_model.py:360 load_weights
   /usr/local/lib/python3.12/dist-packages/vllm/model_executor/model_loader/reload/torchao_decorator.py:50 patched_model_load_weights
   /usr/local/lib/python3.12/dist-packages/vllm/model_executor/models/utils.py:444 load_weights
   /usr/local/lib/python3.12/dist-packages/vllm/model_executor/models/utils.py:382 _load_module
   /usr/local/lib/python3.12/dist-packages/vllm/model_executor/models/utils.py:359 _load_module
   /usr/local/lib/python3.12/dist-packages/vllm/models/deepseek_v4_1/nvidia/model.py:1102 load_weights
   /usr/local/lib/python3.12/dist-packages/vllm/model_executor/model_loader/reload/torchao_decorator.py:50 patched_model_load_weights
   /usr/local/lib/python3.12/dist-packages/vllm/model_executor/models/utils.py:444 load_weights
   /usr/local/lib/python3.12/dist-packages/vllm/model_executor/models/utils.py:382 _load_module
   /usr/local/lib/python3.12/dist-packages/vllm/model_executor/models/utils.py:359 _load_module
   /usr/local/lib/python3.12/dist-packages/vllm/models/deepseek_v4_1/nvidia/model.py:769 load_weights
   /usr/local/lib/python3.12/dist-packages/cuda_exl3/moe.py:83 _exl3_moe_weight_loader
   /usr/local/lib/python3.12/dist-packages/cuda_exl3/moe.py:366 _place
=== 17:33:44 anon 2.8 file 3.7 shmem 4.7 GiB
   /usr/local/lib/python3.12/dist-packages/vllm/models/deepseek_v4_1/nvidia/model.py:715 load_weights
   /usr/local/lib/python3.12/dist-packages/vllm/model_executor/models/utils.py:261 <genexpr>
   /usr/local/lib/python3.12/dist-packages/vllm/model_executor/models/utils.py:251 <genexpr>
   /usr/local/lib/python3.12/dist-packages/vllm/model_executor/models/utils.py:451 _filter_skipped
   /usr/local/lib/python3.12/dist-packages/vllm/model_executor/models/utils.py:140 apply
   /usr/local/lib/python3.12/dist-packages/vllm/model_executor/models/utils.py:261 <genexpr>
   /usr/local/lib/python3.12/dist-packages/vllm/model_executor/models/utils.py:251 <genexpr>
   /usr/local/lib/python3.12/dist-packages/vllm/model_executor/models/utils.py:451 _filter_skipped
   /usr/local/lib/python3.12/dist-packages/vllm/model_executor/models/utils.py:140 apply
   /usr/local/lib/python3.12/dist-packages/vllm/models/deepseek_v4_1/nvidia/vl_model.py:353 _language_model_first
   /usr/local/lib/python3.12/dist-packages/vllm/model_executor/models/utils.py:140 apply
   /usr/local/lib/python3.12/dist-packages/vllm/model_executor/model_loader/default_loader.py:333 get_all_weights
   /usr/local/lib/python3.12/dist-packages/vllm/model_executor/model_loader/default_loader.py:319 <genexpr>
   /usr/local/lib/python3.12/dist-packages/vllm/model_executor/model_loader/weight_utils.py:973 safetensors_weights_iterator
=== 17:33:49 anon 2.5 file 2.0 shmem 4.7 GiB
   /usr/local/lib/python3.12/dist-packages/vllm/model_executor/model_loader/default_loader.py:427 load_weights
   /usr/local/lib/python3.12/dist-packages/vllm/models/deepseek_v4_1/nvidia/vl_model.py:360 load_weights
   /usr/local/lib/python3.12/dist-packages/vllm/model_executor/model_loader/reload/torchao_decorator.py:50 patched_model_load_weights
   /usr/local/lib/python3.12/dist-packages/vllm/model_executor/models/utils.py:444 load_weights
   /usr/local/lib/python3.12/dist-packages/vllm/model_executor/models/utils.py:382 _load_module
   /usr/local/lib/python3.12/dist-packages/vllm/model_executor/models/utils.py:359 _load_module
   /usr/local/lib/python3.12/dist-packages/vllm/models/deepseek_v4_1/nvidia/model.py:1102 load_weights
   /usr/local/lib/python3.12/dist-packages/vllm/model_executor/model_loader/reload/torchao_decorator.py:50 patched_model_load_weights
   /usr/local/lib/python3.12/dist-packages/vllm/model_executor/models/utils.py:444 load_weights
   /usr/local/lib/python3.12/dist-packages/vllm/model_executor/models/utils.py:382 _load_module
   /usr/local/lib/python3.12/dist-packages/vllm/model_executor/models/utils.py:359 _load_module
   /usr/local/lib/python3.12/dist-packages/vllm/models/deepseek_v4_1/nvidia/model.py:769 load_weights
   /usr/local/lib/python3.12/dist-packages/cuda_exl3/moe.py:83 _exl3_moe_weight_loader
   /usr/local/lib/python3.12/dist-packages/cuda_exl3/moe.py:366 _place
=== 17:33:54 anon 3.0 file 4.6 shmem 4.7 GiB
   /usr/local/lib/python3.12/dist-packages/vllm/model_executor/model_loader/default_loader.py:427 load_weights
   /usr/local/lib/python3.12/dist-packages/vllm/models/deepseek_v4_1/nvidia/vl_model.py:360 load_weights
   /usr/local/lib/python3.12/dist-packages/vllm/model_executor/model_loader/reload/torchao_decorator.py:50 patched_model_load_weights
   /usr/local/lib/python3.12/dist-packages/vllm/model_executor/models/utils.py:444 load_weights
   /usr/local/lib/python3.12/dist-packages/vllm/model_executor/models/utils.py:382 _load_module
   /usr/local/lib/python3.12/dist-packages/vllm/model_executor/models/utils.py:359 _load_module
   /usr/local/lib/python3.12/dist-packages/vllm/models/deepseek_v4_1/nvidia/model.py:1102 load_weights
   /usr/local/lib/python3.12/dist-packages/vllm/model_executor/model_loader/reload/torchao_decorator.py:50 patched_model_load_weights
   /usr/local/lib/python3.12/dist-packages/vllm/model_executor/models/utils.py:444 load_weights
   /usr/local/lib/python3.12/dist-packages/vllm/model_executor/models/utils.py:382 _load_module
   /usr/local/lib/python3.12/dist-packages/vllm/model_executor/models/utils.py:359 _load_module
   /usr/local/lib/python3.12/dist-packages/vllm/models/deepseek_v4_1/nvidia/model.py:769 load_weights
   /usr/local/lib/python3.12/dist-packages/cuda_exl3/moe.py:83 _exl3_moe_weight_loader
   /usr/local/lib/python3.12/dist-packages/cuda_exl3/moe.py:366 _place
=== 17:33:59 anon 3.6 file 7.2 shmem 4.7 GiB
   /usr/local/lib/python3.12/dist-packages/vllm/model_executor/model_loader/default_loader.py:427 load_weights
   /usr/local/lib/python3.12/dist-packages/vllm/models/deepseek_v4_1/nvidia/vl_model.py:360 load_weights
   /usr/local/lib/python3.12/dist-packages/vllm/model_executor/model_loader/reload/torchao_decorator.py:50 patched_model_load_weights
   /usr/local/lib/python3.12/dist-packages/vllm/model_executor/models/utils.py:444 load_weights
   /usr/local/lib/python3.12/dist-packages/vllm/model_executor/models/utils.py:382 _load_module
   /usr/local/lib/python3.12/dist-packages/vllm/model_executor/models/utils.py:359 _load_module
   /usr/local/lib/python3.12/dist-packages/vllm/models/deepseek_v4_1/nvidia/model.py:1102 load_weights
   /usr/local/lib/python3.12/dist-packages/vllm/model_executor/model_loader/reload/torchao_decorator.py:50 patched_model_load_weights
   /usr/local/lib/python3.12/dist-packages/vllm/model_executor/models/utils.py:444 load_weights
   /usr/local/lib/python3.12/dist-packages/vllm/model_executor/models/utils.py:382 _load_module
   /usr/local/lib/python3.12/dist-packages/vllm/model_executor/models/utils.py:359 _load_module
   /usr/local/lib/python3.12/dist-packages/vllm/models/deepseek_v4_1/nvidia/model.py:769 load_weights
   /usr/local/lib/python3.12/dist-packages/cuda_exl3/moe.py:83 _exl3_moe_weight_loader
   /usr/local/lib/python3.12/dist-packages/cuda_exl3/moe.py:366 _place
=== 17:34:04 anon 3.2 file 5.5 shmem 4.7 GiB
   /usr/local/lib/python3.12/dist-packages/vllm/model_executor/models/utils.py:444 load_weights
   /usr/local/lib/python3.12/dist-packages/vllm/model_executor/models/utils.py:382 _load_module
   /usr/local/lib/python3.12/dist-packages/vllm/model_executor/models/utils.py:359 _load_module
   /usr/local/lib/python3.12/dist-packages/vllm/models/deepseek_v4_1/nvidia/model.py:1102 load_weights
   /usr/local/lib/python3.12/dist-packages/vllm/model_executor/model_loader/reload/torchao_decorator.py:50 patched_model_load_weights
   /usr/local/lib/python3.12/dist-packages/vllm/model_executor/models/utils.py:444 load_weights
   /usr/local/lib/python3.12/dist-packages/vllm/model_executor/models/utils.py:382 _load_module
   /usr/local/lib/python3.12/dist-packages/vllm/model_executor/models/utils.py:359 _load_module
   /usr/local/lib/python3.12/dist-packages/vllm/models/deepseek_v4_1/nvidia/model.py:715 load_weights
   /usr/local/lib/python3.12/dist-packages/vllm/model_executor/models/utils.py:261 <genexpr>
   /usr/local/lib/python3.12/dist-packages/vllm/model_executor/models/utils.py:251 <genexpr>
   /usr/local/lib/python3.12/dist-packages/vllm/model_executor/models/utils.py:451 _filter_skipped
   /usr/local/lib/python3.12/dist-packages/vllm/model_executor/models/utils.py:141 apply
   /usr/local/lib/python3.12/dist-packages/vllm/model_executor/models/utils.py:102 _map_name_with_shard
=== 17:34:09 anon 2.8 file 3.3 shmem 4.7 GiB
   /usr/local/lib/python3.12/dist-packages/vllm/model_executor/model_loader/default_loader.py:427 load_weights
   /usr/local/lib/python3.12/dist-packages/vllm/models/deepseek_v4_1/nvidia/vl_model.py:360 load_weights
   /usr/local/lib/python3.12/dist-packages/vllm/model_executor/model_loader/reload/torchao_decorator.py:50 patched_model_load_weights
   /usr/local/lib/python3.12/dist-packages/vllm/model_executor/models/utils.py:444 load_weights
   /usr/local/lib/python3.12/dist-packages/vllm/model_executor/models/utils.py:382 _load_module
   /usr/local/lib/python3.12/dist-packages/vllm/model_executor/models/utils.py:359 _load_module
   /usr/local/lib/python3.12/dist-packages/vllm/models/deepseek_v4_1/nvidia/model.py:1102 load_weights
   /usr/local/lib/python3.12/dist-packages/vllm/model_executor/model_loader/reload/torchao_decorator.py:50 patched_model_load_weights
   /usr/local/lib/python3.12/dist-packages/vllm/model_executor/models/utils.py:444 load_weights
   /usr/local/lib/python3.12/dist-packages/vllm/model_executor/models/utils.py:382 _load_module
   /usr/local/lib/python3.12/dist-packages/vllm/model_executor/models/utils.py:359 _load_module
   /usr/local/lib/python3.12/dist-packages/vllm/models/deepseek_v4_1/nvidia/model.py:769 load_weights
   /usr/local/lib/python3.12/dist-packages/cuda_exl3/moe.py:83 _exl3_moe_weight_loader
   /usr/local/lib/python3.12/dist-packages/cuda_exl3/moe.py:347 _place
=== 17:34:14 anon 3.4 file 6.0 shmem 4.7 GiB
   /usr/local/lib/python3.12/dist-packages/vllm/model_executor/model_loader/default_loader.py:427 load_weights
   /usr/local/lib/python3.12/dist-packages/vllm/models/deepseek_v4_1/nvidia/vl_model.py:360 load_weights
   /usr/local/lib/python3.12/dist-packages/vllm/model_executor/model_loader/reload/torchao_decorator.py:50 patched_model_load_weights
   /usr/local/lib/python3.12/dist-packages/vllm/model_executor/models/utils.py:444 load_weights
   /usr/local/lib/python3.12/dist-packages/vllm/model_executor/models/utils.py:382 _load_module
   /usr/local/lib/python3.12/dist-packages/vllm/model_executor/models/utils.py:359 _load_module
   /usr/local/lib/python3.12/dist-packages/vllm/models/deepseek_v4_1/nvidia/model.py:1102 load_weights
   /usr/local/lib/python3.12/dist-packages/vllm/model_executor/model_loader/reload/torchao_decorator.py:50 patched_model_load_weights
   /usr/local/lib/python3.12/dist-packages/vllm/model_executor/models/utils.py:444 load_weights
   /usr/local/lib/python3.12/dist-packages/vllm/model_executor/models/utils.py:382 _load_module
   /usr/local/lib/python3.12/dist-packages/vllm/model_executor/models/utils.py:359 _load_module
   /usr/local/lib/python3.12/dist-packages/vllm/models/deepseek_v4_1/nvidia/model.py:769 load_weights
   /usr/local/lib/python3.12/dist-packages/cuda_exl3/moe.py:83 _exl3_moe_weight_loader
   /usr/local/lib/python3.12/dist-packages/cuda_exl3/moe.py:366 _place
=== 17:34:19 anon 3.2 file 5.6 shmem 4.7 GiB
   /usr/local/lib/python3.12/dist-packages/vllm/model_executor/model_loader/default_loader.py:427 load_weights
   /usr/local/lib/python3.12/dist-packages/vllm/models/deepseek_v4_1/nvidia/vl_model.py:360 load_weights
   /usr/local/lib/python3.12/dist-packages/vllm/model_executor/model_loader/reload/torchao_decorator.py:50 patched_model_load_weights
   /usr/local/lib/python3.12/dist-packages/vllm/model_executor/models/utils.py:444 load_weights
   /usr/local/lib/python3.12/dist-packages/vllm/model_executor/models/utils.py:382 _load_module
   /usr/local/lib/python3.12/dist-packages/vllm/model_executor/models/utils.py:359 _load_module
   /usr/local/lib/python3.12/dist-packages/vllm/models/deepseek_v4_1/nvidia/model.py:1102 load_weights
   /usr/local/lib/python3.12/dist-packages/vllm/model_executor/model_loader/reload/torchao_decorator.py:50 patched_model_load_weights
   /usr/local/lib/python3.12/dist-packages/vllm/model_executor/models/utils.py:444 load_weights
   /usr/local/lib/python3.12/dist-packages/vllm/model_executor/models/utils.py:382 _load_module
   /usr/local/lib/python3.12/dist-packages/vllm/model_executor/models/utils.py:359 _load_module
   /usr/local/lib/python3.12/dist-packages/vllm/models/deepseek_v4_1/nvidia/model.py:769 load_weights
   /usr/local/lib/python3.12/dist-packages/cuda_exl3/moe.py:83 _exl3_moe_weight_loader
   /usr/local/lib/python3.12/dist-packages/cuda_exl3/moe.py:347 _place
=== 17:34:25 anon 2.9 file 4.1 shmem 4.7 GiB
   /usr/local/lib/python3.12/dist-packages/vllm/model_executor/model_loader/default_loader.py:427 load_weights
   /usr/local/lib/python3.12/dist-packages/vllm/models/deepseek_v4_1/nvidia/vl_model.py:360 load_weights
   /usr/local/lib/python3.12/dist-packages/vllm/model_executor/model_loader/reload/torchao_decorator.py:50 patched_model_load_weights
   /usr/local/lib/python3.12/dist-packages/vllm/model_executor/models/utils.py:444 load_weights
   /usr/local/lib/python3.12/dist-packages/vllm/model_executor/models/utils.py:382 _load_module
   /usr/local/lib/python3.12/dist-packages/vllm/model_executor/models/utils.py:359 _load_module
   /usr/local/lib/python3.12/dist-packages/vllm/models/deepseek_v4_1/nvidia/model.py:1102 load_weights
   /usr/local/lib/python3.12/dist-packages/vllm/model_executor/model_loader/reload/torchao_decorator.py:50 patched_model_load_weights
   /usr/local/lib/python3.12/dist-packages/vllm/model_executor/models/utils.py:444 load_weights
   /usr/local/lib/python3.12/dist-packages/vllm/model_executor/models/utils.py:382 _load_module
   /usr/local/lib/python3.12/dist-packages/vllm/model_executor/models/utils.py:359 _load_module
   /usr/local/lib/python3.12/dist-packages/vllm/models/deepseek_v4_1/nvidia/model.py:769 load_weights
   /usr/local/lib/python3.12/dist-packages/cuda_exl3/moe.py:83 _exl3_moe_weight_loader
   /usr/local/lib/python3.12/dist-packages/cuda_exl3/moe.py:347 _place
=== 17:34:30 anon 3.5 file 7.0 shmem 4.7 GiB
   /usr/local/lib/python3.12/dist-packages/vllm/model_executor/model_loader/default_loader.py:427 load_weights
   /usr/local/lib/python3.12/dist-packages/vllm/models/deepseek_v4_1/nvidia/vl_model.py:360 load_weights
   /usr/local/lib/python3.12/dist-packages/vllm/model_executor/model_loader/reload/torchao_decorator.py:50 patched_model_load_weights
   /usr/local/lib/python3.12/dist-packages/vllm/model_executor/models/utils.py:444 load_weights
   /usr/local/lib/python3.12/dist-packages/vllm/model_executor/models/utils.py:382 _load_module
   /usr/local/lib/python3.12/dist-packages/vllm/model_executor/models/utils.py:359 _load_module
   /usr/local/lib/python3.12/dist-packages/vllm/models/deepseek_v4_1/nvidia/model.py:1102 load_weights
   /usr/local/lib/python3.12/dist-packages/vllm/model_executor/model_loader/reload/torchao_decorator.py:50 patched_model_load_weights
   /usr/local/lib/python3.12/dist-packages/vllm/model_executor/models/utils.py:444 load_weights
   /usr/local/lib/python3.12/dist-packages/vllm/model_executor/models/utils.py:382 _load_module
   /usr/local/lib/python3.12/dist-packages/vllm/model_executor/models/utils.py:359 _load_module
   /usr/local/lib/python3.12/dist-packages/vllm/models/deepseek_v4_1/nvidia/model.py:769 load_weights
   /usr/local/lib/python3.12/dist-packages/cuda_exl3/moe.py:83 _exl3_moe_weight_loader
   /usr/local/lib/python3.12/dist-packages/cuda_exl3/moe.py:347 _place
=== 17:34:35 anon 3.2 file 5.4 shmem 4.7 GiB
   /usr/local/lib/python3.12/dist-packages/vllm/model_executor/models/utils.py:444 load_weights
   /usr/local/lib/python3.12/dist-packages/vllm/model_executor/models/utils.py:382 _load_module
   /usr/local/lib/python3.12/dist-packages/vllm/model_executor/models/utils.py:359 _load_module
   /usr/local/lib/python3.12/dist-packages/vllm/models/deepseek_v4_1/nvidia/model.py:1102 load_weights
   /usr/local/lib/python3.12/dist-packages/vllm/model_executor/model_loader/reload/torchao_decorator.py:50 patched_model_load_weights
   /usr/local/lib/python3.12/dist-packages/vllm/model_executor/models/utils.py:444 load_weights
   /usr/local/lib/python3.12/dist-packages/vllm/model_executor/models/utils.py:382 _load_module
   /usr/local/lib/python3.12/dist-packages/vllm/model_executor/models/utils.py:359 _load_module
   /usr/local/lib/python3.12/dist-packages/vllm/models/deepseek_v4_1/nvidia/model.py:715 load_weights
   /usr/local/lib/python3.12/dist-packages/vllm/model_executor/models/utils.py:261 <genexpr>
   /usr/local/lib/python3.12/dist-packages/vllm/model_executor/models/utils.py:251 <genexpr>
   /usr/local/lib/python3.12/dist-packages/vllm/model_executor/models/utils.py:451 _filter_skipped
   /usr/local/lib/python3.12/dist-packages/vllm/model_executor/models/utils.py:141 apply
   /usr/local/lib/python3.12/dist-packages/vllm/model_executor/models/utils.py:102 _map_name_with_shard
=== 17:34:40 anon 2.9 file 3.4 shmem 4.7 GiB
   /usr/local/lib/python3.12/dist-packages/vllm/model_executor/model_loader/default_loader.py:427 load_weights
   /usr/local/lib/python3.12/dist-packages/vllm/models/deepseek_v4_1/nvidia/vl_model.py:360 load_weights
   /usr/local/lib/python3.12/dist-packages/vllm/model_executor/model_loader/reload/torchao_decorator.py:50 patched_model_load_weights
   /usr/local/lib/python3.12/dist-packages/vllm/model_executor/models/utils.py:444 load_weights
   /usr/local/lib/python3.12/dist-packages/vllm/model_executor/models/utils.py:382 _load_module
   /usr/local/lib/python3.12/dist-packages/vllm/model_executor/models/utils.py:359 _load_module
   /usr/local/lib/python3.12/dist-packages/vllm/models/deepseek_v4_1/nvidia/model.py:1102 load_weights
   /usr/local/lib/python3.12/dist-packages/vllm/model_executor/model_loader/reload/torchao_decorator.py:50 patched_model_load_weights
   /usr/local/lib/python3.12/dist-packages/vllm/model_executor/models/utils.py:444 load_weights
   /usr/local/lib/python3.12/dist-packages/vllm/model_executor/models/utils.py:382 _load_module
   /usr/local/lib/python3.12/dist-packages/vllm/model_executor/models/utils.py:359 _load_module
   /usr/local/lib/python3.12/dist-packages/vllm/models/deepseek_v4_1/nvidia/model.py:769 load_weights
   /usr/local/lib/python3.12/dist-packages/cuda_exl3/moe.py:83 _exl3_moe_weight_loader
   /usr/local/lib/python3.12/dist-packages/cuda_exl3/moe.py:347 _place
=== 17:34:45 anon 3.4 file 5.7 shmem 4.7 GiB
   /usr/local/lib/python3.12/dist-packages/vllm/model_executor/model_loader/default_loader.py:427 load_weights
   /usr/local/lib/python3.12/dist-packages/vllm/models/deepseek_v4_1/nvidia/vl_model.py:360 load_weights
   /usr/local/lib/python3.12/dist-packages/vllm/model_executor/model_loader/reload/torchao_decorator.py:50 patched_model_load_weights
   /usr/local/lib/python3.12/dist-packages/vllm/model_executor/models/utils.py:444 load_weights
   /usr/local/lib/python3.12/dist-packages/vllm/model_executor/models/utils.py:382 _load_module
   /usr/local/lib/python3.12/dist-packages/vllm/model_executor/models/utils.py:359 _load_module
   /usr/local/lib/python3.12/dist-packages/vllm/models/deepseek_v4_1/nvidia/model.py:1102 load_weights
   /usr/local/lib/python3.12/dist-packages/vllm/model_executor/model_loader/reload/torchao_decorator.py:50 patched_model_load_weights
   /usr/local/lib/python3.12/dist-packages/vllm/model_executor/models/utils.py:444 load_weights
   /usr/local/lib/python3.12/dist-packages/vllm/model_executor/models/utils.py:382 _load_module
   /usr/local/lib/python3.12/dist-packages/vllm/model_executor/models/utils.py:359 _load_module
   /usr/local/lib/python3.12/dist-packages/vllm/models/deepseek_v4_1/nvidia/model.py:769 load_weights
   /usr/local/lib/python3.12/dist-packages/cuda_exl3/moe.py:83 _exl3_moe_weight_loader
   /usr/local/lib/python3.12/dist-packages/cuda_exl3/moe.py:347 _place
=== 17:34:50 anon 3.3 file 4.9 shmem 4.7 GiB
   /usr/local/lib/python3.12/dist-packages/vllm/model_executor/model_loader/default_loader.py:427 load_weights
   /usr/local/lib/python3.12/dist-packages/vllm/models/deepseek_v4_1/nvidia/vl_model.py:360 load_weights
   /usr/local/lib/python3.12/dist-packages/vllm/model_executor/model_loader/reload/torchao_decorator.py:50 patched_model_load_weights
   /usr/local/lib/python3.12/dist-packages/vllm/model_executor/models/utils.py:444 load_weights
   /usr/local/lib/python3.12/dist-packages/vllm/model_executor/models/utils.py:382 _load_module
   /usr/local/lib/python3.12/dist-packages/vllm/model_executor/models/utils.py:359 _load_module
   /usr/local/lib/python3.12/dist-packages/vllm/models/deepseek_v4_1/nvidia/model.py:1102 load_weights
   /usr/local/lib/python3.12/dist-packages/vllm/model_executor/model_loader/reload/torchao_decorator.py:50 patched_model_load_weights
   /usr/local/lib/python3.12/dist-packages/vllm/model_executor/models/utils.py:444 load_weights
   /usr/local/lib/python3.12/dist-packages/vllm/model_executor/models/utils.py:382 _load_module
   /usr/local/lib/python3.12/dist-packages/vllm/model_executor/models/utils.py:359 _load_module
   /usr/local/lib/python3.12/dist-packages/vllm/models/deepseek_v4_1/nvidia/model.py:769 load_weights
   /usr/local/lib/python3.12/dist-packages/cuda_exl3/moe.py:83 _exl3_moe_weight_loader
   /usr/local/lib/python3.12/dist-packages/cuda_exl3/moe.py:347 _place
=== 17:34:55 anon 3.0 file 4.5 shmem 4.7 GiB
   /usr/local/lib/python3.12/dist-packages/vllm/model_executor/model_loader/default_loader.py:427 load_weights
   /usr/local/lib/python3.12/dist-packages/vllm/models/deepseek_v4_1/nvidia/vl_model.py:360 load_weights
   /usr/local/lib/python3.12/dist-packages/vllm/model_executor/model_loader/reload/torchao_decorator.py:50 patched_model_load_weights
   /usr/local/lib/python3.12/dist-packages/vllm/model_executor/models/utils.py:444 load_weights
   /usr/local/lib/python3.12/dist-packages/vllm/model_executor/models/utils.py:382 _load_module
   /usr/local/lib/python3.12/dist-packages/vllm/model_executor/models/utils.py:359 _load_module
   /usr/local/lib/python3.12/dist-packages/vllm/models/deepseek_v4_1/nvidia/model.py:1102 load_weights
   /usr/local/lib/python3.12/dist-packages/vllm/model_executor/model_loader/reload/torchao_decorator.py:50 patched_model_load_weights
   /usr/local/lib/python3.12/dist-packages/vllm/model_executor/models/utils.py:444 load_weights
   /usr/local/lib/python3.12/dist-packages/vllm/model_executor/models/utils.py:382 _load_module
   /usr/local/lib/python3.12/dist-packages/vllm/model_executor/models/utils.py:359 _load_module
   /usr/local/lib/python3.12/dist-packages/vllm/models/deepseek_v4_1/nvidia/model.py:769 load_weights
   /usr/local/lib/python3.12/dist-packages/cuda_exl3/moe.py:83 _exl3_moe_weight_loader
   /usr/local/lib/python3.12/dist-packages/cuda_exl3/moe.py:366 _place
=== 17:35:00 anon 3.6 file 6.9 shmem 4.7 GiB
   /usr/local/lib/python3.12/dist-packages/vllm/model_executor/model_loader/default_loader.py:427 load_weights
   /usr/local/lib/python3.12/dist-packages/vllm/models/deepseek_v4_1/nvidia/vl_model.py:360 load_weights
   /usr/local/lib/python3.12/dist-packages/vllm/model_executor/model_loader/reload/torchao_decorator.py:50 patched_model_load_weights
   /usr/local/lib/python3.12/dist-packages/vllm/model_executor/models/utils.py:444 load_weights
   /usr/local/lib/python3.12/dist-packages/vllm/model_executor/models/utils.py:382 _load_module
   /usr/local/lib/python3.12/dist-packages/vllm/model_executor/models/utils.py:359 _load_module
   /usr/local/lib/python3.12/dist-packages/vllm/models/deepseek_v4_1/nvidia/model.py:1102 load_weights
   /usr/local/lib/python3.12/dist-packages/vllm/model_executor/model_loader/reload/torchao_decorator.py:50 patched_model_load_weights
   /usr/local/lib/python3.12/dist-packages/vllm/model_executor/models/utils.py:444 load_weights
   /usr/local/lib/python3.12/dist-packages/vllm/model_executor/models/utils.py:382 _load_module
   /usr/local/lib/python3.12/dist-packages/vllm/model_executor/models/utils.py:359 _load_module
   /usr/local/lib/python3.12/dist-packages/vllm/models/deepseek_v4_1/nvidia/model.py:769 load_weights
   /usr/local/lib/python3.12/dist-packages/cuda_exl3/moe.py:83 _exl3_moe_weight_loader
   /usr/local/lib/python3.12/dist-packages/cuda_exl3/moe.py:347 _place
=== 17:35:06 anon 3.4 file 5.0 shmem 4.7 GiB
   /usr/local/lib/python3.12/dist-packages/vllm/model_executor/model_loader/default_loader.py:427 load_weights
   /usr/local/lib/python3.12/dist-packages/vllm/models/deepseek_v4_1/nvidia/vl_model.py:360 load_weights
   /usr/local/lib/python3.12/dist-packages/vllm/model_executor/model_loader/reload/torchao_decorator.py:50 patched_model_load_weights
   /usr/local/lib/python3.12/dist-packages/vllm/model_executor/models/utils.py:444 load_weights
   /usr/local/lib/python3.12/dist-packages/vllm/model_executor/models/utils.py:382 _load_module
   /usr/local/lib/python3.12/dist-packages/vllm/model_executor/models/utils.py:359 _load_module
   /usr/local/lib/python3.12/dist-packages/vllm/models/deepseek_v4_1/nvidia/model.py:1102 load_weights
   /usr/local/lib/python3.12/dist-packages/vllm/model_executor/model_loader/reload/torchao_decorator.py:50 patched_model_load_weights
   /usr/local/lib/python3.12/dist-packages/vllm/model_executor/models/utils.py:444 load_weights
   /usr/local/lib/python3.12/dist-packages/vllm/model_executor/models/utils.py:382 _load_module
   /usr/local/lib/python3.12/dist-packages/vllm/model_executor/models/utils.py:359 _load_module
   /usr/local/lib/python3.12/dist-packages/vllm/models/deepseek_v4_1/nvidia/model.py:715 load_weights
   /usr/local/lib/python3.12/dist-packages/cuda_exl3/moe.py:84 _exl3_moe_weight_loader
   /usr/local/lib/python3.12/dist-packages/cuda_exl3/moe.py:379 _place
=== 17:35:11 anon 3.0 file 4.1 shmem 4.7 GiB
   /usr/local/lib/python3.12/dist-packages/vllm/model_executor/model_loader/default_loader.py:427 load_weights
   /usr/local/lib/python3.12/dist-packages/vllm/models/deepseek_v4_1/nvidia/vl_model.py:360 load_weights
   /usr/local/lib/python3.12/dist-packages/vllm/model_executor/model_loader/reload/torchao_decorator.py:50 patched_model_load_weights
   /usr/local/lib/python3.12/dist-packages/vllm/model_executor/models/utils.py:444 load_weights
   /usr/local/lib/python3.12/dist-packages/vllm/model_executor/models/utils.py:382 _load_module
   /usr/local/lib/python3.12/dist-packages/vllm/model_executor/models/utils.py:359 _load_module
   /usr/local/lib/python3.12/dist-packages/vllm/models/deepseek_v4_1/nvidia/model.py:1102 load_weights
   /usr/local/lib/python3.12/dist-packages/vllm/model_executor/model_loader/reload/torchao_decorator.py:50 patched_model_load_weights
   /usr/local/lib/python3.12/dist-packages/vllm/model_executor/models/utils.py:444 load_weights
   /usr/local/lib/python3.12/dist-packages/vllm/model_executor/models/utils.py:382 _load_module
   /usr/local/lib/python3.12/dist-packages/vllm/model_executor/models/utils.py:359 _load_module
   /usr/local/lib/python3.12/dist-packages/vllm/models/deepseek_v4_1/nvidia/model.py:769 load_weights
   /usr/local/lib/python3.12/dist-packages/cuda_exl3/moe.py:83 _exl3_moe_weight_loader
   /usr/local/lib/python3.12/dist-packages/cuda_exl3/moe.py:347 _place
=== 17:35:16 anon 2.8 file 3.1 shmem 4.7 GiB
   /usr/local/lib/python3.12/dist-packages/vllm/model_executor/model_loader/default_loader.py:427 load_weights
   /usr/local/lib/python3.12/dist-packages/vllm/models/deepseek_v4_1/nvidia/vl_model.py:360 load_weights
   /usr/local/lib/python3.12/dist-packages/vllm/model_executor/model_loader/reload/torchao_decorator.py:50 patched_model_load_weights
   /usr/local/lib/python3.12/dist-packages/vllm/model_executor/models/utils.py:444 load_weights
   /usr/local/lib/python3.12/dist-packages/vllm/model_executor/models/utils.py:382 _load_module
   /usr/local/lib/python3.12/dist-packages/vllm/model_executor/models/utils.py:359 _load_module
   /usr/local/lib/python3.12/dist-packages/vllm/models/deepseek_v4_1/nvidia/model.py:1102 load_weights
   /usr/local/lib/python3.12/dist-packages/vllm/model_executor/model_loader/reload/torchao_decorator.py:50 patched_model_load_weights
   /usr/local/lib/python3.12/dist-packages/vllm/model_executor/models/utils.py:444 load_weights
   /usr/local/lib/python3.12/dist-packages/vllm/model_executor/models/utils.py:382 _load_module
   /usr/local/lib/python3.12/dist-packages/vllm/model_executor/models/utils.py:359 _load_module
   /usr/local/lib/python3.12/dist-packages/vllm/models/deepseek_v4_1/nvidia/model.py:769 load_weights
   /usr/local/lib/python3.12/dist-packages/cuda_exl3/moe.py:83 _exl3_moe_weight_loader
   /usr/local/lib/python3.12/dist-packages/cuda_exl3/moe.py:366 _place
=== 17:35:21 anon 3.5 file 5.4 shmem 4.7 GiB
   /usr/local/lib/python3.12/dist-packages/vllm/model_executor/model_loader/default_loader.py:427 load_weights
   /usr/local/lib/python3.12/dist-packages/vllm/models/deepseek_v4_1/nvidia/vl_model.py:360 load_weights
   /usr/local/lib/python3.12/dist-packages/vllm/model_executor/model_loader/reload/torchao_decorator.py:50 patched_model_load_weights
   /usr/local/lib/python3.12/dist-packages/vllm/model_executor/models/utils.py:444 load_weights
   /usr/local/lib/python3.12/dist-packages/vllm/model_executor/models/utils.py:382 _load_module
   /usr/local/lib/python3.12/dist-packages/vllm/model_executor/models/utils.py:359 _load_module
   /usr/local/lib/python3.12/dist-packages/vllm/models/deepseek_v4_1/nvidia/model.py:1102 load_weights
   /usr/local/lib/python3.12/dist-packages/vllm/model_executor/model_loader/reload/torchao_decorator.py:50 patched_model_load_weights
   /usr/local/lib/python3.12/dist-packages/vllm/model_executor/models/utils.py:444 load_weights
   /usr/local/lib/python3.12/dist-packages/vllm/model_executor/models/utils.py:382 _load_module
   /usr/local/lib/python3.12/dist-packages/vllm/model_executor/models/utils.py:359 _load_module
   /usr/local/lib/python3.12/dist-packages/vllm/models/deepseek_v4_1/nvidia/model.py:769 load_weights
   /usr/local/lib/python3.12/dist-packages/cuda_exl3/moe.py:83 _exl3_moe_weight_loader
   /usr/local/lib/python3.12/dist-packages/cuda_exl3/moe.py:366 _place
=== 17:35:26 anon 3.1 file 4.6 shmem 4.7 GiB
   /usr/local/lib/python3.12/dist-packages/vllm/model_executor/model_loader/default_loader.py:427 load_weights
   /usr/local/lib/python3.12/dist-packages/vllm/models/deepseek_v4_1/nvidia/vl_model.py:360 load_weights
   /usr/local/lib/python3.12/dist-packages/vllm/model_executor/model_loader/reload/torchao_decorator.py:50 patched_model_load_weights
   /usr/local/lib/python3.12/dist-packages/vllm/model_executor/models/utils.py:444 load_weights
   /usr/local/lib/python3.12/dist-packages/vllm/model_executor/models/utils.py:382 _load_module
   /usr/local/lib/python3.12/dist-packages/vllm/model_executor/models/utils.py:359 _load_module
   /usr/local/lib/python3.12/dist-packages/vllm/models/deepseek_v4_1/nvidia/model.py:1102 load_weights
   /usr/local/lib/python3.12/dist-packages/vllm/model_executor/model_loader/reload/torchao_decorator.py:50 patched_model_load_weights
   /usr/local/lib/python3.12/dist-packages/vllm/model_executor/models/utils.py:444 load_weights
   /usr/local/lib/python3.12/dist-packages/vllm/model_executor/models/utils.py:382 _load_module
   /usr/local/lib/python3.12/dist-packages/vllm/model_executor/models/utils.py:359 _load_module
   /usr/local/lib/python3.12/dist-packages/vllm/models/deepseek_v4_1/nvidia/model.py:769 load_weights
   /usr/local/lib/python3.12/dist-packages/cuda_exl3/moe.py:83 _exl3_moe_weight_loader
   /usr/local/lib/python3.12/dist-packages/cuda_exl3/moe.py:366 _place
=== 17:35:31 anon 2.9 file 3.6 shmem 4.7 GiB
   /usr/local/lib/python3.12/dist-packages/vllm/model_executor/model_loader/default_loader.py:427 load_weights
   /usr/local/lib/python3.12/dist-packages/vllm/models/deepseek_v4_1/nvidia/vl_model.py:360 load_weights
   /usr/local/lib/python3.12/dist-packages/vllm/model_executor/model_loader/reload/torchao_decorator.py:50 patched_model_load_weights
   /usr/local/lib/python3.12/dist-packages/vllm/model_executor/models/utils.py:444 load_weights
   /usr/local/lib/python3.12/dist-packages/vllm/model_executor/models/utils.py:382 _load_module
   /usr/local/lib/python3.12/dist-packages/vllm/model_executor/models/utils.py:359 _load_module
   /usr/local/lib/python3.12/dist-packages/vllm/models/deepseek_v4_1/nvidia/model.py:1102 load_weights
   /usr/local/lib/python3.12/dist-packages/vllm/model_executor/model_loader/reload/torchao_decorator.py:50 patched_model_load_weights
   /usr/local/lib/python3.12/dist-packages/vllm/model_executor/models/utils.py:444 load_weights
   /usr/local/lib/python3.12/dist-packages/vllm/model_executor/models/utils.py:382 _load_module
   /usr/local/lib/python3.12/dist-packages/vllm/model_executor/models/utils.py:359 _load_module
   /usr/local/lib/python3.12/dist-packages/vllm/models/deepseek_v4_1/nvidia/model.py:769 load_weights
   /usr/local/lib/python3.12/dist-packages/cuda_exl3/moe.py:83 _exl3_moe_weight_loader
   /usr/local/lib/python3.12/dist-packages/cuda_exl3/moe.py:366 _place
=== 17:35:36 anon 3.4 file 6.0 shmem 4.7 GiB
   /usr/local/lib/python3.12/dist-packages/vllm/model_executor/model_loader/default_loader.py:427 load_weights
   /usr/local/lib/python3.12/dist-packages/vllm/models/deepseek_v4_1/nvidia/vl_model.py:360 load_weights
   /usr/local/lib/python3.12/dist-packages/vllm/model_executor/model_loader/reload/torchao_decorator.py:50 patched_model_load_weights
   /usr/local/lib/python3.12/dist-packages/vllm/model_executor/models/utils.py:444 load_weights
   /usr/local/lib/python3.12/dist-packages/vllm/model_executor/models/utils.py:382 _load_module
   /usr/local/lib/python3.12/dist-packages/vllm/model_executor/models/utils.py:359 _load_module
   /usr/local/lib/python3.12/dist-packages/vllm/models/deepseek_v4_1/nvidia/model.py:1102 load_weights
   /usr/local/lib/python3.12/dist-packages/vllm/model_executor/model_loader/reload/torchao_decorator.py:50 patched_model_load_weights
   /usr/local/lib/python3.12/dist-packages/vllm/model_executor/models/utils.py:444 load_weights
   /usr/local/lib/python3.12/dist-packages/vllm/model_executor/models/utils.py:382 _load_module
   /usr/local/lib/python3.12/dist-packages/vllm/model_executor/models/utils.py:359 _load_module
   /usr/local/lib/python3.12/dist-packages/vllm/models/deepseek_v4_1/nvidia/model.py:769 load_weights
   /usr/local/lib/python3.12/dist-packages/cuda_exl3/moe.py:83 _exl3_moe_weight_loader
   /usr/local/lib/python3.12/dist-packages/cuda_exl3/moe.py:347 _place
=== 17:35:42 anon 3.2 file 5.1 shmem 4.7 GiB
   /usr/local/lib/python3.12/dist-packages/vllm/models/deepseek_v4_1/nvidia/model.py:715 load_weights
   /usr/local/lib/python3.12/dist-packages/vllm/model_executor/models/utils.py:261 <genexpr>
   /usr/local/lib/python3.12/dist-packages/vllm/model_executor/models/utils.py:251 <genexpr>
   /usr/local/lib/python3.12/dist-packages/vllm/model_executor/models/utils.py:451 _filter_skipped
   /usr/local/lib/python3.12/dist-packages/vllm/model_executor/models/utils.py:140 apply
   /usr/local/lib/python3.12/dist-packages/vllm/model_executor/models/utils.py:261 <genexpr>
   /usr/local/lib/python3.12/dist-packages/vllm/model_executor/models/utils.py:251 <genexpr>
   /usr/local/lib/python3.12/dist-packages/vllm/model_executor/models/utils.py:451 _filter_skipped
   /usr/local/lib/python3.12/dist-packages/vllm/model_executor/models/utils.py:140 apply
   /usr/local/lib/python3.12/dist-packages/vllm/models/deepseek_v4_1/nvidia/vl_model.py:353 _language_model_first
   /usr/local/lib/python3.12/dist-packages/vllm/model_executor/models/utils.py:140 apply
   /usr/local/lib/python3.12/dist-packages/vllm/model_executor/model_loader/default_loader.py:333 get_all_weights
   /usr/local/lib/python3.12/dist-packages/vllm/model_executor/model_loader/default_loader.py:319 <genexpr>
   /usr/local/lib/python3.12/dist-packages/vllm/model_executor/model_loader/weight_utils.py:973 safetensors_weights_iterator
=== 17:35:47 anon 2.3 file 0.8 shmem 4.7 GiB
   /usr/local/lib/python3.12/dist-packages/vllm/model_executor/model_loader/default_loader.py:427 load_weights
   /usr/local/lib/python3.12/dist-packages/vllm/models/deepseek_v4_1/nvidia/vl_model.py:360 load_weights
   /usr/local/lib/python3.12/dist-packages/vllm/model_executor/model_loader/reload/torchao_decorator.py:50 patched_model_load_weights
   /usr/local/lib/python3.12/dist-packages/vllm/model_executor/models/utils.py:444 load_weights
   /usr/local/lib/python3.12/dist-packages/vllm/model_executor/models/utils.py:382 _load_module
   /usr/local/lib/python3.12/dist-packages/vllm/model_executor/models/utils.py:359 _load_module
   /usr/local/lib/python3.12/dist-packages/vllm/models/deepseek_v4_1/nvidia/model.py:1102 load_weights
   /usr/local/lib/python3.12/dist-packages/vllm/model_executor/model_loader/reload/torchao_decorator.py:50 patched_model_load_weights
   /usr/local/lib/python3.12/dist-packages/vllm/model_executor/models/utils.py:444 load_weights
   /usr/local/lib/python3.12/dist-packages/vllm/model_executor/models/utils.py:382 _load_module
   /usr/local/lib/python3.12/dist-packages/vllm/model_executor/models/utils.py:359 _load_module
   /usr/local/lib/python3.12/dist-packages/vllm/models/deepseek_v4_1/nvidia/model.py:769 load_weights
   /usr/local/lib/python3.12/dist-packages/cuda_exl3/moe.py:83 _exl3_moe_weight_loader
   /usr/local/lib/python3.12/dist-packages/cuda_exl3/moe.py:347 _place
=== 17:35:52 anon 2.8 file 3.2 shmem 4.7 GiB
   /usr/local/lib/python3.12/dist-packages/vllm/model_executor/model_loader/default_loader.py:427 load_weights
   /usr/local/lib/python3.12/dist-packages/vllm/models/deepseek_v4_1/nvidia/vl_model.py:360 load_weights
   /usr/local/lib/python3.12/dist-packages/vllm/model_executor/model_loader/reload/torchao_decorator.py:50 patched_model_load_weights
   /usr/local/lib/python3.12/dist-packages/vllm/model_executor/models/utils.py:444 load_weights
   /usr/local/lib/python3.12/dist-packages/vllm/model_executor/models/utils.py:382 _load_module
   /usr/local/lib/python3.12/dist-packages/vllm/model_executor/models/utils.py:359 _load_module
   /usr/local/lib/python3.12/dist-packages/vllm/models/deepseek_v4_1/nvidia/model.py:1102 load_weights
   /usr/local/lib/python3.12/dist-packages/vllm/model_executor/model_loader/reload/torchao_decorator.py:50 patched_model_load_weights
   /usr/local/lib/python3.12/dist-packages/vllm/model_executor/models/utils.py:444 load_weights
   /usr/local/lib/python3.12/dist-packages/vllm/model_executor/models/utils.py:382 _load_module
   /usr/local/lib/python3.12/dist-packages/vllm/model_executor/models/utils.py:359 _load_module
   /usr/local/lib/python3.12/dist-packages/vllm/models/deepseek_v4_1/nvidia/model.py:769 load_weights
   /usr/local/lib/python3.12/dist-packages/cuda_exl3/moe.py:83 _exl3_moe_weight_loader
   /usr/local/lib/python3.12/dist-packages/cuda_exl3/moe.py:366 _place
=== 17:35:57 anon 3.3 file 5.6 shmem 4.7 GiB
   /usr/local/lib/python3.12/dist-packages/vllm/model_executor/model_loader/default_loader.py:427 load_weights
   /usr/local/lib/python3.12/dist-packages/vllm/models/deepseek_v4_1/nvidia/vl_model.py:360 load_weights
   /usr/local/lib/python3.12/dist-packages/vllm/model_executor/model_loader/reload/torchao_decorator.py:50 patched_model_load_weights
   /usr/local/lib/python3.12/dist-packages/vllm/model_executor/models/utils.py:444 load_weights
   /usr/local/lib/python3.12/dist-packages/vllm/model_executor/models/utils.py:382 _load_module
   /usr/local/lib/python3.12/dist-packages/vllm/model_executor/models/utils.py:359 _load_module
   /usr/local/lib/python3.12/dist-packages/vllm/models/deepseek_v4_1/nvidia/model.py:1102 load_weights
   /usr/local/lib/python3.12/dist-packages/vllm/model_executor/model_loader/reload/torchao_decorator.py:50 patched_model_load_weights
   /usr/local/lib/python3.12/dist-packages/vllm/model_executor/models/utils.py:444 load_weights
   /usr/local/lib/python3.12/dist-packages/vllm/model_executor/models/utils.py:382 _load_module
   /usr/local/lib/python3.12/dist-packages/vllm/model_executor/models/utils.py:359 _load_module
   /usr/local/lib/python3.12/dist-packages/vllm/models/deepseek_v4_1/nvidia/model.py:769 load_weights
   /usr/local/lib/python3.12/dist-packages/cuda_exl3/moe.py:83 _exl3_moe_weight_loader
   /usr/local/lib/python3.12/dist-packages/cuda_exl3/moe.py:347 _place
=== 17:36:02 anon 3.1 file 4.6 shmem 4.7 GiB
   /usr/local/lib/python3.12/dist-packages/vllm/model_executor/model_loader/default_loader.py:427 load_weights
   /usr/local/lib/python3.12/dist-packages/vllm/models/deepseek_v4_1/nvidia/vl_model.py:360 load_weights
   /usr/local/lib/python3.12/dist-packages/vllm/model_executor/model_loader/reload/torchao_decorator.py:50 patched_model_load_weights
   /usr/local/lib/python3.12/dist-packages/vllm/model_executor/models/utils.py:444 load_weights
   /usr/local/lib/python3.12/dist-packages/vllm/model_executor/models/utils.py:382 _load_module
   /usr/local/lib/python3.12/dist-packages/vllm/model_executor/models/utils.py:359 _load_module
   /usr/local/lib/python3.12/dist-packages/vllm/models/deepseek_v4_1/nvidia/model.py:1102 load_weights
   /usr/local/lib/python3.12/dist-packages/vllm/model_executor/model_loader/reload/torchao_decorator.py:50 patched_model_load_weights
   /usr/local/lib/python3.12/dist-packages/vllm/model_executor/models/utils.py:444 load_weights
   /usr/local/lib/python3.12/dist-packages/vllm/model_executor/models/utils.py:382 _load_module
   /usr/local/lib/python3.12/dist-packages/vllm/model_executor/models/utils.py:359 _load_module
   /usr/local/lib/python3.12/dist-packages/vllm/models/deepseek_v4_1/nvidia/model.py:769 load_weights
   /usr/local/lib/python3.12/dist-packages/cuda_exl3/moe.py:83 _exl3_moe_weight_loader
   /usr/local/lib/python3.12/dist-packages/cuda_exl3/moe.py:366 _place
=== 17:36:07 anon 2.9 file 3.7 shmem 4.7 GiB
   /usr/local/lib/python3.12/dist-packages/vllm/model_executor/model_loader/default_loader.py:427 load_weights
   /usr/local/lib/python3.12/dist-packages/vllm/models/deepseek_v4_1/nvidia/vl_model.py:360 load_weights
   /usr/local/lib/python3.12/dist-packages/vllm/model_executor/model_loader/reload/torchao_decorator.py:50 patched_model_load_weights
   /usr/local/lib/python3.12/dist-packages/vllm/model_executor/models/utils.py:444 load_weights
   /usr/local/lib/python3.12/dist-packages/vllm/model_executor/models/utils.py:382 _load_module
   /usr/local/lib/python3.12/dist-packages/vllm/model_executor/models/utils.py:359 _load_module
   /usr/local/lib/python3.12/dist-packages/vllm/models/deepseek_v4_1/nvidia/model.py:1102 load_weights
   /usr/local/lib/python3.12/dist-packages/vllm/model_executor/model_loader/reload/torchao_decorator.py:50 patched_model_load_weights
   /usr/local/lib/python3.12/dist-packages/vllm/model_executor/models/utils.py:444 load_weights
   /usr/local/lib/python3.12/dist-packages/vllm/model_executor/models/utils.py:382 _load_module
   /usr/local/lib/python3.12/dist-packages/vllm/model_executor/models/utils.py:359 _load_module
   /usr/local/lib/python3.12/dist-packages/vllm/models/deepseek_v4_1/nvidia/model.py:769 load_weights
   /usr/local/lib/python3.12/dist-packages/cuda_exl3/moe.py:83 _exl3_moe_weight_loader
   /usr/local/lib/python3.12/dist-packages/cuda_exl3/moe.py:347 _place
=== 17:36:12 anon 3.4 file 6.0 shmem 4.7 GiB
   /usr/local/lib/python3.12/dist-packages/vllm/model_executor/model_loader/default_loader.py:427 load_weights
   /usr/local/lib/python3.12/dist-packages/vllm/models/deepseek_v4_1/nvidia/vl_model.py:360 load_weights
   /usr/local/lib/python3.12/dist-packages/vllm/model_executor/model_loader/reload/torchao_decorator.py:50 patched_model_load_weights
   /usr/local/lib/python3.12/dist-packages/vllm/model_executor/models/utils.py:444 load_weights
   /usr/local/lib/python3.12/dist-packages/vllm/model_executor/models/utils.py:382 _load_module
   /usr/local/lib/python3.12/dist-packages/vllm/model_executor/models/utils.py:359 _load_module
   /usr/local/lib/python3.12/dist-packages/vllm/models/deepseek_v4_1/nvidia/model.py:1102 load_weights
   /usr/local/lib/python3.12/dist-packages/vllm/model_executor/model_loader/reload/torchao_decorator.py:50 patched_model_load_weights
   /usr/local/lib/python3.12/dist-packages/vllm/model_executor/models/utils.py:444 load_weights
   /usr/local/lib/python3.12/dist-packages/vllm/model_executor/models/utils.py:382 _load_module
   /usr/local/lib/python3.12/dist-packages/vllm/model_executor/models/utils.py:359 _load_module
   /usr/local/lib/python3.12/dist-packages/vllm/models/deepseek_v4_1/nvidia/model.py:769 load_weights
   /usr/local/lib/python3.12/dist-packages/cuda_exl3/moe.py:83 _exl3_moe_weight_loader
   /usr/local/lib/python3.12/dist-packages/cuda_exl3/moe.py:347 _place
=== 17:36:18 anon 3.2 file 5.1 shmem 4.7 GiB
   /usr/local/lib/python3.12/dist-packages/vllm/model_executor/model_loader/default_loader.py:427 load_weights
   /usr/local/lib/python3.12/dist-packages/vllm/models/deepseek_v4_1/nvidia/vl_model.py:360 load_weights
   /usr/local/lib/python3.12/dist-packages/vllm/model_executor/model_loader/reload/torchao_decorator.py:50 patched_model_load_weights
   /usr/local/lib/python3.12/dist-packages/vllm/model_executor/models/utils.py:444 load_weights
   /usr/local/lib/python3.12/dist-packages/vllm/model_executor/models/utils.py:382 _load_module
   /usr/local/lib/python3.12/dist-packages/vllm/model_executor/models/utils.py:359 _load_module
   /usr/local/lib/python3.12/dist-packages/vllm/models/deepseek_v4_1/nvidia/model.py:1102 load_weights
   /usr/local/lib/python3.12/dist-packages/vllm/model_executor/model_loader/reload/torchao_decorator.py:50 patched_model_load_weights
   /usr/local/lib/python3.12/dist-packages/vllm/model_executor/models/utils.py:444 load_weights
   /usr/local/lib/python3.12/dist-packages/vllm/model_executor/models/utils.py:382 _load_module
   /usr/local/lib/python3.12/dist-packages/vllm/model_executor/models/utils.py:359 _load_module
   /usr/local/lib/python3.12/dist-packages/vllm/models/deepseek_v4_1/nvidia/model.py:769 load_weights
   /usr/local/lib/python3.12/dist-packages/cuda_exl3/moe.py:83 _exl3_moe_weight_loader
   /usr/local/lib/python3.12/dist-packages/cuda_exl3/moe.py:347 _place
=== 17:36:23 anon 3.0 file 4.2 shmem 4.7 GiB
   /usr/local/lib/python3.12/dist-packages/vllm/model_executor/model_loader/default_loader.py:427 load_weights
   /usr/local/lib/python3.12/dist-packages/vllm/models/deepseek_v4_1/nvidia/vl_model.py:360 load_weights
   /usr/local/lib/python3.12/dist-packages/vllm/model_executor/model_loader/reload/torchao_decorator.py:50 patched_model_load_weights
   /usr/local/lib/python3.12/dist-packages/vllm/model_executor/models/utils.py:444 load_weights
   /usr/local/lib/python3.12/dist-packages/vllm/model_executor/models/utils.py:382 _load_module
   /usr/local/lib/python3.12/dist-packages/vllm/model_executor/models/utils.py:359 _load_module
   /usr/local/lib/python3.12/dist-packages/vllm/models/deepseek_v4_1/nvidia/model.py:1102 load_weights
   /usr/local/lib/python3.12/dist-packages/vllm/model_executor/model_loader/reload/torchao_decorator.py:50 patched_model_load_weights
   /usr/local/lib/python3.12/dist-packages/vllm/model_executor/models/utils.py:444 load_weights
   /usr/local/lib/python3.12/dist-packages/vllm/model_executor/models/utils.py:382 _load_module
   /usr/local/lib/python3.12/dist-packages/vllm/model_executor/models/utils.py:359 _load_module
   /usr/local/lib/python3.12/dist-packages/vllm/models/deepseek_v4_1/nvidia/model.py:769 load_weights
   /usr/local/lib/python3.12/dist-packages/cuda_exl3/moe.py:83 _exl3_moe_weight_loader
   /usr/local/lib/python3.12/dist-packages/cuda_exl3/moe.py:359 _place
=== 17:36:28 anon 2.8 file 3.2 shmem 4.7 GiB
   /usr/local/lib/python3.12/dist-packages/vllm/model_executor/model_loader/default_loader.py:427 load_weights
   /usr/local/lib/python3.12/dist-packages/vllm/models/deepseek_v4_1/nvidia/vl_model.py:360 load_weights
   /usr/local/lib/python3.12/dist-packages/vllm/model_executor/model_loader/reload/torchao_decorator.py:50 patched_model_load_weights
   /usr/local/lib/python3.12/dist-packages/vllm/model_executor/models/utils.py:444 load_weights
   /usr/local/lib/python3.12/dist-packages/vllm/model_executor/models/utils.py:382 _load_module
   /usr/local/lib/python3.12/dist-packages/vllm/model_executor/models/utils.py:359 _load_module
   /usr/local/lib/python3.12/dist-packages/vllm/models/deepseek_v4_1/nvidia/model.py:1102 load_weights
   /usr/local/lib/python3.12/dist-packages/vllm/model_executor/model_loader/reload/torchao_decorator.py:50 patched_model_load_weights
   /usr/local/lib/python3.12/dist-packages/vllm/model_executor/models/utils.py:444 load_weights
   /usr/local/lib/python3.12/dist-packages/vllm/model_executor/models/utils.py:382 _load_module
   /usr/local/lib/python3.12/dist-packages/vllm/model_executor/models/utils.py:359 _load_module
   /usr/local/lib/python3.12/dist-packages/vllm/models/deepseek_v4_1/nvidia/model.py:769 load_weights
   /usr/local/lib/python3.12/dist-packages/cuda_exl3/moe.py:83 _exl3_moe_weight_loader
   /usr/local/lib/python3.12/dist-packages/cuda_exl3/moe.py:359 _place
=== 17:36:33 anon 3.3 file 5.6 shmem 4.7 GiB
   /usr/local/lib/python3.12/dist-packages/vllm/model_executor/model_loader/base_loader.py:65 load_model
   /usr/local/lib/python3.12/dist-packages/vllm/tracing/otel.py:178 sync_wrapper
   /usr/local/lib/python3.12/dist-packages/vllm/model_executor/model_loader/default_loader.py:427 load_weights
   /usr/local/lib/python3.12/dist-packages/vllm/models/deepseek_v4_1/nvidia/vl_model.py:360 load_weights
   /usr/local/lib/python3.12/dist-packages/vllm/model_executor/model_loader/reload/torchao_decorator.py:50 patched_model_load_weights
   /usr/local/lib/python3.12/dist-packages/vllm/model_executor/models/utils.py:444 load_weights
   /usr/local/lib/python3.12/dist-packages/vllm/model_executor/models/utils.py:382 _load_module
   /usr/local/lib/python3.12/dist-packages/vllm/model_executor/models/utils.py:359 _load_module
   /usr/local/lib/python3.12/dist-packages/vllm/models/deepseek_v4_1/nvidia/model.py:1102 load_weights
   /usr/local/lib/python3.12/dist-packages/vllm/model_executor/model_loader/reload/torchao_decorator.py:50 patched_model_load_weights
   /usr/local/lib/python3.12/dist-packages/vllm/model_executor/models/utils.py:444 load_weights
   /usr/local/lib/python3.12/dist-packages/vllm/model_executor/models/utils.py:382 _load_module
   /usr/local/lib/python3.12/dist-packages/vllm/model_executor/models/utils.py:359 _load_module
   /usr/local/lib/python3.12/dist-packages/vllm/models/deepseek_v4_1/nvidia/model.py:769 load_weights
=== 17:36:38 anon 2.4 file 1.3 shmem 4.7 GiB
   /usr/local/lib/python3.12/dist-packages/vllm/model_executor/model_loader/default_loader.py:427 load_weights
   /usr/local/lib/python3.12/dist-packages/vllm/models/deepseek_v4_1/nvidia/vl_model.py:360 load_weights
   /usr/local/lib/python3.12/dist-packages/vllm/model_executor/model_loader/reload/torchao_decorator.py:50 patched_model_load_weights
   /usr/local/lib/python3.12/dist-packages/vllm/model_executor/models/utils.py:444 load_weights
   /usr/local/lib/python3.12/dist-packages/vllm/model_executor/models/utils.py:382 _load_module
   /usr/local/lib/python3.12/dist-packages/vllm/model_executor/models/utils.py:359 _load_module
   /usr/local/lib/python3.12/dist-packages/vllm/models/deepseek_v4_1/nvidia/model.py:1102 load_weights
   /usr/local/lib/python3.12/dist-packages/vllm/model_executor/model_loader/reload/torchao_decorator.py:50 patched_model_load_weights
   /usr/local/lib/python3.12/dist-packages/vllm/model_executor/models/utils.py:444 load_weights
   /usr/local/lib/python3.12/dist-packages/vllm/model_executor/models/utils.py:382 _load_module
   /usr/local/lib/python3.12/dist-packages/vllm/model_executor/models/utils.py:359 _load_module
   /usr/local/lib/python3.12/dist-packages/vllm/models/deepseek_v4_1/nvidia/model.py:769 load_weights
   /usr/local/lib/python3.12/dist-packages/cuda_exl3/moe.py:83 _exl3_moe_weight_loader
   /usr/local/lib/python3.12/dist-packages/cuda_exl3/moe.py:347 _place
=== 17:36:43 anon 2.9 file 3.7 shmem 4.7 GiB
   /usr/local/lib/python3.12/dist-packages/vllm/model_executor/model_loader/default_loader.py:427 load_weights
   /usr/local/lib/python3.12/dist-packages/vllm/models/deepseek_v4_1/nvidia/vl_model.py:360 load_weights
   /usr/local/lib/python3.12/dist-packages/vllm/model_executor/model_loader/reload/torchao_decorator.py:50 patched_model_load_weights
   /usr/local/lib/python3.12/dist-packages/vllm/model_executor/models/utils.py:444 load_weights
   /usr/local/lib/python3.12/dist-packages/vllm/model_executor/models/utils.py:382 _load_module
   /usr/local/lib/python3.12/dist-packages/vllm/model_executor/models/utils.py:359 _load_module
   /usr/local/lib/python3.12/dist-packages/vllm/models/deepseek_v4_1/nvidia/model.py:1102 load_weights
   /usr/local/lib/python3.12/dist-packages/vllm/model_executor/model_loader/reload/torchao_decorator.py:50 patched_model_load_weights
   /usr/local/lib/python3.12/dist-packages/vllm/model_executor/models/utils.py:444 load_weights
   /usr/local/lib/python3.12/dist-packages/vllm/model_executor/models/utils.py:382 _load_module
   /usr/local/lib/python3.12/dist-packages/vllm/model_executor/models/utils.py:359 _load_module
   /usr/local/lib/python3.12/dist-packages/vllm/models/deepseek_v4_1/nvidia/model.py:769 load_weights
   /usr/local/lib/python3.12/dist-packages/cuda_exl3/moe.py:83 _exl3_moe_weight_loader
   /usr/local/lib/python3.12/dist-packages/cuda_exl3/moe.py:378 _place
=== 17:36:48 anon 3.5 file 6.1 shmem 4.7 GiB
   /usr/local/lib/python3.12/dist-packages/vllm/model_executor/models/utils.py:444 load_weights
   /usr/local/lib/python3.12/dist-packages/vllm/model_executor/models/utils.py:382 _load_module
   /usr/local/lib/python3.12/dist-packages/vllm/model_executor/models/utils.py:359 _load_module
   /usr/local/lib/python3.12/dist-packages/vllm/models/deepseek_v4_1/nvidia/model.py:1102 load_weights
   /usr/local/lib/python3.12/dist-packages/vllm/model_executor/model_loader/reload/torchao_decorator.py:50 patched_model_load_weights
   /usr/local/lib/python3.12/dist-packages/vllm/model_executor/models/utils.py:444 load_weights
   /usr/local/lib/python3.12/dist-packages/vllm/model_executor/models/utils.py:382 _load_module
   /usr/local/lib/python3.12/dist-packages/vllm/model_executor/models/utils.py:359 _load_module
   /usr/local/lib/python3.12/dist-packages/vllm/models/deepseek_v4_1/nvidia/model.py:715 load_weights
   /usr/local/lib/python3.12/dist-packages/vllm/model_executor/models/utils.py:261 <genexpr>
   /usr/local/lib/python3.12/dist-packages/vllm/model_executor/models/utils.py:251 <genexpr>
   /usr/local/lib/python3.12/dist-packages/vllm/model_executor/models/utils.py:451 _filter_skipped
   /usr/local/lib/python3.12/dist-packages/vllm/model_executor/models/utils.py:141 apply
   /usr/local/lib/python3.12/dist-packages/vllm/model_executor/models/utils.py:102 _map_name_with_shard
=== 17:36:53 anon 2.5 file 1.9 shmem 4.7 GiB
   /usr/local/lib/python3.12/dist-packages/vllm/model_executor/model_loader/default_loader.py:427 load_weights
   /usr/local/lib/python3.12/dist-packages/vllm/models/deepseek_v4_1/nvidia/vl_model.py:360 load_weights
   /usr/local/lib/python3.12/dist-packages/vllm/model_executor/model_loader/reload/torchao_decorator.py:50 patched_model_load_weights
   /usr/local/lib/python3.12/dist-packages/vllm/model_executor/models/utils.py:444 load_weights
   /usr/local/lib/python3.12/dist-packages/vllm/model_executor/models/utils.py:382 _load_module
   /usr/local/lib/python3.12/dist-packages/vllm/model_executor/models/utils.py:359 _load_module
   /usr/local/lib/python3.12/dist-packages/vllm/models/deepseek_v4_1/nvidia/model.py:1102 load_weights
   /usr/local/lib/python3.12/dist-packages/vllm/model_executor/model_loader/reload/torchao_decorator.py:50 patched_model_load_weights
   /usr/local/lib/python3.12/dist-packages/vllm/model_executor/models/utils.py:444 load_weights
   /usr/local/lib/python3.12/dist-packages/vllm/model_executor/models/utils.py:382 _load_module
   /usr/local/lib/python3.12/dist-packages/vllm/model_executor/models/utils.py:359 _load_module
   /usr/local/lib/python3.12/dist-packages/vllm/models/deepseek_v4_1/nvidia/model.py:769 load_weights
   /usr/local/lib/python3.12/dist-packages/cuda_exl3/moe.py:83 _exl3_moe_weight_loader
   /usr/local/lib/python3.12/dist-packages/cuda_exl3/moe.py:347 _place
=== 17:36:58 anon 3.1 file 4.4 shmem 4.7 GiB
   /usr/local/lib/python3.12/dist-packages/vllm/model_executor/model_loader/default_loader.py:427 load_weights
   /usr/local/lib/python3.12/dist-packages/vllm/models/deepseek_v4_1/nvidia/vl_model.py:360 load_weights
   /usr/local/lib/python3.12/dist-packages/vllm/model_executor/model_loader/reload/torchao_decorator.py:50 patched_model_load_weights
   /usr/local/lib/python3.12/dist-packages/vllm/model_executor/models/utils.py:444 load_weights
   /usr/local/lib/python3.12/dist-packages/vllm/model_executor/models/utils.py:382 _load_module
   /usr/local/lib/python3.12/dist-packages/vllm/model_executor/models/utils.py:359 _load_module
   /usr/local/lib/python3.12/dist-packages/vllm/models/deepseek_v4_1/nvidia/model.py:1102 load_weights
   /usr/local/lib/python3.12/dist-packages/vllm/model_executor/model_loader/reload/torchao_decorator.py:50 patched_model_load_weights
   /usr/local/lib/python3.12/dist-packages/vllm/model_executor/models/utils.py:444 load_weights
   /usr/local/lib/python3.12/dist-packages/vllm/model_executor/models/utils.py:382 _load_module
   /usr/local/lib/python3.12/dist-packages/vllm/model_executor/models/utils.py:359 _load_module
   /usr/local/lib/python3.12/dist-packages/vllm/models/deepseek_v4_1/nvidia/model.py:769 load_weights
   /usr/local/lib/python3.12/dist-packages/cuda_exl3/moe.py:83 _exl3_moe_weight_loader
   /usr/local/lib/python3.12/dist-packages/cuda_exl3/moe.py:366 _place
=== 17:37:04 anon 2.9 file 3.4 shmem 4.7 GiB
   /usr/local/lib/python3.12/dist-packages/vllm/model_executor/model_loader/default_loader.py:427 load_weights
   /usr/local/lib/python3.12/dist-packages/vllm/models/deepseek_v4_1/nvidia/vl_model.py:360 load_weights
   /usr/local/lib/python3.12/dist-packages/vllm/model_executor/model_loader/reload/torchao_decorator.py:50 patched_model_load_weights
   /usr/local/lib/python3.12/dist-packages/vllm/model_executor/models/utils.py:444 load_weights
   /usr/local/lib/python3.12/dist-packages/vllm/model_executor/models/utils.py:382 _load_module
   /usr/local/lib/python3.12/dist-packages/vllm/model_executor/models/utils.py:359 _load_module
   /usr/local/lib/python3.12/dist-packages/vllm/models/deepseek_v4_1/nvidia/model.py:1102 load_weights
   /usr/local/lib/python3.12/dist-packages/vllm/model_executor/model_loader/reload/torchao_decorator.py:50 patched_model_load_weights
   /usr/local/lib/python3.12/dist-packages/vllm/model_executor/models/utils.py:444 load_weights
   /usr/local/lib/python3.12/dist-packages/vllm/model_executor/models/utils.py:382 _load_module
   /usr/local/lib/python3.12/dist-packages/vllm/model_executor/models/utils.py:359 _load_module
   /usr/local/lib/python3.12/dist-packages/vllm/models/deepseek_v4_1/nvidia/model.py:769 load_weights
   /usr/local/lib/python3.12/dist-packages/cuda_exl3/moe.py:83 _exl3_moe_weight_loader
   /usr/local/lib/python3.12/dist-packages/cuda_exl3/moe.py:366 _place
=== 17:37:09 anon 3.1 file 3.9 shmem 4.7 GiB
   /usr/local/lib/python3.12/dist-packages/vllm/tracing/otel.py:178 sync_wrapper
   /usr/local/lib/python3.12/dist-packages/vllm/model_executor/model_loader/default_loader.py:427 load_weights
   /usr/local/lib/python3.12/dist-packages/vllm/models/deepseek_v4_1/nvidia/vl_model.py:360 load_weights
   /usr/local/lib/python3.12/dist-packages/vllm/model_executor/model_loader/reload/torchao_decorator.py:50 patched_model_load_weights
   /usr/local/lib/python3.12/dist-packages/vllm/model_executor/models/utils.py:444 load_weights
   /usr/local/lib/python3.12/dist-packages/vllm/model_executor/models/utils.py:382 _load_module
   /usr/local/lib/python3.12/dist-packages/vllm/model_executor/models/utils.py:359 _load_module
   /usr/local/lib/python3.12/dist-packages/vllm/models/deepseek_v4_1/nvidia/model.py:1102 load_weights
   /usr/local/lib/python3.12/dist-packages/vllm/model_executor/model_loader/reload/torchao_decorator.py:50 patched_model_load_weights
   /usr/local/lib/python3.12/dist-packages/vllm/model_executor/models/utils.py:444 load_weights
   /usr/local/lib/python3.12/dist-packages/vllm/model_executor/models/utils.py:382 _load_module
   /usr/local/lib/python3.12/dist-packages/vllm/model_executor/models/utils.py:359 _load_module
   /usr/local/lib/python3.12/dist-packages/vllm/models/deepseek_v4_1/nvidia/model.py:804 load_weights
   /usr/local/lib/python3.12/dist-packages/vllm/model_executor/layers/linear.py:400 weight_loader
=== 17:37:14 anon 2.6 file 0.7 shmem 4.8 GiB
   /usr/lib/python3.12/multiprocessing/spawn.py:135 _main
   /usr/lib/python3.12/multiprocessing/process.py:314 _bootstrap
   /usr/lib/python3.12/multiprocessing/process.py:108 run
   /usr/local/lib/python3.12/dist-packages/vllm/v1/executor/multiproc_executor.py:911 worker_main
   /usr/local/lib/python3.12/dist-packages/vllm/tracing/otel.py:178 sync_wrapper
   /usr/local/lib/python3.12/dist-packages/vllm/v1/executor/multiproc_executor.py:698 __init__
   /usr/local/lib/python3.12/dist-packages/vllm/v1/executor/multiproc_executor.py:621 _init_message_queues
   /usr/local/lib/python3.12/dist-packages/vllm/distributed/parallel_state.py:612 create_mq_broadcaster
   /usr/local/lib/python3.12/dist-packages/vllm/distributed/device_communicators/shm_broadcast.py:1021 create_from_process_group
   /usr/local/lib/python3.12/dist-packages/vllm/distributed/parallel_state.py:2384 in_the_same_node_as
   /usr/local/lib/python3.12/dist-packages/torch/distributed/c10d_logger.py:83 wrapper
   /usr/local/lib/python3.12/dist-packages/torch/distributed/distributed_c10d.py:4026 broadcast_object_list
   /usr/local/lib/python3.12/dist-packages/torch/distributed/c10d_logger.py:83 wrapper
   /usr/local/lib/python3.12/dist-packages/torch/distributed/distributed_c10d.py:3151 broadcast
=== 17:37:19 anon 1.9 file 0.7 shmem 4.8 GiB
   /usr/lib/python3.12/multiprocessing/spawn.py:135 _main
   /usr/lib/python3.12/multiprocessing/process.py:314 _bootstrap
   /usr/lib/python3.12/multiprocessing/process.py:108 run
   /usr/local/lib/python3.12/dist-packages/vllm/v1/executor/multiproc_executor.py:911 worker_main
   /usr/local/lib/python3.12/dist-packages/vllm/tracing/otel.py:178 sync_wrapper
   /usr/local/lib/python3.12/dist-packages/vllm/v1/executor/multiproc_executor.py:698 __init__
   /usr/local/lib/python3.12/dist-packages/vllm/v1/executor/multiproc_executor.py:621 _init_message_queues
   /usr/local/lib/python3.12/dist-packages/vllm/distributed/parallel_state.py:612 create_mq_broadcaster
   /usr/local/lib/python3.12/dist-packages/vllm/distributed/device_communicators/shm_broadcast.py:1021 create_from_process_group
   /usr/local/lib/python3.12/dist-packages/vllm/distributed/parallel_state.py:2384 in_the_same_node_as
   /usr/local/lib/python3.12/dist-packages/torch/distributed/c10d_logger.py:83 wrapper
   /usr/local/lib/python3.12/dist-packages/torch/distributed/distributed_c10d.py:4026 broadcast_object_list
   /usr/local/lib/python3.12/dist-packages/torch/distributed/c10d_logger.py:83 wrapper
   /usr/local/lib/python3.12/dist-packages/torch/distributed/distributed_c10d.py:3151 broadcast
=== 17:37:24 anon 1.9 file 0.7 shmem 4.8 GiB
   /usr/lib/python3.12/multiprocessing/spawn.py:135 _main
   /usr/lib/python3.12/multiprocessing/process.py:314 _bootstrap
   /usr/lib/python3.12/multiprocessing/process.py:108 run
   /usr/local/lib/python3.12/dist-packages/vllm/v1/executor/multiproc_executor.py:911 worker_main
   /usr/local/lib/python3.12/dist-packages/vllm/tracing/otel.py:178 sync_wrapper
   /usr/local/lib/python3.12/dist-packages/vllm/v1/executor/multiproc_executor.py:698 __init__
   /usr/local/lib/python3.12/dist-packages/vllm/v1/executor/multiproc_executor.py:621 _init_message_queues
   /usr/local/lib/python3.12/dist-packages/vllm/distributed/parallel_state.py:612 create_mq_broadcaster
   /usr/local/lib/python3.12/dist-packages/vllm/distributed/device_communicators/shm_broadcast.py:1021 create_from_process_group
   /usr/local/lib/python3.12/dist-packages/vllm/distributed/parallel_state.py:2384 in_the_same_node_as
   /usr/local/lib/python3.12/dist-packages/torch/distributed/c10d_logger.py:83 wrapper
   /usr/local/lib/python3.12/dist-packages/torch/distributed/distributed_c10d.py:4026 broadcast_object_list
   /usr/local/lib/python3.12/dist-packages/torch/distributed/c10d_logger.py:83 wrapper
   /usr/local/lib/python3.12/dist-packages/torch/distributed/distributed_c10d.py:3151 broadcast
=== 17:37:29 anon 1.9 file 0.7 shmem 4.8 GiB
   /usr/lib/python3.12/multiprocessing/spawn.py:135 _main
   /usr/lib/python3.12/multiprocessing/process.py:314 _bootstrap
   /usr/lib/python3.12/multiprocessing/process.py:108 run
   /usr/local/lib/python3.12/dist-packages/vllm/v1/executor/multiproc_executor.py:911 worker_main
   /usr/local/lib/python3.12/dist-packages/vllm/tracing/otel.py:178 sync_wrapper
   /usr/local/lib/python3.12/dist-packages/vllm/v1/executor/multiproc_executor.py:698 __init__
   /usr/local/lib/python3.12/dist-packages/vllm/v1/executor/multiproc_executor.py:621 _init_message_queues
   /usr/local/lib/python3.12/dist-packages/vllm/distributed/parallel_state.py:612 create_mq_broadcaster
   /usr/local/lib/python3.12/dist-packages/vllm/distributed/device_communicators/shm_broadcast.py:1021 create_from_process_group
   /usr/local/lib/python3.12/dist-packages/vllm/distributed/parallel_state.py:2384 in_the_same_node_as
   /usr/local/lib/python3.12/dist-packages/torch/distributed/c10d_logger.py:83 wrapper
   /usr/local/lib/python3.12/dist-packages/torch/distributed/distributed_c10d.py:4026 broadcast_object_list
   /usr/local/lib/python3.12/dist-packages/torch/distributed/c10d_logger.py:83 wrapper
   /usr/local/lib/python3.12/dist-packages/torch/distributed/distributed_c10d.py:3151 broadcast
=== 17:37:34 anon 1.9 file 0.7 shmem 4.8 GiB
   /usr/lib/python3.12/multiprocessing/spawn.py:135 _main
   /usr/lib/python3.12/multiprocessing/process.py:314 _bootstrap
   /usr/lib/python3.12/multiprocessing/process.py:108 run
   /usr/local/lib/python3.12/dist-packages/vllm/v1/executor/multiproc_executor.py:911 worker_main
   /usr/local/lib/python3.12/dist-packages/vllm/tracing/otel.py:178 sync_wrapper
   /usr/local/lib/python3.12/dist-packages/vllm/v1/executor/multiproc_executor.py:698 __init__
   /usr/local/lib/python3.12/dist-packages/vllm/v1/executor/multiproc_executor.py:621 _init_message_queues
   /usr/local/lib/python3.12/dist-packages/vllm/distributed/parallel_state.py:612 create_mq_broadcaster
   /usr/local/lib/python3.12/dist-packages/vllm/distributed/device_communicators/shm_broadcast.py:1021 create_from_process_group
   /usr/local/lib/python3.12/dist-packages/vllm/distributed/parallel_state.py:2384 in_the_same_node_as
   /usr/local/lib/python3.12/dist-packages/torch/distributed/c10d_logger.py:83 wrapper
   /usr/local/lib/python3.12/dist-packages/torch/distributed/distributed_c10d.py:4026 broadcast_object_list
   /usr/local/lib/python3.12/dist-packages/torch/distributed/c10d_logger.py:83 wrapper
   /usr/local/lib/python3.12/dist-packages/torch/distributed/distributed_c10d.py:3151 broadcast
=== 17:37:39 anon 1.9 file 0.7 shmem 4.8 GiB
   /usr/lib/python3.12/multiprocessing/spawn.py:135 _main
   /usr/lib/python3.12/multiprocessing/process.py:314 _bootstrap
   /usr/lib/python3.12/multiprocessing/process.py:108 run
   /usr/local/lib/python3.12/dist-packages/vllm/v1/executor/multiproc_executor.py:911 worker_main
   /usr/local/lib/python3.12/dist-packages/vllm/tracing/otel.py:178 sync_wrapper
   /usr/local/lib/python3.12/dist-packages/vllm/v1/executor/multiproc_executor.py:698 __init__
   /usr/local/lib/python3.12/dist-packages/vllm/v1/executor/multiproc_executor.py:621 _init_message_queues
   /usr/local/lib/python3.12/dist-packages/vllm/distributed/parallel_state.py:612 create_mq_broadcaster
   /usr/local/lib/python3.12/dist-packages/vllm/distributed/device_communicators/shm_broadcast.py:1021 create_from_process_group
   /usr/local/lib/python3.12/dist-packages/vllm/distributed/parallel_state.py:2384 in_the_same_node_as
   /usr/local/lib/python3.12/dist-packages/torch/distributed/c10d_logger.py:83 wrapper
   /usr/local/lib/python3.12/dist-packages/torch/distributed/distributed_c10d.py:4026 broadcast_object_list
   /usr/local/lib/python3.12/dist-packages/torch/distributed/c10d_logger.py:83 wrapper
   /usr/local/lib/python3.12/dist-packages/torch/distributed/distributed_c10d.py:3151 broadcast
=== 17:37:44 anon 1.9 file 0.7 shmem 4.8 GiB
   /usr/lib/python3.12/multiprocessing/spawn.py:135 _main
   /usr/lib/python3.12/multiprocessing/process.py:314 _bootstrap
   /usr/lib/python3.12/multiprocessing/process.py:108 run
   /usr/local/lib/python3.12/dist-packages/vllm/v1/executor/multiproc_executor.py:911 worker_main
   /usr/local/lib/python3.12/dist-packages/vllm/tracing/otel.py:178 sync_wrapper
   /usr/local/lib/python3.12/dist-packages/vllm/v1/executor/multiproc_executor.py:698 __init__
   /usr/local/lib/python3.12/dist-packages/vllm/v1/executor/multiproc_executor.py:621 _init_message_queues
   /usr/local/lib/python3.12/dist-packages/vllm/distributed/parallel_state.py:612 create_mq_broadcaster
   /usr/local/lib/python3.12/dist-packages/vllm/distributed/device_communicators/shm_broadcast.py:1021 create_from_process_group
   /usr/local/lib/python3.12/dist-packages/vllm/distributed/parallel_state.py:2384 in_the_same_node_as
   /usr/local/lib/python3.12/dist-packages/torch/distributed/c10d_logger.py:83 wrapper
   /usr/local/lib/python3.12/dist-packages/torch/distributed/distributed_c10d.py:4026 broadcast_object_list
   /usr/local/lib/python3.12/dist-packages/torch/distributed/c10d_logger.py:83 wrapper
   /usr/local/lib/python3.12/dist-packages/torch/distributed/distributed_c10d.py:3151 broadcast
=== 17:37:49 anon 1.9 file 0.7 shmem 4.8 GiB
   /usr/lib/python3.12/multiprocessing/spawn.py:135 _main
   /usr/lib/python3.12/multiprocessing/process.py:314 _bootstrap
   /usr/lib/python3.12/multiprocessing/process.py:108 run
   /usr/local/lib/python3.12/dist-packages/vllm/v1/executor/multiproc_executor.py:911 worker_main
   /usr/local/lib/python3.12/dist-packages/vllm/tracing/otel.py:178 sync_wrapper
   /usr/local/lib/python3.12/dist-packages/vllm/v1/executor/multiproc_executor.py:698 __init__
   /usr/local/lib/python3.12/dist-packages/vllm/v1/executor/multiproc_executor.py:621 _init_message_queues
   /usr/local/lib/python3.12/dist-packages/vllm/distributed/parallel_state.py:612 create_mq_broadcaster
   /usr/local/lib/python3.12/dist-packages/vllm/distributed/device_communicators/shm_broadcast.py:1021 create_from_process_group
   /usr/local/lib/python3.12/dist-packages/vllm/distributed/parallel_state.py:2384 in_the_same_node_as
   /usr/local/lib/python3.12/dist-packages/torch/distributed/c10d_logger.py:83 wrapper
   /usr/local/lib/python3.12/dist-packages/torch/distributed/distributed_c10d.py:4026 broadcast_object_list
   /usr/local/lib/python3.12/dist-packages/torch/distributed/c10d_logger.py:83 wrapper
   /usr/local/lib/python3.12/dist-packages/torch/distributed/distributed_c10d.py:3151 broadcast
=== 17:37:54 anon 1.9 file 0.7 shmem 4.8 GiB
   /usr/lib/python3.12/multiprocessing/spawn.py:135 _main
   /usr/lib/python3.12/multiprocessing/process.py:314 _bootstrap
   /usr/lib/python3.12/multiprocessing/process.py:108 run
   /usr/local/lib/python3.12/dist-packages/vllm/v1/executor/multiproc_executor.py:911 worker_main
   /usr/local/lib/python3.12/dist-packages/vllm/tracing/otel.py:178 sync_wrapper
   /usr/local/lib/python3.12/dist-packages/vllm/v1/executor/multiproc_executor.py:698 __init__
   /usr/local/lib/python3.12/dist-packages/vllm/v1/executor/multiproc_executor.py:621 _init_message_queues
   /usr/local/lib/python3.12/dist-packages/vllm/distributed/parallel_state.py:612 create_mq_broadcaster
   /usr/local/lib/python3.12/dist-packages/vllm/distributed/device_communicators/shm_broadcast.py:1021 create_from_process_group
   /usr/local/lib/python3.12/dist-packages/vllm/distributed/parallel_state.py:2384 in_the_same_node_as
   /usr/local/lib/python3.12/dist-packages/torch/distributed/c10d_logger.py:83 wrapper
   /usr/local/lib/python3.12/dist-packages/torch/distributed/distributed_c10d.py:4026 broadcast_object_list
   /usr/local/lib/python3.12/dist-packages/torch/distributed/c10d_logger.py:83 wrapper
   /usr/local/lib/python3.12/dist-packages/torch/distributed/distributed_c10d.py:3151 broadcast
=== 17:37:59 anon 1.9 file 0.7 shmem 4.8 GiB
   /usr/lib/python3.12/multiprocessing/spawn.py:135 _main
   /usr/lib/python3.12/multiprocessing/process.py:314 _bootstrap
   /usr/lib/python3.12/multiprocessing/process.py:108 run
   /usr/local/lib/python3.12/dist-packages/vllm/v1/executor/multiproc_executor.py:911 worker_main
   /usr/local/lib/python3.12/dist-packages/vllm/tracing/otel.py:178 sync_wrapper
   /usr/local/lib/python3.12/dist-packages/vllm/v1/executor/multiproc_executor.py:698 __init__
   /usr/local/lib/python3.12/dist-packages/vllm/v1/executor/multiproc_executor.py:621 _init_message_queues
   /usr/local/lib/python3.12/dist-packages/vllm/distributed/parallel_state.py:612 create_mq_broadcaster
   /usr/local/lib/python3.12/dist-packages/vllm/distributed/device_communicators/shm_broadcast.py:1021 create_from_process_group
   /usr/local/lib/python3.12/dist-packages/vllm/distributed/parallel_state.py:2384 in_the_same_node_as
   /usr/local/lib/python3.12/dist-packages/torch/distributed/c10d_logger.py:83 wrapper
   /usr/local/lib/python3.12/dist-packages/torch/distributed/distributed_c10d.py:4026 broadcast_object_list
   /usr/local/lib/python3.12/dist-packages/torch/distributed/c10d_logger.py:83 wrapper
   /usr/local/lib/python3.12/dist-packages/torch/distributed/distributed_c10d.py:3151 broadcast
=== 17:38:04 anon 1.9 file 0.7 shmem 4.8 GiB
   /usr/lib/python3.12/multiprocessing/spawn.py:135 _main
   /usr/lib/python3.12/multiprocessing/process.py:314 _bootstrap
   /usr/lib/python3.12/multiprocessing/process.py:108 run
   /usr/local/lib/python3.12/dist-packages/vllm/v1/executor/multiproc_executor.py:911 worker_main
   /usr/local/lib/python3.12/dist-packages/vllm/tracing/otel.py:178 sync_wrapper
   /usr/local/lib/python3.12/dist-packages/vllm/v1/executor/multiproc_executor.py:698 __init__
   /usr/local/lib/python3.12/dist-packages/vllm/v1/executor/multiproc_executor.py:621 _init_message_queues
   /usr/local/lib/python3.12/dist-packages/vllm/distributed/parallel_state.py:612 create_mq_broadcaster
   /usr/local/lib/python3.12/dist-packages/vllm/distributed/device_communicators/shm_broadcast.py:1021 create_from_process_group
   /usr/local/lib/python3.12/dist-packages/vllm/distributed/parallel_state.py:2384 in_the_same_node_as
   /usr/local/lib/python3.12/dist-packages/torch/distributed/c10d_logger.py:83 wrapper
   /usr/local/lib/python3.12/dist-packages/torch/distributed/distributed_c10d.py:4026 broadcast_object_list
   /usr/local/lib/python3.12/dist-packages/torch/distributed/c10d_logger.py:83 wrapper
   /usr/local/lib/python3.12/dist-packages/torch/distributed/distributed_c10d.py:3151 broadcast
=== 17:38:09 anon 1.9 file 0.7 shmem 4.8 GiB
   /usr/lib/python3.12/multiprocessing/spawn.py:135 _main
   /usr/lib/python3.12/multiprocessing/process.py:314 _bootstrap
   /usr/lib/python3.12/multiprocessing/process.py:108 run
   /usr/local/lib/python3.12/dist-packages/vllm/v1/executor/multiproc_executor.py:911 worker_main
   /usr/local/lib/python3.12/dist-packages/vllm/tracing/otel.py:178 sync_wrapper
   /usr/local/lib/python3.12/dist-packages/vllm/v1/executor/multiproc_executor.py:698 __init__
   /usr/local/lib/python3.12/dist-packages/vllm/v1/executor/multiproc_executor.py:621 _init_message_queues
   /usr/local/lib/python3.12/dist-packages/vllm/distributed/parallel_state.py:612 create_mq_broadcaster
   /usr/local/lib/python3.12/dist-packages/vllm/distributed/device_communicators/shm_broadcast.py:1021 create_from_process_group
   /usr/local/lib/python3.12/dist-packages/vllm/distributed/parallel_state.py:2384 in_the_same_node_as
   /usr/local/lib/python3.12/dist-packages/torch/distributed/c10d_logger.py:83 wrapper
   /usr/local/lib/python3.12/dist-packages/torch/distributed/distributed_c10d.py:4026 broadcast_object_list
   /usr/local/lib/python3.12/dist-packages/torch/distributed/c10d_logger.py:83 wrapper
   /usr/local/lib/python3.12/dist-packages/torch/distributed/distributed_c10d.py:3151 broadcast
=== 17:38:14 anon 1.9 file 0.7 shmem 4.8 GiB
   /usr/lib/python3.12/multiprocessing/spawn.py:135 _main
   /usr/lib/python3.12/multiprocessing/process.py:314 _bootstrap
   /usr/lib/python3.12/multiprocessing/process.py:108 run
   /usr/local/lib/python3.12/dist-packages/vllm/v1/executor/multiproc_executor.py:911 worker_main
   /usr/local/lib/python3.12/dist-packages/vllm/tracing/otel.py:178 sync_wrapper
   /usr/local/lib/python3.12/dist-packages/vllm/v1/executor/multiproc_executor.py:698 __init__
   /usr/local/lib/python3.12/dist-packages/vllm/v1/executor/multiproc_executor.py:621 _init_message_queues
   /usr/local/lib/python3.12/dist-packages/vllm/distributed/parallel_state.py:612 create_mq_broadcaster
   /usr/local/lib/python3.12/dist-packages/vllm/distributed/device_communicators/shm_broadcast.py:1021 create_from_process_group
   /usr/local/lib/python3.12/dist-packages/vllm/distributed/parallel_state.py:2384 in_the_same_node_as
   /usr/local/lib/python3.12/dist-packages/torch/distributed/c10d_logger.py:83 wrapper
   /usr/local/lib/python3.12/dist-packages/torch/distributed/distributed_c10d.py:4026 broadcast_object_list
   /usr/local/lib/python3.12/dist-packages/torch/distributed/c10d_logger.py:83 wrapper
   /usr/local/lib/python3.12/dist-packages/torch/distributed/distributed_c10d.py:3151 broadcast
=== 17:38:19 anon 1.9 file 0.7 shmem 4.8 GiB
   /usr/lib/python3.12/multiprocessing/spawn.py:135 _main
   /usr/lib/python3.12/multiprocessing/process.py:314 _bootstrap
   /usr/lib/python3.12/multiprocessing/process.py:108 run
   /usr/local/lib/python3.12/dist-packages/vllm/v1/executor/multiproc_executor.py:911 worker_main
   /usr/local/lib/python3.12/dist-packages/vllm/tracing/otel.py:178 sync_wrapper
   /usr/local/lib/python3.12/dist-packages/vllm/v1/executor/multiproc_executor.py:698 __init__
   /usr/local/lib/python3.12/dist-packages/vllm/v1/executor/multiproc_executor.py:621 _init_message_queues
   /usr/local/lib/python3.12/dist-packages/vllm/distributed/parallel_state.py:612 create_mq_broadcaster
   /usr/local/lib/python3.12/dist-packages/vllm/distributed/device_communicators/shm_broadcast.py:1021 create_from_process_group
   /usr/local/lib/python3.12/dist-packages/vllm/distributed/parallel_state.py:2384 in_the_same_node_as
   /usr/local/lib/python3.12/dist-packages/torch/distributed/c10d_logger.py:83 wrapper
   /usr/local/lib/python3.12/dist-packages/torch/distributed/distributed_c10d.py:4026 broadcast_object_list
   /usr/local/lib/python3.12/dist-packages/torch/distributed/c10d_logger.py:83 wrapper
   /usr/local/lib/python3.12/dist-packages/torch/distributed/distributed_c10d.py:3151 broadcast
=== 17:38:24 anon 1.9 file 0.7 shmem 4.8 GiB
   /usr/lib/python3.12/multiprocessing/spawn.py:135 _main
   /usr/lib/python3.12/multiprocessing/process.py:314 _bootstrap
   /usr/lib/python3.12/multiprocessing/process.py:108 run
   /usr/local/lib/python3.12/dist-packages/vllm/v1/executor/multiproc_executor.py:911 worker_main
   /usr/local/lib/python3.12/dist-packages/vllm/tracing/otel.py:178 sync_wrapper
   /usr/local/lib/python3.12/dist-packages/vllm/v1/executor/multiproc_executor.py:698 __init__
   /usr/local/lib/python3.12/dist-packages/vllm/v1/executor/multiproc_executor.py:621 _init_message_queues
   /usr/local/lib/python3.12/dist-packages/vllm/distributed/parallel_state.py:612 create_mq_broadcaster
   /usr/local/lib/python3.12/dist-packages/vllm/distributed/device_communicators/shm_broadcast.py:1021 create_from_process_group
   /usr/local/lib/python3.12/dist-packages/vllm/distributed/parallel_state.py:2384 in_the_same_node_as
   /usr/local/lib/python3.12/dist-packages/torch/distributed/c10d_logger.py:83 wrapper
   /usr/local/lib/python3.12/dist-packages/torch/distributed/distributed_c10d.py:4026 broadcast_object_list
   /usr/local/lib/python3.12/dist-packages/torch/distributed/c10d_logger.py:83 wrapper
   /usr/local/lib/python3.12/dist-packages/torch/distributed/distributed_c10d.py:3151 broadcast
=== 17:38:29 anon 1.9 file 0.7 shmem 4.8 GiB
   /usr/lib/python3.12/multiprocessing/spawn.py:135 _main
   /usr/lib/python3.12/multiprocessing/process.py:314 _bootstrap
   /usr/lib/python3.12/multiprocessing/process.py:108 run
   /usr/local/lib/python3.12/dist-packages/vllm/v1/executor/multiproc_executor.py:911 worker_main
   /usr/local/lib/python3.12/dist-packages/vllm/tracing/otel.py:178 sync_wrapper
   /usr/local/lib/python3.12/dist-packages/vllm/v1/executor/multiproc_executor.py:698 __init__
   /usr/local/lib/python3.12/dist-packages/vllm/v1/executor/multiproc_executor.py:621 _init_message_queues
   /usr/local/lib/python3.12/dist-packages/vllm/distributed/parallel_state.py:612 create_mq_broadcaster
   /usr/local/lib/python3.12/dist-packages/vllm/distributed/device_communicators/shm_broadcast.py:1021 create_from_process_group
   /usr/local/lib/python3.12/dist-packages/vllm/distributed/parallel_state.py:2384 in_the_same_node_as
   /usr/local/lib/python3.12/dist-packages/torch/distributed/c10d_logger.py:83 wrapper
   /usr/local/lib/python3.12/dist-packages/torch/distributed/distributed_c10d.py:4026 broadcast_object_list
   /usr/local/lib/python3.12/dist-packages/torch/distributed/c10d_logger.py:83 wrapper
   /usr/local/lib/python3.12/dist-packages/torch/distributed/distributed_c10d.py:3151 broadcast
=== 17:38:34 anon 1.9 file 0.7 shmem 4.8 GiB
   /usr/lib/python3.12/multiprocessing/spawn.py:135 _main
   /usr/lib/python3.12/multiprocessing/process.py:314 _bootstrap
   /usr/lib/python3.12/multiprocessing/process.py:108 run
   /usr/local/lib/python3.12/dist-packages/vllm/v1/executor/multiproc_executor.py:911 worker_main
   /usr/local/lib/python3.12/dist-packages/vllm/tracing/otel.py:178 sync_wrapper
   /usr/local/lib/python3.12/dist-packages/vllm/v1/executor/multiproc_executor.py:698 __init__
   /usr/local/lib/python3.12/dist-packages/vllm/v1/executor/multiproc_executor.py:621 _init_message_queues
   /usr/local/lib/python3.12/dist-packages/vllm/distributed/parallel_state.py:612 create_mq_broadcaster
   /usr/local/lib/python3.12/dist-packages/vllm/distributed/device_communicators/shm_broadcast.py:1021 create_from_process_group
   /usr/local/lib/python3.12/dist-packages/vllm/distributed/parallel_state.py:2384 in_the_same_node_as
   /usr/local/lib/python3.12/dist-packages/torch/distributed/c10d_logger.py:83 wrapper
   /usr/local/lib/python3.12/dist-packages/torch/distributed/distributed_c10d.py:4026 broadcast_object_list
   /usr/local/lib/python3.12/dist-packages/torch/distributed/c10d_logger.py:83 wrapper
   /usr/local/lib/python3.12/dist-packages/torch/distributed/distributed_c10d.py:3151 broadcast
=== 17:38:39 anon 1.9 file 0.7 shmem 4.8 GiB
   /usr/lib/python3.12/multiprocessing/spawn.py:135 _main
   /usr/lib/python3.12/multiprocessing/process.py:314 _bootstrap
   /usr/lib/python3.12/multiprocessing/process.py:108 run
   /usr/local/lib/python3.12/dist-packages/vllm/v1/executor/multiproc_executor.py:911 worker_main
   /usr/local/lib/python3.12/dist-packages/vllm/tracing/otel.py:178 sync_wrapper
   /usr/local/lib/python3.12/dist-packages/vllm/v1/executor/multiproc_executor.py:698 __init__
   /usr/local/lib/python3.12/dist-packages/vllm/v1/executor/multiproc_executor.py:621 _init_message_queues
   /usr/local/lib/python3.12/dist-packages/vllm/distributed/parallel_state.py:612 create_mq_broadcaster
   /usr/local/lib/python3.12/dist-packages/vllm/distributed/device_communicators/shm_broadcast.py:1021 create_from_process_group
   /usr/local/lib/python3.12/dist-packages/vllm/distributed/parallel_state.py:2384 in_the_same_node_as
   /usr/local/lib/python3.12/dist-packages/torch/distributed/c10d_logger.py:83 wrapper
   /usr/local/lib/python3.12/dist-packages/torch/distributed/distributed_c10d.py:4026 broadcast_object_list
   /usr/local/lib/python3.12/dist-packages/torch/distributed/c10d_logger.py:83 wrapper
   /usr/local/lib/python3.12/dist-packages/torch/distributed/distributed_c10d.py:3151 broadcast
=== 17:38:44 anon 1.9 file 0.7 shmem 4.8 GiB
   /usr/lib/python3.12/multiprocessing/spawn.py:135 _main
   /usr/lib/python3.12/multiprocessing/process.py:314 _bootstrap
   /usr/lib/python3.12/multiprocessing/process.py:108 run
   /usr/local/lib/python3.12/dist-packages/vllm/v1/executor/multiproc_executor.py:911 worker_main
   /usr/local/lib/python3.12/dist-packages/vllm/tracing/otel.py:178 sync_wrapper
   /usr/local/lib/python3.12/dist-packages/vllm/v1/executor/multiproc_executor.py:698 __init__
   /usr/local/lib/python3.12/dist-packages/vllm/v1/executor/multiproc_executor.py:621 _init_message_queues
   /usr/local/lib/python3.12/dist-packages/vllm/distributed/parallel_state.py:612 create_mq_broadcaster
   /usr/local/lib/python3.12/dist-packages/vllm/distributed/device_communicators/shm_broadcast.py:1021 create_from_process_group
   /usr/local/lib/python3.12/dist-packages/vllm/distributed/parallel_state.py:2384 in_the_same_node_as
   /usr/local/lib/python3.12/dist-packages/torch/distributed/c10d_logger.py:83 wrapper
   /usr/local/lib/python3.12/dist-packages/torch/distributed/distributed_c10d.py:4026 broadcast_object_list
   /usr/local/lib/python3.12/dist-packages/torch/distributed/c10d_logger.py:83 wrapper
   /usr/local/lib/python3.12/dist-packages/torch/distributed/distributed_c10d.py:3151 broadcast
=== 17:38:49 anon 1.9 file 0.7 shmem 4.8 GiB
   /usr/lib/python3.12/multiprocessing/spawn.py:135 _main
   /usr/lib/python3.12/multiprocessing/process.py:314 _bootstrap
   /usr/lib/python3.12/multiprocessing/process.py:108 run
   /usr/local/lib/python3.12/dist-packages/vllm/v1/executor/multiproc_executor.py:911 worker_main
   /usr/local/lib/python3.12/dist-packages/vllm/tracing/otel.py:178 sync_wrapper
   /usr/local/lib/python3.12/dist-packages/vllm/v1/executor/multiproc_executor.py:698 __init__
   /usr/local/lib/python3.12/dist-packages/vllm/v1/executor/multiproc_executor.py:621 _init_message_queues
   /usr/local/lib/python3.12/dist-packages/vllm/distributed/parallel_state.py:612 create_mq_broadcaster
   /usr/local/lib/python3.12/dist-packages/vllm/distributed/device_communicators/shm_broadcast.py:1021 create_from_process_group
   /usr/local/lib/python3.12/dist-packages/vllm/distributed/parallel_state.py:2384 in_the_same_node_as
   /usr/local/lib/python3.12/dist-packages/torch/distributed/c10d_logger.py:83 wrapper
   /usr/local/lib/python3.12/dist-packages/torch/distributed/distributed_c10d.py:4026 broadcast_object_list
   /usr/local/lib/python3.12/dist-packages/torch/distributed/c10d_logger.py:83 wrapper
   /usr/local/lib/python3.12/dist-packages/torch/distributed/distributed_c10d.py:3151 broadcast
=== 17:38:54 anon 1.9 file 0.7 shmem 4.8 GiB
   /usr/lib/python3.12/multiprocessing/spawn.py:135 _main
   /usr/lib/python3.12/multiprocessing/process.py:314 _bootstrap
   /usr/lib/python3.12/multiprocessing/process.py:108 run
   /usr/local/lib/python3.12/dist-packages/vllm/v1/executor/multiproc_executor.py:911 worker_main
   /usr/local/lib/python3.12/dist-packages/vllm/tracing/otel.py:178 sync_wrapper
   /usr/local/lib/python3.12/dist-packages/vllm/v1/executor/multiproc_executor.py:698 __init__
   /usr/local/lib/python3.12/dist-packages/vllm/v1/executor/multiproc_executor.py:621 _init_message_queues
   /usr/local/lib/python3.12/dist-packages/vllm/distributed/parallel_state.py:612 create_mq_broadcaster
   /usr/local/lib/python3.12/dist-packages/vllm/distributed/device_communicators/shm_broadcast.py:1021 create_from_process_group
   /usr/local/lib/python3.12/dist-packages/vllm/distributed/parallel_state.py:2384 in_the_same_node_as
   /usr/local/lib/python3.12/dist-packages/torch/distributed/c10d_logger.py:83 wrapper
   /usr/local/lib/python3.12/dist-packages/torch/distributed/distributed_c10d.py:4026 broadcast_object_list
   /usr/local/lib/python3.12/dist-packages/torch/distributed/c10d_logger.py:83 wrapper
   /usr/local/lib/python3.12/dist-packages/torch/distributed/distributed_c10d.py:3151 broadcast
=== 17:38:59 anon 1.9 file 0.7 shmem 4.8 GiB
   /usr/lib/python3.12/multiprocessing/spawn.py:135 _main
   /usr/lib/python3.12/multiprocessing/process.py:314 _bootstrap
   /usr/lib/python3.12/multiprocessing/process.py:108 run
   /usr/local/lib/python3.12/dist-packages/vllm/v1/executor/multiproc_executor.py:911 worker_main
   /usr/local/lib/python3.12/dist-packages/vllm/tracing/otel.py:178 sync_wrapper
   /usr/local/lib/python3.12/dist-packages/vllm/v1/executor/multiproc_executor.py:698 __init__
   /usr/local/lib/python3.12/dist-packages/vllm/v1/executor/multiproc_executor.py:621 _init_message_queues
   /usr/local/lib/python3.12/dist-packages/vllm/distributed/parallel_state.py:612 create_mq_broadcaster
   /usr/local/lib/python3.12/dist-packages/vllm/distributed/device_communicators/shm_broadcast.py:1021 create_from_process_group
   /usr/local/lib/python3.12/dist-packages/vllm/distributed/parallel_state.py:2384 in_the_same_node_as
   /usr/local/lib/python3.12/dist-packages/torch/distributed/c10d_logger.py:83 wrapper
   /usr/local/lib/python3.12/dist-packages/torch/distributed/distributed_c10d.py:4026 broadcast_object_list
   /usr/local/lib/python3.12/dist-packages/torch/distributed/c10d_logger.py:83 wrapper
   /usr/local/lib/python3.12/dist-packages/torch/distributed/distributed_c10d.py:3151 broadcast
=== 17:39:04 anon 1.9 file 0.7 shmem 4.8 GiB
   /usr/lib/python3.12/multiprocessing/spawn.py:135 _main
   /usr/lib/python3.12/multiprocessing/process.py:314 _bootstrap
   /usr/lib/python3.12/multiprocessing/process.py:108 run
   /usr/local/lib/python3.12/dist-packages/vllm/v1/executor/multiproc_executor.py:911 worker_main
   /usr/local/lib/python3.12/dist-packages/vllm/tracing/otel.py:178 sync_wrapper
   /usr/local/lib/python3.12/dist-packages/vllm/v1/executor/multiproc_executor.py:698 __init__
   /usr/local/lib/python3.12/dist-packages/vllm/v1/executor/multiproc_executor.py:621 _init_message_queues
   /usr/local/lib/python3.12/dist-packages/vllm/distributed/parallel_state.py:612 create_mq_broadcaster
   /usr/local/lib/python3.12/dist-packages/vllm/distributed/device_communicators/shm_broadcast.py:1021 create_from_process_group
   /usr/local/lib/python3.12/dist-packages/vllm/distributed/parallel_state.py:2384 in_the_same_node_as
   /usr/local/lib/python3.12/dist-packages/torch/distributed/c10d_logger.py:83 wrapper
   /usr/local/lib/python3.12/dist-packages/torch/distributed/distributed_c10d.py:4026 broadcast_object_list
   /usr/local/lib/python3.12/dist-packages/torch/distributed/c10d_logger.py:83 wrapper
   /usr/local/lib/python3.12/dist-packages/torch/distributed/distributed_c10d.py:3151 broadcast
=== 17:39:09 anon 1.9 file 0.7 shmem 4.8 GiB
   /usr/lib/python3.12/multiprocessing/spawn.py:135 _main
   /usr/lib/python3.12/multiprocessing/process.py:314 _bootstrap
   /usr/lib/python3.12/multiprocessing/process.py:108 run
   /usr/local/lib/python3.12/dist-packages/vllm/v1/executor/multiproc_executor.py:911 worker_main
   /usr/local/lib/python3.12/dist-packages/vllm/tracing/otel.py:178 sync_wrapper
   /usr/local/lib/python3.12/dist-packages/vllm/v1/executor/multiproc_executor.py:698 __init__
   /usr/local/lib/python3.12/dist-packages/vllm/v1/executor/multiproc_executor.py:621 _init_message_queues
   /usr/local/lib/python3.12/dist-packages/vllm/distributed/parallel_state.py:612 create_mq_broadcaster
   /usr/local/lib/python3.12/dist-packages/vllm/distributed/device_communicators/shm_broadcast.py:1021 create_from_process_group
   /usr/local/lib/python3.12/dist-packages/vllm/distributed/parallel_state.py:2384 in_the_same_node_as
   /usr/local/lib/python3.12/dist-packages/torch/distributed/c10d_logger.py:83 wrapper
   /usr/local/lib/python3.12/dist-packages/torch/distributed/distributed_c10d.py:4026 broadcast_object_list
   /usr/local/lib/python3.12/dist-packages/torch/distributed/c10d_logger.py:83 wrapper
   /usr/local/lib/python3.12/dist-packages/torch/distributed/distributed_c10d.py:3151 broadcast
=== 17:39:14 anon 1.9 file 0.7 shmem 4.8 GiB
   /usr/lib/python3.12/multiprocessing/spawn.py:135 _main
   /usr/lib/python3.12/multiprocessing/process.py:314 _bootstrap
   /usr/lib/python3.12/multiprocessing/process.py:108 run
   /usr/local/lib/python3.12/dist-packages/vllm/v1/executor/multiproc_executor.py:911 worker_main
   /usr/local/lib/python3.12/dist-packages/vllm/tracing/otel.py:178 sync_wrapper
   /usr/local/lib/python3.12/dist-packages/vllm/v1/executor/multiproc_executor.py:698 __init__
   /usr/local/lib/python3.12/dist-packages/vllm/v1/executor/multiproc_executor.py:621 _init_message_queues
   /usr/local/lib/python3.12/dist-packages/vllm/distributed/parallel_state.py:612 create_mq_broadcaster
   /usr/local/lib/python3.12/dist-packages/vllm/distributed/device_communicators/shm_broadcast.py:1021 create_from_process_group
   /usr/local/lib/python3.12/dist-packages/vllm/distributed/parallel_state.py:2384 in_the_same_node_as
   /usr/local/lib/python3.12/dist-packages/torch/distributed/c10d_logger.py:83 wrapper
   /usr/local/lib/python3.12/dist-packages/torch/distributed/distributed_c10d.py:4026 broadcast_object_list
   /usr/local/lib/python3.12/dist-packages/torch/distributed/c10d_logger.py:83 wrapper
   /usr/local/lib/python3.12/dist-packages/torch/distributed/distributed_c10d.py:3151 broadcast
=== 17:39:19 anon 1.9 file 0.7 shmem 4.8 GiB
   /usr/lib/python3.12/multiprocessing/spawn.py:135 _main
   /usr/lib/python3.12/multiprocessing/process.py:314 _bootstrap
   /usr/lib/python3.12/multiprocessing/process.py:108 run
   /usr/local/lib/python3.12/dist-packages/vllm/v1/executor/multiproc_executor.py:911 worker_main
   /usr/local/lib/python3.12/dist-packages/vllm/tracing/otel.py:178 sync_wrapper
   /usr/local/lib/python3.12/dist-packages/vllm/v1/executor/multiproc_executor.py:698 __init__
   /usr/local/lib/python3.12/dist-packages/vllm/v1/executor/multiproc_executor.py:621 _init_message_queues
   /usr/local/lib/python3.12/dist-packages/vllm/distributed/parallel_state.py:612 create_mq_broadcaster
   /usr/local/lib/python3.12/dist-packages/vllm/distributed/device_communicators/shm_broadcast.py:1021 create_from_process_group
   /usr/local/lib/python3.12/dist-packages/vllm/distributed/parallel_state.py:2384 in_the_same_node_as
   /usr/local/lib/python3.12/dist-packages/torch/distributed/c10d_logger.py:83 wrapper
   /usr/local/lib/python3.12/dist-packages/torch/distributed/distributed_c10d.py:4026 broadcast_object_list
   /usr/local/lib/python3.12/dist-packages/torch/distributed/c10d_logger.py:83 wrapper
   /usr/local/lib/python3.12/dist-packages/torch/distributed/distributed_c10d.py:3151 broadcast
=== 17:39:24 anon 1.9 file 0.7 shmem 4.8 GiB
   /usr/lib/python3.12/multiprocessing/spawn.py:135 _main
   /usr/lib/python3.12/multiprocessing/process.py:314 _bootstrap
   /usr/lib/python3.12/multiprocessing/process.py:108 run
   /usr/local/lib/python3.12/dist-packages/vllm/v1/executor/multiproc_executor.py:911 worker_main
   /usr/local/lib/python3.12/dist-packages/vllm/tracing/otel.py:178 sync_wrapper
   /usr/local/lib/python3.12/dist-packages/vllm/v1/executor/multiproc_executor.py:698 __init__
   /usr/local/lib/python3.12/dist-packages/vllm/v1/executor/multiproc_executor.py:621 _init_message_queues
   /usr/local/lib/python3.12/dist-packages/vllm/distributed/parallel_state.py:612 create_mq_broadcaster
   /usr/local/lib/python3.12/dist-packages/vllm/distributed/device_communicators/shm_broadcast.py:1021 create_from_process_group
   /usr/local/lib/python3.12/dist-packages/vllm/distributed/parallel_state.py:2384 in_the_same_node_as
   /usr/local/lib/python3.12/dist-packages/torch/distributed/c10d_logger.py:83 wrapper
   /usr/local/lib/python3.12/dist-packages/torch/distributed/distributed_c10d.py:4026 broadcast_object_list
   /usr/local/lib/python3.12/dist-packages/torch/distributed/c10d_logger.py:83 wrapper
   /usr/local/lib/python3.12/dist-packages/torch/distributed/distributed_c10d.py:3151 broadcast
=== 17:39:29 anon 1.9 file 0.7 shmem 4.8 GiB
   /usr/lib/python3.12/multiprocessing/spawn.py:135 _main
   /usr/lib/python3.12/multiprocessing/process.py:314 _bootstrap
   /usr/lib/python3.12/multiprocessing/process.py:108 run
   /usr/local/lib/python3.12/dist-packages/vllm/v1/executor/multiproc_executor.py:911 worker_main
   /usr/local/lib/python3.12/dist-packages/vllm/tracing/otel.py:178 sync_wrapper
   /usr/local/lib/python3.12/dist-packages/vllm/v1/executor/multiproc_executor.py:698 __init__
   /usr/local/lib/python3.12/dist-packages/vllm/v1/executor/multiproc_executor.py:621 _init_message_queues
   /usr/local/lib/python3.12/dist-packages/vllm/distributed/parallel_state.py:612 create_mq_broadcaster
   /usr/local/lib/python3.12/dist-packages/vllm/distributed/device_communicators/shm_broadcast.py:1021 create_from_process_group
   /usr/local/lib/python3.12/dist-packages/vllm/distributed/parallel_state.py:2384 in_the_same_node_as
   /usr/local/lib/python3.12/dist-packages/torch/distributed/c10d_logger.py:83 wrapper
   /usr/local/lib/python3.12/dist-packages/torch/distributed/distributed_c10d.py:4026 broadcast_object_list
   /usr/local/lib/python3.12/dist-packages/torch/distributed/c10d_logger.py:83 wrapper
   /usr/local/lib/python3.12/dist-packages/torch/distributed/distributed_c10d.py:3151 broadcast
=== 17:39:34 anon 1.9 file 0.7 shmem 4.8 GiB
   /usr/lib/python3.12/multiprocessing/spawn.py:135 _main
   /usr/lib/python3.12/multiprocessing/process.py:314 _bootstrap
   /usr/lib/python3.12/multiprocessing/process.py:108 run
   /usr/local/lib/python3.12/dist-packages/vllm/v1/executor/multiproc_executor.py:911 worker_main
   /usr/local/lib/python3.12/dist-packages/vllm/tracing/otel.py:178 sync_wrapper
   /usr/local/lib/python3.12/dist-packages/vllm/v1/executor/multiproc_executor.py:698 __init__
   /usr/local/lib/python3.12/dist-packages/vllm/v1/executor/multiproc_executor.py:621 _init_message_queues
   /usr/local/lib/python3.12/dist-packages/vllm/distributed/parallel_state.py:612 create_mq_broadcaster
   /usr/local/lib/python3.12/dist-packages/vllm/distributed/device_communicators/shm_broadcast.py:1021 create_from_process_group
   /usr/local/lib/python3.12/dist-packages/vllm/distributed/parallel_state.py:2384 in_the_same_node_as
   /usr/local/lib/python3.12/dist-packages/torch/distributed/c10d_logger.py:83 wrapper
   /usr/local/lib/python3.12/dist-packages/torch/distributed/distributed_c10d.py:4026 broadcast_object_list
   /usr/local/lib/python3.12/dist-packages/torch/distributed/c10d_logger.py:83 wrapper
   /usr/local/lib/python3.12/dist-packages/torch/distributed/distributed_c10d.py:3151 broadcast
=== 17:39:39 anon 1.9 file 0.7 shmem 4.8 GiB
   /usr/lib/python3.12/multiprocessing/spawn.py:135 _main
   /usr/lib/python3.12/multiprocessing/process.py:314 _bootstrap
   /usr/lib/python3.12/multiprocessing/process.py:108 run
   /usr/local/lib/python3.12/dist-packages/vllm/v1/executor/multiproc_executor.py:911 worker_main
   /usr/local/lib/python3.12/dist-packages/vllm/tracing/otel.py:178 sync_wrapper
   /usr/local/lib/python3.12/dist-packages/vllm/v1/executor/multiproc_executor.py:698 __init__
   /usr/local/lib/python3.12/dist-packages/vllm/v1/executor/multiproc_executor.py:621 _init_message_queues
   /usr/local/lib/python3.12/dist-packages/vllm/distributed/parallel_state.py:612 create_mq_broadcaster
   /usr/local/lib/python3.12/dist-packages/vllm/distributed/device_communicators/shm_broadcast.py:1021 create_from_process_group
   /usr/local/lib/python3.12/dist-packages/vllm/distributed/parallel_state.py:2384 in_the_same_node_as
   /usr/local/lib/python3.12/dist-packages/torch/distributed/c10d_logger.py:83 wrapper
   /usr/local/lib/python3.12/dist-packages/torch/distributed/distributed_c10d.py:4026 broadcast_object_list
   /usr/local/lib/python3.12/dist-packages/torch/distributed/c10d_logger.py:83 wrapper
   /usr/local/lib/python3.12/dist-packages/torch/distributed/distributed_c10d.py:3151 broadcast
=== 17:39:44 anon 1.9 file 0.7 shmem 4.8 GiB
   /usr/lib/python3.12/multiprocessing/spawn.py:135 _main
   /usr/lib/python3.12/multiprocessing/process.py:314 _bootstrap
   /usr/lib/python3.12/multiprocessing/process.py:108 run
   /usr/local/lib/python3.12/dist-packages/vllm/v1/executor/multiproc_executor.py:911 worker_main
   /usr/local/lib/python3.12/dist-packages/vllm/tracing/otel.py:178 sync_wrapper
   /usr/local/lib/python3.12/dist-packages/vllm/v1/executor/multiproc_executor.py:698 __init__
   /usr/local/lib/python3.12/dist-packages/vllm/v1/executor/multiproc_executor.py:621 _init_message_queues
   /usr/local/lib/python3.12/dist-packages/vllm/distributed/parallel_state.py:612 create_mq_broadcaster
   /usr/local/lib/python3.12/dist-packages/vllm/distributed/device_communicators/shm_broadcast.py:1021 create_from_process_group
   /usr/local/lib/python3.12/dist-packages/vllm/distributed/parallel_state.py:2384 in_the_same_node_as
   /usr/local/lib/python3.12/dist-packages/torch/distributed/c10d_logger.py:83 wrapper
   /usr/local/lib/python3.12/dist-packages/torch/distributed/distributed_c10d.py:4026 broadcast_object_list
   /usr/local/lib/python3.12/dist-packages/torch/distributed/c10d_logger.py:83 wrapper
   /usr/local/lib/python3.12/dist-packages/torch/distributed/distributed_c10d.py:3151 broadcast
=== 17:39:49 anon 1.9 file 0.7 shmem 4.8 GiB
   /usr/lib/python3.12/multiprocessing/spawn.py:135 _main
   /usr/lib/python3.12/multiprocessing/process.py:314 _bootstrap
   /usr/lib/python3.12/multiprocessing/process.py:108 run
   /usr/local/lib/python3.12/dist-packages/vllm/v1/executor/multiproc_executor.py:911 worker_main
   /usr/local/lib/python3.12/dist-packages/vllm/tracing/otel.py:178 sync_wrapper
   /usr/local/lib/python3.12/dist-packages/vllm/v1/executor/multiproc_executor.py:698 __init__
   /usr/local/lib/python3.12/dist-packages/vllm/v1/executor/multiproc_executor.py:621 _init_message_queues
   /usr/local/lib/python3.12/dist-packages/vllm/distributed/parallel_state.py:612 create_mq_broadcaster
   /usr/local/lib/python3.12/dist-packages/vllm/distributed/device_communicators/shm_broadcast.py:1021 create_from_process_group
   /usr/local/lib/python3.12/dist-packages/vllm/distributed/parallel_state.py:2384 in_the_same_node_as
   /usr/local/lib/python3.12/dist-packages/torch/distributed/c10d_logger.py:83 wrapper
   /usr/local/lib/python3.12/dist-packages/torch/distributed/distributed_c10d.py:4026 broadcast_object_list
   /usr/local/lib/python3.12/dist-packages/torch/distributed/c10d_logger.py:83 wrapper
   /usr/local/lib/python3.12/dist-packages/torch/distributed/distributed_c10d.py:3151 broadcast
=== 17:39:54 anon 1.9 file 0.7 shmem 4.8 GiB
   /usr/local/lib/python3.12/dist-packages/torch/utils/_contextlib.py:124 decorate_context
   /usr/local/lib/python3.12/dist-packages/vllm/v1/worker/gpu/model_runner.py:879 profile_run
   /usr/local/lib/python3.12/dist-packages/torch/utils/_contextlib.py:124 decorate_context
   /usr/local/lib/python3.12/dist-packages/vllm/v1/worker/gpu/eplb_utils.py:27 wrapper
   /usr/local/lib/python3.12/dist-packages/vllm/v1/worker/gpu/model_runner.py:764 _dummy_run
   /usr/local/lib/python3.12/dist-packages/torch/utils/_contextlib.py:124 decorate_context
   /usr/local/lib/python3.12/dist-packages/vllm/v1/worker/gpu/model_runner.py:1728 execute_model
   /usr/local/lib/python3.12/dist-packages/vllm/models/deepseek_v4_1/nvidia/model_state.py:95 prepare_inputs
   /usr/local/lib/python3.12/dist-packages/triton/runtime/jit.py:370 <lambda>
   /usr/local/lib/python3.12/dist-packages/triton/runtime/jit.py:739 run
   /usr/local/lib/python3.12/dist-packages/triton/runtime/jit.py:884 _do_compile
   /usr/local/lib/python3.12/dist-packages/triton/compiler/compiler.py:246 compile
   /usr/local/lib/python3.12/dist-packages/triton/runtime/cache.py:316 get_cache_key
   /usr/local/lib/python3.12/dist-packages/triton/runtime/cache.py:305 triton_key
=== 17:39:59 anon 2.3 file 0.8 shmem 4.8 GiB
   /usr/local/lib/python3.12/dist-packages/torch/nn/modules/module.py:1789 _call_impl
   /usr/local/lib/python3.12/dist-packages/vllm/models/deepseek_v4_1/attention.py:574 forward
   /usr/local/lib/python3.12/dist-packages/vllm/models/deepseek_v4_1/attention.py:732 _prepare_and_attn
   /usr/local/lib/python3.12/dist-packages/vllm/compilation/breakable_cudagraph.py:104 wrapper
   /usr/local/lib/python3.12/dist-packages/vllm/models/deepseek_v4_1/attention.py:827 _sparse_indexer_and_attn
   /usr/local/lib/python3.12/dist-packages/torch/nn/modules/module.py:1778 _wrapped_call_impl
   /usr/local/lib/python3.12/dist-packages/torch/nn/modules/module.py:1789 _call_impl
   /usr/local/lib/python3.12/dist-packages/vllm/model_executor/custom_op.py:136 forward
   /usr/local/lib/python3.12/dist-packages/vllm/model_executor/layers/sparse_attn_indexer.py:913 forward_cuda
   /usr/local/lib/python3.12/dist-packages/torch/_ops.py:1279 __call__
   /usr/local/lib/python3.12/dist-packages/vllm/compilation/breakable_cudagraph.py:104 wrapper
   /usr/local/lib/python3.12/dist-packages/vllm/model_executor/layers/sparse_attn_indexer.py:349 sparse_attn_indexer
   /usr/local/lib/python3.12/dist-packages/vllm/v1/worker/workspace.py:134 get_simultaneous
   /usr/local/lib/python3.12/dist-packages/vllm/v1/worker/workspace.py:207 _ensure_workspace_size
=== 17:40:04 anon 2.7 file 0.8 shmem 4.8 GiB
   /usr/local/lib/python3.12/dist-packages/vllm/v1/worker/gpu/warmup.py:201 run_mixed_prefill_decode_warmup
   /usr/local/lib/python3.12/dist-packages/torch/utils/_contextlib.py:124 decorate_context
   /usr/local/lib/python3.12/dist-packages/vllm/v1/worker/gpu_worker.py:1177 execute_model
   /usr/local/lib/python3.12/dist-packages/torch/utils/_contextlib.py:124 decorate_context
   /usr/local/lib/python3.12/dist-packages/vllm/v1/worker/gpu/model_runner.py:1796 execute_model
   /usr/local/lib/python3.12/dist-packages/torch/nn/modules/module.py:1778 _wrapped_call_impl
   /usr/local/lib/python3.12/dist-packages/torch/nn/modules/module.py:1789 _call_impl
   /usr/local/lib/python3.12/dist-packages/vllm/models/deepseek_v4_1/nvidia/vl_model.py:317 forward
   /usr/local/lib/python3.12/dist-packages/torch/nn/modules/module.py:1778 _wrapped_call_impl
   /usr/local/lib/python3.12/dist-packages/torch/nn/modules/module.py:1789 _call_impl
   /usr/local/lib/python3.12/dist-packages/vllm/models/deepseek_v4_1/nvidia/model.py:1085 forward
   /usr/local/lib/python3.12/dist-packages/torch/nn/modules/module.py:1778 _wrapped_call_impl
   /usr/local/lib/python3.12/dist-packages/torch/nn/modules/module.py:1789 _call_impl
   /usr/local/lib/python3.12/dist-packages/vllm/models/deepseek_v4_1/nvidia/model.py:576 forward
=== 17:40:09 anon 2.7 file 0.9 shmem 4.8 GiB
   /usr/local/lib/python3.12/dist-packages/torch/nn/modules/module.py:1778 _wrapped_call_impl
   /usr/local/lib/python3.12/dist-packages/torch/nn/modules/module.py:1789 _call_impl
   /usr/local/lib/python3.12/dist-packages/vllm/models/deepseek_v4_1/attention.py:574 forward
   /usr/local/lib/python3.12/dist-packages/vllm/models/deepseek_v4_1/attention.py:732 _prepare_and_attn
   /usr/local/lib/python3.12/dist-packages/vllm/compilation/breakable_cudagraph.py:104 wrapper
   /usr/local/lib/python3.12/dist-packages/vllm/models/deepseek_v4_1/attention.py:836 _sparse_indexer_and_attn
   /usr/local/lib/python3.12/dist-packages/vllm/models/deepseek_v4_1/nvidia/flashinfer_sparse.py:742 forward_mqa
   /usr/local/lib/python3.12/dist-packages/vllm/models/deepseek_v4_1/nvidia/flashinfer_sparse.py:673 _forward_sparse_impl
   /usr/local/lib/python3.12/dist-packages/vllm/models/deepseek_v4_1/nvidia/flashinfer_sparse.py:876 _forward_prefill
   /usr/local/lib/python3.12/dist-packages/vllm/models/deepseek_v4_1/common/ops/cache_utils.py:456 compute_global_topk_indices_and_lens
   /usr/local/lib/python3.12/dist-packages/triton/runtime/jit.py:370 <lambda>
   /usr/local/lib/python3.12/dist-packages/triton/runtime/jit.py:760 run
   /usr/local/lib/python3.12/dist-packages/triton/compiler/compiler.py:485 launch_metadata
   /usr/local/lib/python3.12/dist-packages/triton/compiler/compiler.py:468 _init_handles
=== 17:40:14 anon 2.7 file 0.9 shmem 4.8 GiB
   /usr/local/lib/python3.12/dist-packages/torch/nn/modules/module.py:1778 _wrapped_call_impl
   /usr/local/lib/python3.12/dist-packages/torch/nn/modules/module.py:1789 _call_impl
   /usr/local/lib/python3.12/dist-packages/vllm/models/deepseek_v4_1/attention.py:574 forward
   /usr/local/lib/python3.12/dist-packages/vllm/models/deepseek_v4_1/attention.py:732 _prepare_and_attn
   /usr/local/lib/python3.12/dist-packages/vllm/compilation/breakable_cudagraph.py:104 wrapper
   /usr/local/lib/python3.12/dist-packages/vllm/models/deepseek_v4_1/attention.py:836 _sparse_indexer_and_attn
   /usr/local/lib/python3.12/dist-packages/vllm/models/deepseek_v4_1/nvidia/flashinfer_sparse.py:742 forward_mqa
   /usr/local/lib/python3.12/dist-packages/vllm/models/deepseek_v4_1/nvidia/flashinfer_sparse.py:673 _forward_sparse_impl
   /usr/local/lib/python3.12/dist-packages/vllm/models/deepseek_v4_1/nvidia/flashinfer_sparse.py:876 _forward_prefill
   /usr/local/lib/python3.12/dist-packages/vllm/models/deepseek_v4_1/common/ops/cache_utils.py:456 compute_global_topk_indices_and_lens
   /usr/local/lib/python3.12/dist-packages/triton/runtime/jit.py:370 <lambda>
   /usr/local/lib/python3.12/dist-packages/triton/runtime/jit.py:760 run
   /usr/local/lib/python3.12/dist-packages/triton/compiler/compiler.py:485 launch_metadata
   /usr/local/lib/python3.12/dist-packages/triton/compiler/compiler.py:468 _init_handles
=== 17:40:19 anon 2.8 file 0.9 shmem 4.8 GiB
   /usr/local/lib/python3.12/dist-packages/torch/_library/custom_ops.py:863 __call__
   /usr/local/lib/python3.12/dist-packages/torch/_ops.py:875 __call__
   /usr/local/lib/python3.12/dist-packages/torch/_library/custom_ops.py:441 backend_impl
   /usr/local/lib/python3.12/dist-packages/torch/_compile.py:54 inner
   /usr/local/lib/python3.12/dist-packages/torch/_dynamo/eval_frame.py:1446 _fn
   /usr/local/lib/python3.12/dist-packages/torch/_library/custom_ops.py:502 wrapped_fn
   /usr/local/lib/python3.12/dist-packages/vllm/utils/flashinfer.py:920 mm_mxfp8
   /usr/local/lib/python3.12/dist-packages/flashinfer/utils.py:1561 wrapper
   /usr/local/lib/python3.12/dist-packages/flashinfer/api_logging.py:2348 _auto_dump_wrapper
   /usr/local/lib/python3.12/dist-packages/flashinfer/gemm/gemm_base.py:6267 mm_mxfp8
   /usr/local/lib/python3.12/dist-packages/flashinfer/autotuner/autotuner.py:2299 choose_one
   /usr/local/lib/python3.12/dist-packages/flashinfer/autotuner/autotuner.py:2785 _profile_single_kernel
   /usr/local/lib/python3.12/dist-packages/flashinfer/autotuner/autotuner.py:2716 pure_profile
   /usr/local/lib/python3.12/dist-packages/torch/cuda/streams.py:108 synchronize
=== 17:40:24 anon 2.8 file 0.9 shmem 4.8 GiB
   /usr/local/lib/python3.12/dist-packages/torch/_library/custom_ops.py:863 __call__
   /usr/local/lib/python3.12/dist-packages/torch/_ops.py:875 __call__
   /usr/local/lib/python3.12/dist-packages/torch/_library/custom_ops.py:441 backend_impl
   /usr/local/lib/python3.12/dist-packages/torch/_compile.py:54 inner
   /usr/local/lib/python3.12/dist-packages/torch/_dynamo/eval_frame.py:1446 _fn
   /usr/local/lib/python3.12/dist-packages/torch/_library/custom_ops.py:502 wrapped_fn
   /usr/local/lib/python3.12/dist-packages/vllm/utils/flashinfer.py:920 mm_mxfp8
   /usr/local/lib/python3.12/dist-packages/flashinfer/utils.py:1561 wrapper
   /usr/local/lib/python3.12/dist-packages/flashinfer/api_logging.py:2348 _auto_dump_wrapper
   /usr/local/lib/python3.12/dist-packages/flashinfer/gemm/gemm_base.py:6267 mm_mxfp8
   /usr/local/lib/python3.12/dist-packages/flashinfer/autotuner/autotuner.py:2299 choose_one
   /usr/local/lib/python3.12/dist-packages/flashinfer/autotuner/autotuner.py:2785 _profile_single_kernel
   /usr/local/lib/python3.12/dist-packages/flashinfer/autotuner/autotuner.py:2716 pure_profile
   /usr/local/lib/python3.12/dist-packages/torch/cuda/streams.py:108 synchronize
=== 17:40:29 anon 2.8 file 0.9 shmem 4.8 GiB
   /usr/lib/python3.12/multiprocessing/process.py:108 run
   /usr/local/lib/python3.12/dist-packages/vllm/v1/executor/multiproc_executor.py:935 worker_main
   /usr/local/lib/python3.12/dist-packages/vllm/v1/executor/multiproc_executor.py:1033 worker_busy_loop
   /usr/local/lib/python3.12/dist-packages/vllm/v1/executor/multiproc_executor.py:1047 _execute_worker_rpc
   /usr/local/lib/python3.12/dist-packages/vllm/tracing/otel.py:178 sync_wrapper
   /usr/local/lib/python3.12/dist-packages/vllm/v1/worker/gpu_worker.py:873 compile_or_warm_up_model
   /usr/local/lib/python3.12/dist-packages/torch/utils/_contextlib.py:124 decorate_context
   /usr/local/lib/python3.12/dist-packages/vllm/v1/worker/gpu/warmup.py:330 warmup_kernels
   /usr/local/lib/python3.12/dist-packages/vllm/v1/worker/utils.py:253 warmup
   /usr/local/lib/python3.12/dist-packages/vllm/v1/worker/utils.py:242 zero_block_ids
   /usr/local/lib/python3.12/dist-packages/triton/runtime/jit.py:370 <lambda>
   /usr/local/lib/python3.12/dist-packages/triton/runtime/jit.py:763 run
   /usr/local/lib/python3.12/dist-packages/triton/compiler/compiler.py:488 launch_metadata
   /usr/local/lib/python3.12/dist-packages/triton/compiler/compiler.py:474 _init_handles
=== 17:40:34 anon 2.9 file 0.9 shmem 4.8 GiB
   <string>:1 <module>
   /usr/lib/python3.12/multiprocessing/spawn.py:122 spawn_main
   /usr/lib/python3.12/multiprocessing/spawn.py:135 _main
   /usr/lib/python3.12/multiprocessing/process.py:314 _bootstrap
   /usr/lib/python3.12/multiprocessing/process.py:108 run
   /usr/local/lib/python3.12/dist-packages/vllm/v1/executor/multiproc_executor.py:935 worker_main
   /usr/local/lib/python3.12/dist-packages/vllm/v1/executor/multiproc_executor.py:1033 worker_busy_loop
   /usr/local/lib/python3.12/dist-packages/vllm/distributed/device_communicators/shm_broadcast.py:904 dequeue
   /usr/local/lib/python3.12/dist-packages/vllm/distributed/device_communicators/shm_broadcast.py:913 recv
   /usr/local/lib/python3.12/dist-packages/zmq/sugar/socket.py:1106 poll
   /usr/local/lib/python3.12/dist-packages/zmq/sugar/poll.py:106 poll
=== 17:40:39 anon 2.9 file 0.9 shmem 4.8 GiB
   /usr/lib/python3.12/multiprocessing/process.py:314 _bootstrap
   /usr/lib/python3.12/multiprocessing/process.py:108 run
   /usr/local/lib/python3.12/dist-packages/vllm/v1/executor/multiproc_executor.py:935 worker_main
   /usr/local/lib/python3.12/dist-packages/vllm/v1/executor/multiproc_executor.py:1033 worker_busy_loop
   /usr/local/lib/python3.12/dist-packages/vllm/v1/executor/multiproc_executor.py:1047 _execute_worker_rpc
   /usr/local/lib/python3.12/dist-packages/vllm/v1/worker/worker_base.py:375 execute_model
   /usr/local/lib/python3.12/dist-packages/torch/utils/_contextlib.py:124 decorate_context
   /usr/local/lib/python3.12/dist-packages/vllm/v1/worker/gpu_worker.py:1177 execute_model
   /usr/local/lib/python3.12/dist-packages/torch/utils/_contextlib.py:124 decorate_context
   /usr/local/lib/python3.12/dist-packages/vllm/v1/worker/gpu/model_runner.py:1677 execute_model
   /usr/local/lib/python3.12/dist-packages/vllm/v1/worker/gpu/model_states/default.py:208 prepare_attn
   /usr/local/lib/python3.12/dist-packages/vllm/v1/worker/gpu/attn_utils.py:336 build_attn_metadata
   /usr/local/lib/python3.12/dist-packages/vllm/models/deepseek_v4_1/sparse_mla.py:192 build
   /usr/local/lib/python3.12/dist-packages/vllm/v1/attention/backend.py:521 token_to_req_indices
=== 17:40:44 anon 2.9 file 0.9 shmem 4.8 GiB
   /usr/local/lib/python3.12/dist-packages/torch/nn/modules/module.py:1789 _call_impl
   /usr/local/lib/python3.12/dist-packages/vllm/model_executor/layers/fused_moe/runner/moe_runner.py:788 forward
   /usr/local/lib/python3.12/dist-packages/torch/_ops.py:1279 __call__
   /usr/local/lib/python3.12/dist-packages/vllm/model_executor/layers/fused_moe/runner/moe_runner.py:162 _moe_forward_shared
   /usr/local/lib/python3.12/dist-packages/vllm/model_executor/layers/fused_moe/runner/moe_runner.py:904 _forward_impl
   /usr/local/lib/python3.12/dist-packages/vllm/model_executor/layers/fused_moe/runner/moe_runner.py:642 _apply_quant_method
   /usr/local/lib/python3.12/dist-packages/vllm/model_executor/layers/fused_moe/router/fused_moe_router.py:81 select_experts
   /usr/local/lib/python3.12/dist-packages/vllm/model_executor/layers/fused_moe/router/base_router.py:305 _select_experts
   /usr/local/lib/python3.12/dist-packages/vllm/model_executor/layers/fused_moe/router/fused_topk_bias_router.py:442 _compute_routing
   /usr/local/lib/python3.12/dist-packages/vllm/model_executor/layers/fused_moe/router/fused_topk_bias_router.py:163 fused_topk_bias
   /usr/local/lib/python3.12/dist-packages/vllm/model_executor/layers/fused_moe/router/dsv4_topk.py:151 dsv4_topk
   /usr/local/lib/python3.12/dist-packages/triton/runtime/jit.py:370 <lambda>
   /usr/local/lib/python3.12/dist-packages/triton/runtime/jit.py:763 run
   /usr/local/lib/python3.12/dist-packages/triton/backends/nvidia/driver.py:328 __call__
=== 17:40:49 anon 2.9 file 0.9 shmem 4.8 GiB
   /usr/local/lib/python3.12/dist-packages/torch/nn/modules/module.py:1778 _wrapped_call_impl
   /usr/local/lib/python3.12/dist-packages/torch/nn/modules/module.py:1789 _call_impl
   /usr/local/lib/python3.12/dist-packages/vllm/models/deepseek_v4/nvidia/model.py:1029 forward
   /usr/local/lib/python3.12/dist-packages/vllm/models/deepseek_v4/nvidia/model.py:1078 _forward_fused_moe
   /usr/local/lib/python3.12/dist-packages/torch/nn/modules/module.py:1778 _wrapped_call_impl
   /usr/local/lib/python3.12/dist-packages/torch/nn/modules/module.py:1789 _call_impl
   /usr/local/lib/python3.12/dist-packages/vllm/model_executor/layers/fused_moe/runner/moe_runner.py:788 forward
   /usr/local/lib/python3.12/dist-packages/torch/_ops.py:1279 __call__
   /usr/local/lib/python3.12/dist-packages/vllm/model_executor/layers/fused_moe/runner/moe_runner.py:162 _moe_forward_shared
   /usr/local/lib/python3.12/dist-packages/vllm/model_executor/layers/fused_moe/runner/moe_runner.py:904 _forward_impl
   /usr/local/lib/python3.12/dist-packages/vllm/model_executor/layers/fused_moe/runner/moe_runner.py:642 _apply_quant_method
   /usr/local/lib/python3.12/dist-packages/vllm/model_executor/layers/fused_moe/routed_experts.py:1252 forward_modular
   /usr/local/lib/python3.12/dist-packages/cuda_exl3/moe.py:567 apply
   /usr/local/lib/python3.12/dist-packages/cuda_exl3/moe.py:157 _glu_had_in
=== 17:40:54 anon 2.9 file 0.9 shmem 4.8 GiB
   /usr/local/lib/python3.12/dist-packages/vllm/models/deepseek_v4/nvidia/model.py:1029 forward
   /usr/local/lib/python3.12/dist-packages/vllm/models/deepseek_v4/nvidia/model.py:1078 _forward_fused_moe
   /usr/local/lib/python3.12/dist-packages/torch/nn/modules/module.py:1778 _wrapped_call_impl
   /usr/local/lib/python3.12/dist-packages/torch/nn/modules/module.py:1789 _call_impl
   /usr/local/lib/python3.12/dist-packages/vllm/model_executor/layers/fused_moe/runner/moe_runner.py:788 forward
   /usr/local/lib/python3.12/dist-packages/vllm/model_executor/layers/fused_moe/runner/moe_runner.py:511 _maybe_reduce_final_output
   /usr/local/lib/python3.12/dist-packages/vllm/distributed/communication_op.py:14 tensor_model_parallel_all_reduce
   /usr/local/lib/python3.12/dist-packages/vllm/distributed/parallel_state.py:742 all_reduce
   /usr/local/lib/python3.12/dist-packages/torch/_ops.py:1279 __call__
   /usr/local/lib/python3.12/dist-packages/vllm/distributed/parallel_state.py:198 all_reduce
   /usr/local/lib/python3.12/dist-packages/vllm/distributed/parallel_state.py:749 _all_reduce_out_place
   /usr/local/lib/python3.12/dist-packages/vllm/distributed/device_communicators/cuda_communicator.py:377 all_reduce
   /usr/local/lib/python3.12/dist-packages/vllm/distributed/device_communicators/pynccl.py:268 all_reduce
   /usr/local/lib/python3.12/dist-packages/vllm/distributed/device_communicators/pynccl_wrapper.py:504 ncclAllReduce
=== 17:40:59 anon 2.9 file 0.9 shmem 4.8 GiB
   /usr/local/lib/python3.12/dist-packages/vllm/models/deepseek_v4_1/nvidia/model.py:1085 forward
   /usr/local/lib/python3.12/dist-packages/torch/nn/modules/module.py:1778 _wrapped_call_impl
   /usr/local/lib/python3.12/dist-packages/torch/nn/modules/module.py:1789 _call_impl
   /usr/local/lib/python3.12/dist-packages/vllm/models/deepseek_v4_1/nvidia/model.py:626 forward
   /usr/local/lib/python3.12/dist-packages/torch/nn/modules/module.py:1778 _wrapped_call_impl
   /usr/local/lib/python3.12/dist-packages/torch/nn/modules/module.py:1789 _call_impl
   /usr/local/lib/python3.12/dist-packages/vllm/models/deepseek_v4_1/nvidia/model.py:385 forward
   /usr/local/lib/python3.12/dist-packages/vllm/model_executor/kernels/mhc/tilelang.py:619 mhc_post_tilelang
   /usr/local/lib/python3.12/dist-packages/vllm/utils/jit_monitor.py:510 _call_with_monitor
   /usr/local/lib/python3.12/dist-packages/vllm/utils/jit_monitor.py:401 _tilelang_cache_miss_key
   /usr/local/lib/python3.12/dist-packages/tilelang/language/eager/builder.py:1450 parse_args
   /usr/local/lib/python3.12/dist-packages/tilelang/language/eager/builder.py:1095 _parse_phase2_key
   /usr/local/lib/python3.12/dist-packages/tvm_ffi/container.py:507 __iter__
   /usr/local/lib/python3.12/dist-packages/tvm_ffi/container.py:607 __len__
=== 17:41:04 anon 2.9 file 0.9 shmem 4.8 GiB
   /usr/lib/python3.12/multiprocessing/process.py:314 _bootstrap
   /usr/lib/python3.12/multiprocessing/process.py:108 run
   /usr/local/lib/python3.12/dist-packages/vllm/v1/executor/multiproc_executor.py:935 worker_main
   /usr/local/lib/python3.12/dist-packages/vllm/v1/executor/multiproc_executor.py:1033 worker_busy_loop
   /usr/local/lib/python3.12/dist-packages/vllm/v1/executor/multiproc_executor.py:1047 _execute_worker_rpc
   /usr/local/lib/python3.12/dist-packages/vllm/v1/worker/worker_base.py:375 execute_model
   /usr/local/lib/python3.12/dist-packages/torch/utils/_contextlib.py:124 decorate_context
   /usr/local/lib/python3.12/dist-packages/vllm/v1/worker/gpu_worker.py:1177 execute_model
   /usr/local/lib/python3.12/dist-packages/torch/utils/_contextlib.py:124 decorate_context
   /usr/local/lib/python3.12/dist-packages/vllm/v1/worker/gpu/model_runner.py:1728 execute_model
   /usr/local/lib/python3.12/dist-packages/vllm/models/deepseek_v4_1/nvidia/model_state.py:110 prepare_inputs
   /usr/local/lib/python3.12/dist-packages/torch/utils/_contextlib.py:124 decorate_context
   /usr/local/lib/python3.12/dist-packages/vllm/models/deepseek_v4_1/common/engram.py:1399 stage
   /usr/local/lib/python3.12/dist-packages/torch/cuda/streams.py:254 synchronize
=== 17:41:09 anon 2.8 file 0.9 shmem 4.8 GiB
   /usr/local/lib/python3.12/dist-packages/torch/nn/modules/module.py:1778 _wrapped_call_impl
   /usr/local/lib/python3.12/dist-packages/torch/nn/modules/module.py:1789 _call_impl
   /usr/local/lib/python3.12/dist-packages/vllm/models/deepseek_v4_1/nvidia/model.py:384 forward
   /usr/local/lib/python3.12/dist-packages/torch/nn/modules/module.py:1778 _wrapped_call_impl
   /usr/local/lib/python3.12/dist-packages/torch/nn/modules/module.py:1789 _call_impl
   /usr/local/lib/python3.12/dist-packages/vllm/models/deepseek_v4_1/attention.py:587 forward
   /usr/local/lib/python3.12/dist-packages/vllm/models/deepseek_v4_1/attention.py:732 _prepare_and_attn
   /usr/local/lib/python3.12/dist-packages/vllm/compilation/breakable_cudagraph.py:104 wrapper
   /usr/local/lib/python3.12/dist-packages/vllm/models/deepseek_v4_1/attention.py:836 _sparse_indexer_and_attn
   /usr/local/lib/python3.12/dist-packages/vllm/models/deepseek_v4_1/nvidia/flashinfer_sparse.py:742 forward_mqa
   /usr/local/lib/python3.12/dist-packages/vllm/models/deepseek_v4_1/nvidia/flashinfer_sparse.py:682 _forward_sparse_impl
   /usr/local/lib/python3.12/dist-packages/vllm/models/deepseek_v4_1/nvidia/flashinfer_sparse.py:815 _forward_decode
   /usr/local/lib/python3.12/dist-packages/vllm/utils/flashinfer.py:179 wrapper
   /usr/local/lib/python3.12/dist-packages/flashinfer/mla/_core.py:2258 trtllm_batch_decode_sparse_mla_dsv4
=== 17:41:14 anon 2.8 file 0.9 shmem 4.8 GiB
   /usr/local/lib/python3.12/dist-packages/torch/nn/modules/module.py:1778 _wrapped_call_impl
   /usr/local/lib/python3.12/dist-packages/torch/nn/modules/module.py:1789 _call_impl
   /usr/local/lib/python3.12/dist-packages/vllm/models/deepseek_v4_1/nvidia/model.py:1085 forward
   /usr/local/lib/python3.12/dist-packages/torch/nn/modules/module.py:1778 _wrapped_call_impl
   /usr/local/lib/python3.12/dist-packages/torch/nn/modules/module.py:1789 _call_impl
   /usr/local/lib/python3.12/dist-packages/vllm/models/deepseek_v4_1/nvidia/model.py:626 forward
   /usr/local/lib/python3.12/dist-packages/torch/nn/modules/module.py:1778 _wrapped_call_impl
   /usr/local/lib/python3.12/dist-packages/torch/nn/modules/module.py:1789 _call_impl
   /usr/local/lib/python3.12/dist-packages/vllm/models/deepseek_v4_1/nvidia/model.py:384 forward
   /usr/local/lib/python3.12/dist-packages/torch/nn/modules/module.py:1778 _wrapped_call_impl
   /usr/local/lib/python3.12/dist-packages/torch/nn/modules/module.py:1789 _call_impl
   /usr/local/lib/python3.12/dist-packages/vllm/models/deepseek_v4_1/attention.py:587 forward
   /usr/local/lib/python3.12/dist-packages/vllm/models/deepseek_v4_1/attention.py:621 _split_qkv_and_norm
   /usr/local/lib/python3.12/dist-packages/vllm/models/deepseek_v4_1/common/ops/query_quant.py:123 fused_q_kv_rmsnorm_quant
=== 17:41:19 anon 2.8 file 0.9 shmem 4.8 GiB
   /usr/local/lib/python3.12/dist-packages/vllm/models/deepseek_v4_1/nvidia/model.py:385 forward
   /usr/local/lib/python3.12/dist-packages/torch/nn/modules/module.py:1778 _wrapped_call_impl
   /usr/local/lib/python3.12/dist-packages/torch/nn/modules/module.py:1789 _call_impl
   /usr/local/lib/python3.12/dist-packages/vllm/models/deepseek_v4/nvidia/model.py:1029 forward
   /usr/local/lib/python3.12/dist-packages/vllm/models/deepseek_v4/nvidia/model.py:1078 _forward_fused_moe
   /usr/local/lib/python3.12/dist-packages/torch/nn/modules/module.py:1778 _wrapped_call_impl
   /usr/local/lib/python3.12/dist-packages/torch/nn/modules/module.py:1789 _call_impl
   /usr/local/lib/python3.12/dist-packages/vllm/model_executor/layers/fused_moe/runner/moe_runner.py:788 forward
   /usr/local/lib/python3.12/dist-packages/torch/_ops.py:1279 __call__
   /usr/local/lib/python3.12/dist-packages/vllm/model_executor/layers/fused_moe/runner/moe_runner.py:162 _moe_forward_shared
   /usr/local/lib/python3.12/dist-packages/vllm/model_executor/layers/fused_moe/runner/moe_runner.py:904 _forward_impl
   /usr/local/lib/python3.12/dist-packages/vllm/model_executor/layers/fused_moe/runner/moe_runner.py:642 _apply_quant_method
   /usr/local/lib/python3.12/dist-packages/vllm/model_executor/layers/fused_moe/routed_experts.py:1252 forward_modular
   /usr/local/lib/python3.12/dist-packages/cuda_exl3/moe.py:567 apply
=== 17:41:24 anon 2.8 file 0.9 shmem 4.8 GiB
   /usr/local/lib/python3.12/dist-packages/vllm/model_executor/layers/quantization/modelopt.py:2447 apply
   /usr/local/lib/python3.12/dist-packages/vllm/model_executor/layers/quantization/modelopt.py:2296 apply
   /usr/local/lib/python3.12/dist-packages/vllm/model_executor/layers/quantization/modelopt.py:2451 <lambda>
   /usr/local/lib/python3.12/dist-packages/vllm/model_executor/kernels/linear/mxfp8/flashinfer.py:114 apply_weights
   /usr/local/lib/python3.12/dist-packages/torch/_library/custom_ops.py:863 __call__
   /usr/local/lib/python3.12/dist-packages/torch/_ops.py:875 __call__
   /usr/local/lib/python3.12/dist-packages/torch/_library/custom_ops.py:482 backend_impl
   /usr/local/lib/python3.12/dist-packages/torch/_compile.py:54 inner
   /usr/local/lib/python3.12/dist-packages/torch/_dynamo/eval_frame.py:1450 _fn
   /usr/local/lib/python3.12/dist-packages/torch/_library/custom_ops.py:502 wrapped_fn
   /usr/local/lib/python3.12/dist-packages/vllm/utils/flashinfer.py:920 mm_mxfp8
   /usr/local/lib/python3.12/dist-packages/flashinfer/utils.py:1561 wrapper
   /usr/local/lib/python3.12/dist-packages/flashinfer/api_logging.py:2348 _auto_dump_wrapper
   /usr/local/lib/python3.12/dist-packages/flashinfer/gemm/gemm_base.py:6275 mm_mxfp8
=== 17:41:30 anon 2.8 file 0.9 shmem 4.8 GiB
   /usr/local/lib/python3.12/dist-packages/vllm/model_executor/layers/quantization/modelopt.py:2447 apply
   /usr/local/lib/python3.12/dist-packages/vllm/model_executor/layers/quantization/modelopt.py:2296 apply
   /usr/local/lib/python3.12/dist-packages/vllm/model_executor/layers/quantization/modelopt.py:2451 <lambda>
   /usr/local/lib/python3.12/dist-packages/vllm/model_executor/kernels/linear/mxfp8/flashinfer.py:114 apply_weights
   /usr/local/lib/python3.12/dist-packages/torch/_library/custom_ops.py:863 __call__
   /usr/local/lib/python3.12/dist-packages/torch/_ops.py:875 __call__
   /usr/local/lib/python3.12/dist-packages/torch/_library/custom_ops.py:482 backend_impl
   /usr/local/lib/python3.12/dist-packages/torch/_compile.py:54 inner
   /usr/local/lib/python3.12/dist-packages/torch/_dynamo/eval_frame.py:1450 _fn
   /usr/local/lib/python3.12/dist-packages/torch/_library/custom_ops.py:502 wrapped_fn
   /usr/local/lib/python3.12/dist-packages/vllm/utils/flashinfer.py:920 mm_mxfp8
   /usr/local/lib/python3.12/dist-packages/flashinfer/utils.py:1561 wrapper
   /usr/local/lib/python3.12/dist-packages/flashinfer/api_logging.py:2348 _auto_dump_wrapper
   /usr/local/lib/python3.12/dist-packages/flashinfer/gemm/gemm_base.py:6275 mm_mxfp8
=== 17:41:35 anon 2.8 file 0.9 shmem 4.8 GiB
   /usr/local/lib/python3.12/dist-packages/torch/nn/modules/module.py:1789 _call_impl
   /usr/local/lib/python3.12/dist-packages/vllm/model_executor/layers/fused_moe/runner/moe_runner.py:788 forward
   /usr/local/lib/python3.12/dist-packages/torch/_ops.py:1279 __call__
   /usr/local/lib/python3.12/dist-packages/vllm/model_executor/layers/fused_moe/runner/moe_runner.py:162 _moe_forward_shared
   /usr/local/lib/python3.12/dist-packages/vllm/model_executor/layers/fused_moe/runner/moe_runner.py:904 _forward_impl
   /usr/local/lib/python3.12/dist-packages/vllm/model_executor/layers/fused_moe/runner/moe_runner.py:642 _apply_quant_method
   /usr/local/lib/python3.12/dist-packages/vllm/model_executor/layers/fused_moe/router/fused_moe_router.py:81 select_experts
   /usr/local/lib/python3.12/dist-packages/vllm/model_executor/layers/fused_moe/router/base_router.py:305 _select_experts
   /usr/local/lib/python3.12/dist-packages/vllm/model_executor/layers/fused_moe/router/fused_topk_bias_router.py:442 _compute_routing
   /usr/local/lib/python3.12/dist-packages/vllm/model_executor/layers/fused_moe/router/fused_topk_bias_router.py:163 fused_topk_bias
   /usr/local/lib/python3.12/dist-packages/vllm/model_executor/layers/fused_moe/router/dsv4_topk.py:151 dsv4_topk
   /usr/local/lib/python3.12/dist-packages/triton/runtime/jit.py:370 <lambda>
   /usr/local/lib/python3.12/dist-packages/triton/runtime/jit.py:763 run
   /usr/local/lib/python3.12/dist-packages/triton/backends/nvidia/driver.py:328 __call__
=== 17:41:40 anon 2.8 file 0.9 shmem 4.8 GiB
   /usr/local/lib/python3.12/dist-packages/torch/nn/modules/module.py:1778 _wrapped_call_impl
   /usr/local/lib/python3.12/dist-packages/torch/nn/modules/module.py:1789 _call_impl
   /usr/local/lib/python3.12/dist-packages/vllm/models/deepseek_v4/nvidia/model.py:1029 forward
   /usr/local/lib/python3.12/dist-packages/vllm/models/deepseek_v4/nvidia/model.py:1078 _forward_fused_moe
   /usr/local/lib/python3.12/dist-packages/torch/nn/modules/module.py:1778 _wrapped_call_impl
   /usr/local/lib/python3.12/dist-packages/torch/nn/modules/module.py:1789 _call_impl
   /usr/local/lib/python3.12/dist-packages/vllm/model_executor/layers/fused_moe/runner/moe_runner.py:788 forward
   /usr/local/lib/python3.12/dist-packages/torch/_ops.py:1279 __call__
   /usr/local/lib/python3.12/dist-packages/vllm/model_executor/layers/fused_moe/runner/moe_runner.py:162 _moe_forward_shared
   /usr/local/lib/python3.12/dist-packages/vllm/model_executor/layers/fused_moe/runner/moe_runner.py:904 _forward_impl
   /usr/local/lib/python3.12/dist-packages/vllm/model_executor/layers/fused_moe/runner/moe_runner.py:642 _apply_quant_method
   /usr/local/lib/python3.12/dist-packages/vllm/model_executor/layers/fused_moe/routed_experts.py:1252 forward_modular
   /usr/local/lib/python3.12/dist-packages/cuda_exl3/moe.py:567 apply
   /usr/local/lib/python3.12/dist-packages/torch/_ops.py:1279 __call__
=== 17:41:45 anon 2.8 file 0.9 shmem 4.8 GiB
   /usr/local/lib/python3.12/dist-packages/vllm/model_executor/layers/quantization/modelopt.py:2451 <lambda>
   /usr/local/lib/python3.12/dist-packages/vllm/model_executor/kernels/linear/mxfp8/flashinfer.py:114 apply_weights
   /usr/local/lib/python3.12/dist-packages/torch/_library/custom_ops.py:863 __call__
   /usr/local/lib/python3.12/dist-packages/torch/_ops.py:875 __call__
   /usr/local/lib/python3.12/dist-packages/torch/_library/custom_ops.py:482 backend_impl
   /usr/local/lib/python3.12/dist-packages/torch/_compile.py:54 inner
   /usr/local/lib/python3.12/dist-packages/torch/_dynamo/eval_frame.py:1450 _fn
   /usr/local/lib/python3.12/dist-packages/torch/_library/custom_ops.py:502 wrapped_fn
   /usr/local/lib/python3.12/dist-packages/vllm/utils/flashinfer.py:920 mm_mxfp8
   /usr/local/lib/python3.12/dist-packages/flashinfer/utils.py:1561 wrapper
   /usr/local/lib/python3.12/dist-packages/flashinfer/api_logging.py:2348 _auto_dump_wrapper
   /usr/local/lib/python3.12/dist-packages/flashinfer/gemm/gemm_base.py:6275 mm_mxfp8
   /usr/local/lib/python3.12/dist-packages/flashinfer/autotuner/autotuner.py:764 __call__
   /usr/local/lib/python3.12/dist-packages/flashinfer/gemm/gemm_base.py:5282 forward
=== 17:41:50 anon 2.8 file 0.9 shmem 4.8 GiB
   /usr/local/lib/python3.12/dist-packages/vllm/models/deepseek_v4_1/nvidia/flashinfer_sparse.py:682 _forward_sparse_impl
   /usr/local/lib/python3.12/dist-packages/vllm/models/deepseek_v4_1/nvidia/flashinfer_sparse.py:815 _forward_decode
   /usr/local/lib/python3.12/dist-packages/vllm/utils/flashinfer.py:179 wrapper
   /usr/local/lib/python3.12/dist-packages/flashinfer/mla/_core.py:2258 trtllm_batch_decode_sparse_mla_dsv4
   /usr/local/lib/python3.12/dist-packages/flashinfer/mla/_core.py:1527 _trtllm_batch_decode_sparse_mla_dsv4_sm120
   /usr/local/lib/python3.12/dist-packages/flashinfer/mla/_core.py:689 _trtllm_batch_decode_sparse_mla_sm120
   /usr/local/lib/python3.12/dist-packages/flashinfer/mla/_sparse_mla_sm120.py:1355 run
   /usr/local/lib/python3.12/dist-packages/flashinfer/mla/_sparse_mla_sm120.py:893 _sparse_mla_sm120_paged_attention
   /usr/local/lib/python3.12/dist-packages/flashinfer/mla/_sparse_mla_sm120.py:722 _paged_attention
   /usr/local/lib/python3.12/dist-packages/flashinfer/mla/_sparse_mla_sm120_plan.py:656 plan
   /usr/local/lib/python3.12/dist-packages/flashinfer/mla/_sparse_mla_sm120_plan.py:525 _resolve_cpb
   /usr/local/lib/python3.12/dist-packages/flashinfer/mla/_sparse_mla_sm120_cpb.py:1013 get_constants
   /usr/local/lib/python3.12/dist-packages/flashinfer/mla/_sparse_mla_sm120_cpb.py:980 _maybe_load_disk
   /usr/lib/python3.12/pathlib.py:842 stat
=== 17:41:55 anon 2.8 file 0.9 shmem 4.8 GiB
   /usr/local/lib/python3.12/dist-packages/torch/nn/modules/module.py:1778 _wrapped_call_impl
   /usr/local/lib/python3.12/dist-packages/torch/nn/modules/module.py:1789 _call_impl
   /usr/local/lib/python3.12/dist-packages/vllm/models/deepseek_v4/nvidia/model.py:1029 forward
   /usr/local/lib/python3.12/dist-packages/vllm/models/deepseek_v4/nvidia/model.py:1078 _forward_fused_moe
   /usr/local/lib/python3.12/dist-packages/torch/nn/modules/module.py:1778 _wrapped_call_impl
   /usr/local/lib/python3.12/dist-packages/torch/nn/modules/module.py:1789 _call_impl
   /usr/local/lib/python3.12/dist-packages/vllm/model_executor/layers/fused_moe/runner/moe_runner.py:788 forward
   /usr/local/lib/python3.12/dist-packages/torch/_ops.py:1279 __call__
   /usr/local/lib/python3.12/dist-packages/vllm/model_executor/layers/fused_moe/runner/moe_runner.py:162 _moe_forward_shared
   /usr/local/lib/python3.12/dist-packages/vllm/model_executor/layers/fused_moe/runner/moe_runner.py:904 _forward_impl
   /usr/local/lib/python3.12/dist-packages/vllm/model_executor/layers/fused_moe/runner/moe_runner.py:642 _apply_quant_method
   /usr/local/lib/python3.12/dist-packages/vllm/model_executor/layers/fused_moe/routed_experts.py:1252 forward_modular
   /usr/local/lib/python3.12/dist-packages/cuda_exl3/moe.py:567 apply
   /usr/local/lib/python3.12/dist-packages/torch/_ops.py:1279 __call__
=== 17:42:00 anon 2.8 file 0.9 shmem 4.8 GiB
   /usr/local/lib/python3.12/dist-packages/vllm/models/deepseek_v4_1/nvidia/model.py:1085 forward
   /usr/local/lib/python3.12/dist-packages/torch/nn/modules/module.py:1778 _wrapped_call_impl
   /usr/local/lib/python3.12/dist-packages/torch/nn/modules/module.py:1789 _call_impl
   /usr/local/lib/python3.12/dist-packages/vllm/models/deepseek_v4_1/nvidia/model.py:626 forward
   /usr/local/lib/python3.12/dist-packages/torch/nn/modules/module.py:1778 _wrapped_call_impl
   /usr/local/lib/python3.12/dist-packages/torch/nn/modules/module.py:1789 _call_impl
   /usr/local/lib/python3.12/dist-packages/vllm/models/deepseek_v4_1/nvidia/model.py:384 forward
   /usr/local/lib/python3.12/dist-packages/torch/nn/modules/module.py:1778 _wrapped_call_impl
   /usr/local/lib/python3.12/dist-packages/torch/nn/modules/module.py:1789 _call_impl
   /usr/local/lib/python3.12/dist-packages/vllm/models/deepseek_v4_1/attention.py:587 forward
   /usr/local/lib/python3.12/dist-packages/vllm/models/deepseek_v4_1/attention.py:732 _prepare_and_attn
   /usr/local/lib/python3.12/dist-packages/vllm/models/deepseek_v4_1/attention.py:687 project_query_and_cache_kv
   /usr/local/lib/python3.12/dist-packages/vllm/models/deepseek_v4_1/attention.py:878 _fused_qnorm_rope_kv_insert
   /usr/local/lib/python3.12/dist-packages/torch/_ops.py:1279 __call__
=== 17:42:05 anon 2.8 file 0.9 shmem 4.8 GiB
   /usr/local/lib/python3.12/dist-packages/torch/nn/modules/module.py:1789 _call_impl
   /usr/local/lib/python3.12/dist-packages/vllm/models/deepseek_v4_1/nvidia/model.py:1085 forward
   /usr/local/lib/python3.12/dist-packages/torch/nn/modules/module.py:1778 _wrapped_call_impl
   /usr/local/lib/python3.12/dist-packages/torch/nn/modules/module.py:1789 _call_impl
   /usr/local/lib/python3.12/dist-packages/vllm/models/deepseek_v4_1/nvidia/model.py:626 forward
   /usr/local/lib/python3.12/dist-packages/torch/nn/modules/module.py:1778 _wrapped_call_impl
   /usr/local/lib/python3.12/dist-packages/torch/nn/modules/module.py:1789 _call_impl
   /usr/local/lib/python3.12/dist-packages/vllm/models/deepseek_v4_1/nvidia/model.py:385 forward
   /usr/local/lib/python3.12/dist-packages/vllm/model_executor/kernels/mhc/tilelang.py:619 mhc_post_tilelang
   /usr/local/lib/python3.12/dist-packages/vllm/utils/jit_monitor.py:510 _call_with_monitor
   /usr/local/lib/python3.12/dist-packages/tilelang/jit/__init__.py:538 __call__
   /usr/local/lib/python3.12/dist-packages/tilelang/jit/kernel.py:202 __call__
   /usr/local/lib/python3.12/dist-packages/tilelang/jit/adapter/tvm_ffi.py:292 func
   /usr/local/lib/python3.12/dist-packages/tvm_ffi/module.py:299 __call__
=== 17:42:10 anon 2.8 file 0.9 shmem 4.8 GiB
   /usr/local/lib/python3.12/dist-packages/vllm/model_executor/layers/quantization/modelopt.py:2451 <lambda>
   /usr/local/lib/python3.12/dist-packages/vllm/model_executor/kernels/linear/mxfp8/flashinfer.py:114 apply_weights
   /usr/local/lib/python3.12/dist-packages/torch/_library/custom_ops.py:863 __call__
   /usr/local/lib/python3.12/dist-packages/torch/_ops.py:875 __call__
   /usr/local/lib/python3.12/dist-packages/torch/_library/custom_ops.py:482 backend_impl
   /usr/local/lib/python3.12/dist-packages/torch/_compile.py:54 inner
   /usr/local/lib/python3.12/dist-packages/torch/_dynamo/eval_frame.py:1450 _fn
   /usr/local/lib/python3.12/dist-packages/torch/_library/custom_ops.py:502 wrapped_fn
   /usr/local/lib/python3.12/dist-packages/vllm/utils/flashinfer.py:920 mm_mxfp8
   /usr/local/lib/python3.12/dist-packages/flashinfer/utils.py:1561 wrapper
   /usr/local/lib/python3.12/dist-packages/flashinfer/api_logging.py:2348 _auto_dump_wrapper
   /usr/local/lib/python3.12/dist-packages/flashinfer/gemm/gemm_base.py:6275 mm_mxfp8
   /usr/local/lib/python3.12/dist-packages/flashinfer/autotuner/autotuner.py:764 __call__
   /usr/local/lib/python3.12/dist-packages/flashinfer/gemm/gemm_base.py:5282 forward
=== 17:42:15 anon 2.8 file 0.9 shmem 4.8 GiB
   /usr/local/lib/python3.12/dist-packages/vllm/models/deepseek_v4/nvidia/model.py:157 forward
   /usr/local/lib/python3.12/dist-packages/torch/nn/modules/module.py:1778 _wrapped_call_impl
   /usr/local/lib/python3.12/dist-packages/torch/nn/modules/module.py:1789 _call_impl
   /usr/local/lib/python3.12/dist-packages/vllm/model_executor/layers/linear.py:1773 forward
   /usr/local/lib/python3.12/dist-packages/vllm/model_executor/layers/quantization/modelopt.py:2447 apply
   /usr/local/lib/python3.12/dist-packages/vllm/model_executor/layers/quantization/modelopt.py:2296 apply
   /usr/local/lib/python3.12/dist-packages/vllm/model_executor/layers/quantization/modelopt.py:2451 <lambda>
   /usr/local/lib/python3.12/dist-packages/vllm/model_executor/kernels/linear/mxfp8/flashinfer.py:114 apply_weights
   /usr/local/lib/python3.12/dist-packages/vllm/model_executor/layers/quantization/utils/mxfp8_utils.py:227 mxfp8_e4m3_quantize
   /usr/local/lib/python3.12/dist-packages/torch/_ops.py:1279 __call__
   /usr/local/lib/python3.12/dist-packages/vllm/model_executor/layers/quantization/utils/mxfp8_utils.py:206 _mxfp8_e4m3_quantize_impl
   /usr/local/lib/python3.12/dist-packages/flashinfer/api_logging.py:2348 _auto_dump_wrapper
   /usr/local/lib/python3.12/dist-packages/flashinfer/quantization/fp8_quantization.py:246 mxfp8_quantize
   /usr/local/lib/python3.12/dist-packages/flashinfer/quantization/kernels/mxfp8_quantize.py:980 mxfp8_quantize_cute_dsl
=== 17:42:20 anon 2.8 file 0.9 shmem 4.8 GiB
   /usr/local/lib/python3.12/dist-packages/torch/nn/modules/module.py:1789 _call_impl
   /usr/local/lib/python3.12/dist-packages/vllm/models/deepseek_v4_1/nvidia/model.py:626 forward
   /usr/local/lib/python3.12/dist-packages/torch/nn/modules/module.py:1778 _wrapped_call_impl
   /usr/local/lib/python3.12/dist-packages/torch/nn/modules/module.py:1789 _call_impl
   /usr/local/lib/python3.12/dist-packages/vllm/models/deepseek_v4_1/nvidia/model.py:384 forward
   /usr/local/lib/python3.12/dist-packages/torch/nn/modules/module.py:1778 _wrapped_call_impl
   /usr/local/lib/python3.12/dist-packages/torch/nn/modules/module.py:1789 _call_impl
   /usr/local/lib/python3.12/dist-packages/vllm/models/deepseek_v4_1/attention.py:587 forward
   /usr/local/lib/python3.12/dist-packages/vllm/models/deepseek_v4_1/attention.py:732 _prepare_and_attn
   /usr/local/lib/python3.12/dist-packages/vllm/compilation/breakable_cudagraph.py:104 wrapper
   /usr/local/lib/python3.12/dist-packages/vllm/models/deepseek_v4_1/attention.py:836 _sparse_indexer_and_attn
   /usr/local/lib/python3.12/dist-packages/vllm/models/deepseek_v4_1/nvidia/flashinfer_sparse.py:742 forward_mqa
   /usr/local/lib/python3.12/dist-packages/vllm/models/deepseek_v4_1/nvidia/flashinfer_sparse.py:682 _forward_sparse_impl
   /usr/local/lib/python3.12/dist-packages/vllm/models/deepseek_v4_1/nvidia/flashinfer_sparse.py:815 _forward_decode
=== 17:42:25 anon 2.8 file 0.9 shmem 4.8 GiB
   /usr/local/lib/python3.12/dist-packages/torch/nn/modules/module.py:1778 _wrapped_call_impl
   /usr/local/lib/python3.12/dist-packages/torch/nn/modules/module.py:1789 _call_impl
   /usr/local/lib/python3.12/dist-packages/vllm/models/deepseek_v4_1/nvidia/model.py:626 forward
   /usr/local/lib/python3.12/dist-packages/torch/nn/modules/module.py:1778 _wrapped_call_impl
   /usr/local/lib/python3.12/dist-packages/torch/nn/modules/module.py:1789 _call_impl
   /usr/local/lib/python3.12/dist-packages/vllm/models/deepseek_v4_1/nvidia/model.py:385 forward
   /usr/local/lib/python3.12/dist-packages/torch/nn/modules/module.py:1778 _wrapped_call_impl
   /usr/local/lib/python3.12/dist-packages/torch/nn/modules/module.py:1789 _call_impl
   /usr/local/lib/python3.12/dist-packages/vllm/models/deepseek_v4_1/attention.py:587 forward
   /usr/local/lib/python3.12/dist-packages/vllm/models/deepseek_v4_1/nvidia/flashinfer_sparse.py:601 _o_proj
   /usr/local/lib/python3.12/dist-packages/vllm/models/deepseek_v4/nvidia/ops/o_proj.py:87 deep_gemm_fp8_o_proj
   /usr/local/lib/python3.12/dist-packages/vllm/models/deepseek_v4/common/ops/fused_inv_rope_fp8_quant.py:251 fused_inv_rope_fp8_quant
   /usr/local/lib/python3.12/dist-packages/torch/_ops.py:1279 __call__
   /usr/local/lib/python3.12/dist-packages/vllm/models/deepseek_v4/common/ops/fused_inv_rope_fp8_quant.py:323 _fused_inv_rope_fp8_quant_kernel_impl
=== 17:42:30 anon 2.8 file 0.9 shmem 4.8 GiB
   /usr/local/lib/python3.12/dist-packages/vllm/model_executor/layers/quantization/modelopt.py:2451 <lambda>
   /usr/local/lib/python3.12/dist-packages/vllm/model_executor/kernels/linear/mxfp8/flashinfer.py:114 apply_weights
   /usr/local/lib/python3.12/dist-packages/torch/_library/custom_ops.py:863 __call__
   /usr/local/lib/python3.12/dist-packages/torch/_ops.py:875 __call__
   /usr/local/lib/python3.12/dist-packages/torch/_library/custom_ops.py:482 backend_impl
   /usr/local/lib/python3.12/dist-packages/torch/_compile.py:54 inner
   /usr/local/lib/python3.12/dist-packages/torch/_dynamo/eval_frame.py:1450 _fn
   /usr/local/lib/python3.12/dist-packages/torch/_library/custom_ops.py:502 wrapped_fn
   /usr/local/lib/python3.12/dist-packages/vllm/utils/flashinfer.py:920 mm_mxfp8
   /usr/local/lib/python3.12/dist-packages/flashinfer/utils.py:1561 wrapper
   /usr/local/lib/python3.12/dist-packages/flashinfer/api_logging.py:2348 _auto_dump_wrapper
   /usr/local/lib/python3.12/dist-packages/flashinfer/gemm/gemm_base.py:6275 mm_mxfp8
   /usr/local/lib/python3.12/dist-packages/flashinfer/autotuner/autotuner.py:764 __call__
   /usr/local/lib/python3.12/dist-packages/flashinfer/gemm/gemm_base.py:5282 forward
=== 17:42:35 anon 2.8 file 0.9 shmem 4.8 GiB
   /usr/local/lib/python3.12/dist-packages/vllm/v1/executor/multiproc_executor.py:1033 worker_busy_loop
   /usr/local/lib/python3.12/dist-packages/vllm/v1/executor/multiproc_executor.py:1047 _execute_worker_rpc
   /usr/local/lib/python3.12/dist-packages/vllm/v1/worker/worker_base.py:375 execute_model
   /usr/local/lib/python3.12/dist-packages/torch/utils/_contextlib.py:124 decorate_context
   /usr/local/lib/python3.12/dist-packages/vllm/v1/worker/gpu_worker.py:1177 execute_model
   /usr/local/lib/python3.12/dist-packages/torch/utils/_contextlib.py:124 decorate_context
   /usr/local/lib/python3.12/dist-packages/vllm/v1/worker/gpu/model_runner.py:1796 execute_model
   /usr/local/lib/python3.12/dist-packages/vllm/models/deepseek_v4_1/nvidia/model_state.py:117 prepare_inputs
   /usr/local/lib/python3.12/dist-packages/torch/utils/_contextlib.py:123 decorate_context
   /usr/local/lib/python3.12/dist-packages/vllm/models/deepseek_v4_1/common/engram.py:1411 stage
   /usr/local/lib/python3.12/dist-packages/vllm/models/deepseek_v4_1/common/engram.py:821 gather_dequant_many
   /usr/local/lib/python3.12/dist-packages/vllm/models/deepseek_v4_1/common/engram.py:681 _kai_parallel_read
   /usr/lib/python3.12/concurrent/futures/_base.py:461 result
   /usr/lib/python3.12/threading.py:365 wait
=== 17:42:40 anon 2.8 file 0.9 shmem 4.8 GiB
   /usr/local/lib/python3.12/dist-packages/vllm/models/deepseek_v4_1/attention.py:732 _prepare_and_attn
   /usr/local/lib/python3.12/dist-packages/vllm/compilation/breakable_cudagraph.py:104 wrapper
   /usr/local/lib/python3.12/dist-packages/vllm/models/deepseek_v4_1/attention.py:836 _sparse_indexer_and_attn
   /usr/local/lib/python3.12/dist-packages/vllm/models/deepseek_v4_1/nvidia/flashinfer_sparse.py:742 forward_mqa
   /usr/local/lib/python3.12/dist-packages/vllm/models/deepseek_v4_1/nvidia/flashinfer_sparse.py:682 _forward_sparse_impl
   /usr/local/lib/python3.12/dist-packages/vllm/models/deepseek_v4_1/nvidia/flashinfer_sparse.py:815 _forward_decode
   /usr/local/lib/python3.12/dist-packages/vllm/utils/flashinfer.py:179 wrapper
   /usr/local/lib/python3.12/dist-packages/flashinfer/mla/_core.py:2258 trtllm_batch_decode_sparse_mla_dsv4
   /usr/local/lib/python3.12/dist-packages/flashinfer/mla/_core.py:1527 _trtllm_batch_decode_sparse_mla_dsv4_sm120
   /usr/local/lib/python3.12/dist-packages/flashinfer/mla/_core.py:689 _trtllm_batch_decode_sparse_mla_sm120
   /usr/local/lib/python3.12/dist-packages/flashinfer/mla/_sparse_mla_sm120.py:1355 run
   /usr/local/lib/python3.12/dist-packages/flashinfer/mla/_sparse_mla_sm120.py:893 _sparse_mla_sm120_paged_attention
   /usr/local/lib/python3.12/dist-packages/flashinfer/mla/_sparse_mla_sm120.py:722 _paged_attention
   /usr/local/lib/python3.12/dist-packages/flashinfer/mla/_sparse_mla_sm120.py:1594 sparse_mla_sm120_decode_dsv4
=== 17:42:45 anon 2.8 file 0.9 shmem 4.8 GiB
   /usr/local/lib/python3.12/dist-packages/torch/nn/modules/module.py:1778 _wrapped_call_impl
   /usr/local/lib/python3.12/dist-packages/torch/nn/modules/module.py:1789 _call_impl
   /usr/local/lib/python3.12/dist-packages/vllm/models/deepseek_v4_1/nvidia/model.py:1085 forward
   /usr/local/lib/python3.12/dist-packages/torch/nn/modules/module.py:1778 _wrapped_call_impl
   /usr/local/lib/python3.12/dist-packages/torch/nn/modules/module.py:1789 _call_impl
   /usr/local/lib/python3.12/dist-packages/vllm/models/deepseek_v4_1/nvidia/model.py:626 forward
   /usr/local/lib/python3.12/dist-packages/torch/nn/modules/module.py:1778 _wrapped_call_impl
   /usr/local/lib/python3.12/dist-packages/torch/nn/modules/module.py:1789 _call_impl
   /usr/local/lib/python3.12/dist-packages/vllm/models/deepseek_v4_1/nvidia/model.py:385 forward
   /usr/local/lib/python3.12/dist-packages/vllm/model_executor/kernels/mhc/tilelang.py:217 mhc_pre_delayed_tilelang
   /usr/local/lib/python3.12/dist-packages/vllm/model_executor/kernels/mhc/warmup.py:71 __call__
   /usr/local/lib/python3.12/dist-packages/tilelang/jit/kernel.py:202 __call__
   /usr/local/lib/python3.12/dist-packages/tilelang/jit/adapter/tvm_ffi.py:292 func
   /usr/local/lib/python3.12/dist-packages/tvm_ffi/module.py:299 __call__
=== 17:42:50 anon 2.8 file 0.9 shmem 4.8 GiB
   /usr/local/lib/python3.12/dist-packages/vllm/v1/executor/multiproc_executor.py:1033 worker_busy_loop
   /usr/local/lib/python3.12/dist-packages/vllm/v1/executor/multiproc_executor.py:1047 _execute_worker_rpc
   /usr/local/lib/python3.12/dist-packages/vllm/v1/worker/worker_base.py:375 execute_model
   /usr/local/lib/python3.12/dist-packages/torch/utils/_contextlib.py:124 decorate_context
   /usr/local/lib/python3.12/dist-packages/vllm/v1/worker/gpu_worker.py:1177 execute_model
   /usr/local/lib/python3.12/dist-packages/torch/utils/_contextlib.py:124 decorate_context
   /usr/local/lib/python3.12/dist-packages/vllm/v1/worker/gpu/model_runner.py:1728 execute_model
   /usr/local/lib/python3.12/dist-packages/vllm/models/deepseek_v4_1/nvidia/model_state.py:110 prepare_inputs
   /usr/local/lib/python3.12/dist-packages/torch/utils/_contextlib.py:124 decorate_context
   /usr/local/lib/python3.12/dist-packages/vllm/models/deepseek_v4_1/common/engram.py:1405 stage
   /usr/local/lib/python3.12/dist-packages/vllm/models/deepseek_v4_1/common/engram.py:815 gather_dequant_many
   /usr/local/lib/python3.12/dist-packages/vllm/models/deepseek_v4_1/common/engram.py:682 _kai_parallel_read
   /usr/lib/python3.12/concurrent/futures/_base.py:461 result
   /usr/lib/python3.12/threading.py:365 wait
=== 17:42:55 anon 2.8 file 0.9 shmem 4.8 GiB
   /usr/local/lib/python3.12/dist-packages/torch/nn/modules/module.py:1778 _wrapped_call_impl
   /usr/local/lib/python3.12/dist-packages/torch/nn/modules/module.py:1789 _call_impl
   /usr/local/lib/python3.12/dist-packages/vllm/models/deepseek_v4/nvidia/model.py:1029 forward
   /usr/local/lib/python3.12/dist-packages/vllm/models/deepseek_v4/nvidia/model.py:1078 _forward_fused_moe
   /usr/local/lib/python3.12/dist-packages/torch/nn/modules/module.py:1778 _wrapped_call_impl
   /usr/local/lib/python3.12/dist-packages/torch/nn/modules/module.py:1789 _call_impl
   /usr/local/lib/python3.12/dist-packages/vllm/model_executor/layers/fused_moe/runner/moe_runner.py:788 forward
   /usr/local/lib/python3.12/dist-packages/torch/_ops.py:1279 __call__
   /usr/local/lib/python3.12/dist-packages/vllm/model_executor/layers/fused_moe/runner/moe_runner.py:162 _moe_forward_shared
   /usr/local/lib/python3.12/dist-packages/vllm/model_executor/layers/fused_moe/runner/moe_runner.py:904 _forward_impl
   /usr/local/lib/python3.12/dist-packages/vllm/model_executor/layers/fused_moe/runner/moe_runner.py:642 _apply_quant_method
   /usr/local/lib/python3.12/dist-packages/vllm/model_executor/layers/fused_moe/routed_experts.py:1252 forward_modular
   /usr/local/lib/python3.12/dist-packages/cuda_exl3/moe.py:567 apply
   /usr/local/lib/python3.12/dist-packages/vllm/model_executor/layers/fused_moe/moe_align_block_size.py:103 moe_align_block_size
=== 17:43:00 anon 2.8 file 0.9 shmem 4.8 GiB
   /usr/local/lib/python3.12/dist-packages/vllm/models/deepseek_v4_1/nvidia/model.py:385 forward
   /usr/local/lib/python3.12/dist-packages/torch/nn/modules/module.py:1778 _wrapped_call_impl
   /usr/local/lib/python3.12/dist-packages/torch/nn/modules/module.py:1789 _call_impl
   /usr/local/lib/python3.12/dist-packages/vllm/models/deepseek_v4/nvidia/model.py:1029 forward
   /usr/local/lib/python3.12/dist-packages/vllm/models/deepseek_v4/nvidia/model.py:1078 _forward_fused_moe
   /usr/local/lib/python3.12/dist-packages/torch/nn/modules/module.py:1778 _wrapped_call_impl
   /usr/local/lib/python3.12/dist-packages/torch/nn/modules/module.py:1789 _call_impl
   /usr/local/lib/python3.12/dist-packages/vllm/model_executor/layers/fused_moe/runner/moe_runner.py:788 forward
   /usr/local/lib/python3.12/dist-packages/torch/_ops.py:1279 __call__
   /usr/local/lib/python3.12/dist-packages/vllm/model_executor/layers/fused_moe/runner/moe_runner.py:162 _moe_forward_shared
   /usr/local/lib/python3.12/dist-packages/vllm/model_executor/layers/fused_moe/runner/moe_runner.py:904 _forward_impl
   /usr/local/lib/python3.12/dist-packages/torch/nn/modules/module.py:1778 _wrapped_call_impl
   /usr/local/lib/python3.12/dist-packages/torch/nn/modules/module.py:1789 _call_impl
   /usr/local/lib/python3.12/dist-packages/vllm/model_executor/layers/fused_moe/router/gate_linear.py:213 forward
=== 17:43:05 anon 2.8 file 0.9 shmem 4.8 GiB
   /usr/local/lib/python3.12/dist-packages/torch/nn/modules/module.py:1778 _wrapped_call_impl
   /usr/local/lib/python3.12/dist-packages/torch/nn/modules/module.py:1789 _call_impl
   /usr/local/lib/python3.12/dist-packages/vllm/models/deepseek_v4_1/nvidia/model.py:626 forward
   /usr/local/lib/python3.12/dist-packages/torch/nn/modules/module.py:1778 _wrapped_call_impl
   /usr/local/lib/python3.12/dist-packages/torch/nn/modules/module.py:1789 _call_impl
   /usr/local/lib/python3.12/dist-packages/vllm/models/deepseek_v4_1/nvidia/model.py:365 forward
   /usr/local/lib/python3.12/dist-packages/torch/nn/modules/module.py:1778 _wrapped_call_impl
   /usr/local/lib/python3.12/dist-packages/torch/nn/modules/module.py:1789 _call_impl
   /usr/local/lib/python3.12/dist-packages/vllm/models/deepseek_v4_1/attention.py:574 forward
   /usr/local/lib/python3.12/dist-packages/vllm/models/deepseek_v4_1/attention.py:621 _split_qkv_and_norm
   /usr/local/lib/python3.12/dist-packages/vllm/models/deepseek_v4_1/common/ops/query_quant.py:123 fused_q_kv_rmsnorm_quant
   /usr/local/lib/python3.12/dist-packages/triton/runtime/jit.py:370 <lambda>
   /usr/local/lib/python3.12/dist-packages/triton/runtime/jit.py:763 run
   /usr/local/lib/python3.12/dist-packages/triton/backends/nvidia/driver.py:328 __call__
=== 17:43:10 anon 2.8 file 0.9 shmem 4.8 GiB
   /usr/local/lib/python3.12/dist-packages/torch/nn/modules/module.py:1789 _call_impl
   /usr/local/lib/python3.12/dist-packages/vllm/model_executor/layers/linear.py:1771 forward
   /usr/local/lib/python3.12/dist-packages/vllm/model_executor/layers/quantization/modelopt.py:2447 apply
   /usr/local/lib/python3.12/dist-packages/vllm/model_executor/layers/quantization/modelopt.py:2296 apply
   /usr/local/lib/python3.12/dist-packages/vllm/model_executor/layers/quantization/modelopt.py:2451 <lambda>
   /usr/local/lib/python3.12/dist-packages/vllm/model_executor/kernels/linear/mxfp8/flashinfer.py:114 apply_weights
   /usr/local/lib/python3.12/dist-packages/vllm/model_executor/layers/quantization/utils/mxfp8_utils.py:227 mxfp8_e4m3_quantize
   /usr/local/lib/python3.12/dist-packages/torch/_ops.py:1279 __call__
   /usr/local/lib/python3.12/dist-packages/vllm/model_executor/layers/quantization/utils/mxfp8_utils.py:206 _mxfp8_e4m3_quantize_impl
   /usr/local/lib/python3.12/dist-packages/flashinfer/api_logging.py:2348 _auto_dump_wrapper
   /usr/local/lib/python3.12/dist-packages/flashinfer/quantization/fp8_quantization.py:246 mxfp8_quantize
   /usr/local/lib/python3.12/dist-packages/flashinfer/quantization/kernels/mxfp8_quantize.py:980 mxfp8_quantize_cute_dsl
   /usr/local/lib/python3.12/dist-packages/nvidia_cutlass_dsl/dsl_packages/cutlass/cutlass_dsl/tvm_ffi_provider.py:685 __call__
   <string>:3 wrapper
=== 17:43:15 anon 2.8 file 0.9 shmem 4.8 GiB
   /usr/lib/python3.12/multiprocessing/process.py:314 _bootstrap
   /usr/lib/python3.12/multiprocessing/process.py:108 run
   /usr/local/lib/python3.12/dist-packages/vllm/v1/executor/multiproc_executor.py:935 worker_main
   /usr/local/lib/python3.12/dist-packages/vllm/v1/executor/multiproc_executor.py:1033 worker_busy_loop
   /usr/local/lib/python3.12/dist-packages/vllm/v1/executor/multiproc_executor.py:1047 _execute_worker_rpc
   /usr/local/lib/python3.12/dist-packages/vllm/v1/worker/worker_base.py:375 execute_model
   /usr/local/lib/python3.12/dist-packages/torch/utils/_contextlib.py:124 decorate_context
   /usr/local/lib/python3.12/dist-packages/vllm/v1/worker/gpu_worker.py:1177 execute_model
   /usr/local/lib/python3.12/dist-packages/torch/utils/_contextlib.py:124 decorate_context
   /usr/local/lib/python3.12/dist-packages/vllm/v1/worker/gpu/model_runner.py:1728 execute_model
   /usr/local/lib/python3.12/dist-packages/vllm/models/deepseek_v4_1/nvidia/model_state.py:110 prepare_inputs
   /usr/local/lib/python3.12/dist-packages/torch/utils/_contextlib.py:124 decorate_context
   /usr/local/lib/python3.12/dist-packages/vllm/models/deepseek_v4_1/common/engram.py:1399 stage
   /usr/local/lib/python3.12/dist-packages/torch/cuda/streams.py:254 synchronize
=== 17:43:20 anon 2.8 file 0.9 shmem 4.8 GiB
   /usr/local/lib/python3.12/dist-packages/torch/nn/modules/module.py:1789 _call_impl
   /usr/local/lib/python3.12/dist-packages/vllm/model_executor/layers/fused_moe/runner/moe_runner.py:788 forward
   /usr/local/lib/python3.12/dist-packages/torch/_ops.py:1279 __call__
   /usr/local/lib/python3.12/dist-packages/vllm/model_executor/layers/fused_moe/runner/moe_runner.py:162 _moe_forward_shared
   /usr/local/lib/python3.12/dist-packages/vllm/model_executor/layers/fused_moe/runner/moe_runner.py:904 _forward_impl
   /usr/local/lib/python3.12/dist-packages/vllm/model_executor/layers/fused_moe/runner/shared_experts.py:154 maybe_forward_async
   /usr/local/lib/python3.12/dist-packages/torch/nn/modules/module.py:1778 _wrapped_call_impl
   /usr/local/lib/python3.12/dist-packages/torch/nn/modules/module.py:1789 _call_impl
   /usr/local/lib/python3.12/dist-packages/vllm/models/deepseek_v4/nvidia/model.py:157 forward
   /usr/local/lib/python3.12/dist-packages/torch/nn/modules/module.py:1778 _wrapped_call_impl
   /usr/local/lib/python3.12/dist-packages/torch/nn/modules/module.py:1789 _call_impl
   /usr/local/lib/python3.12/dist-packages/vllm/model_executor/custom_op.py:136 forward
   /usr/local/lib/python3.12/dist-packages/vllm/model_executor/layers/activation.py:250 forward_cuda
   /usr/local/lib/python3.12/dist-packages/torch/_ops.py:1279 __call__
=== 17:43:25 anon 2.8 file 0.9 shmem 4.8 GiB
   /usr/local/lib/python3.12/dist-packages/torch/utils/_contextlib.py:124 decorate_context
   /usr/local/lib/python3.12/dist-packages/vllm/v1/worker/gpu/model_runner.py:1796 execute_model
   /usr/local/lib/python3.12/dist-packages/torch/nn/modules/module.py:1778 _wrapped_call_impl
   /usr/local/lib/python3.12/dist-packages/torch/nn/modules/module.py:1789 _call_impl
   /usr/local/lib/python3.12/dist-packages/vllm/models/deepseek_v4_1/nvidia/vl_model.py:317 forward
   /usr/local/lib/python3.12/dist-packages/torch/nn/modules/module.py:1778 _wrapped_call_impl
   /usr/local/lib/python3.12/dist-packages/torch/nn/modules/module.py:1789 _call_impl
   /usr/local/lib/python3.12/dist-packages/vllm/models/deepseek_v4_1/nvidia/model.py:1085 forward
   /usr/local/lib/python3.12/dist-packages/torch/nn/modules/module.py:1778 _wrapped_call_impl
   /usr/local/lib/python3.12/dist-packages/torch/nn/modules/module.py:1789 _call_impl
   /usr/local/lib/python3.12/dist-packages/vllm/models/deepseek_v4_1/nvidia/model.py:626 forward
   /usr/local/lib/python3.12/dist-packages/torch/nn/modules/module.py:1778 _wrapped_call_impl
   /usr/local/lib/python3.12/dist-packages/torch/nn/modules/module.py:1789 _call_impl
   /usr/local/lib/python3.12/dist-packages/vllm/models/deepseek_v4_1/nvidia/model.py:365 forward
=== 17:43:30 anon 2.8 file 0.9 shmem 4.8 GiB
   /usr/local/lib/python3.12/dist-packages/torch/nn/modules/module.py:1789 _call_impl
   /usr/local/lib/python3.12/dist-packages/vllm/models/deepseek_v4_1/nvidia/model.py:1085 forward
   /usr/local/lib/python3.12/dist-packages/torch/nn/modules/module.py:1778 _wrapped_call_impl
   /usr/local/lib/python3.12/dist-packages/torch/nn/modules/module.py:1789 _call_impl
   /usr/local/lib/python3.12/dist-packages/vllm/models/deepseek_v4_1/nvidia/model.py:626 forward
   /usr/local/lib/python3.12/dist-packages/torch/nn/modules/module.py:1778 _wrapped_call_impl
   /usr/local/lib/python3.12/dist-packages/torch/nn/modules/module.py:1789 _call_impl
   /usr/local/lib/python3.12/dist-packages/vllm/models/deepseek_v4_1/nvidia/model.py:385 forward
   /usr/local/lib/python3.12/dist-packages/vllm/model_executor/kernels/mhc/tilelang.py:619 mhc_post_tilelang
   /usr/local/lib/python3.12/dist-packages/vllm/utils/jit_monitor.py:510 _call_with_monitor
   /usr/local/lib/python3.12/dist-packages/tilelang/jit/__init__.py:538 __call__
   /usr/local/lib/python3.12/dist-packages/tilelang/jit/kernel.py:202 __call__
   /usr/local/lib/python3.12/dist-packages/tilelang/jit/adapter/tvm_ffi.py:292 func
   /usr/local/lib/python3.12/dist-packages/tvm_ffi/module.py:299 __call__
=== 17:43:35 anon 2.8 file 0.9 shmem 4.8 GiB
   /usr/local/lib/python3.12/dist-packages/vllm/model_executor/layers/quantization/modelopt.py:2451 <lambda>
   /usr/local/lib/python3.12/dist-packages/vllm/model_executor/kernels/linear/mxfp8/flashinfer.py:114 apply_weights
   /usr/local/lib/python3.12/dist-packages/torch/_library/custom_ops.py:863 __call__
   /usr/local/lib/python3.12/dist-packages/torch/_ops.py:875 __call__
   /usr/local/lib/python3.12/dist-packages/torch/_library/custom_ops.py:482 backend_impl
   /usr/local/lib/python3.12/dist-packages/torch/_compile.py:54 inner
   /usr/local/lib/python3.12/dist-packages/torch/_dynamo/eval_frame.py:1450 _fn
   /usr/local/lib/python3.12/dist-packages/torch/_library/custom_ops.py:502 wrapped_fn
   /usr/local/lib/python3.12/dist-packages/vllm/utils/flashinfer.py:920 mm_mxfp8
   /usr/local/lib/python3.12/dist-packages/flashinfer/utils.py:1561 wrapper
   /usr/local/lib/python3.12/dist-packages/flashinfer/api_logging.py:2348 _auto_dump_wrapper
   /usr/local/lib/python3.12/dist-packages/flashinfer/gemm/gemm_base.py:6275 mm_mxfp8
   /usr/local/lib/python3.12/dist-packages/flashinfer/autotuner/autotuner.py:764 __call__
   /usr/local/lib/python3.12/dist-packages/flashinfer/gemm/gemm_base.py:5282 forward
=== 17:43:40 anon 2.8 file 0.9 shmem 4.8 GiB
   /usr/local/lib/python3.12/dist-packages/vllm/models/deepseek_v4_1/attention.py:587 forward
   /usr/local/lib/python3.12/dist-packages/vllm/models/deepseek_v4_1/nvidia/flashinfer_sparse.py:601 _o_proj
   /usr/local/lib/python3.12/dist-packages/vllm/models/deepseek_v4/nvidia/ops/o_proj.py:87 deep_gemm_fp8_o_proj
   /usr/local/lib/python3.12/dist-packages/torch/nn/modules/module.py:1778 _wrapped_call_impl
   /usr/local/lib/python3.12/dist-packages/torch/nn/modules/module.py:1789 _call_impl
   /usr/local/lib/python3.12/dist-packages/vllm/model_executor/layers/linear.py:1771 forward
   /usr/local/lib/python3.12/dist-packages/vllm/distributed/communication_op.py:14 tensor_model_parallel_all_reduce
   /usr/local/lib/python3.12/dist-packages/vllm/distributed/parallel_state.py:742 all_reduce
   /usr/local/lib/python3.12/dist-packages/torch/_ops.py:1279 __call__
   /usr/local/lib/python3.12/dist-packages/vllm/distributed/parallel_state.py:198 all_reduce
   /usr/local/lib/python3.12/dist-packages/vllm/distributed/parallel_state.py:749 _all_reduce_out_place
   /usr/local/lib/python3.12/dist-packages/vllm/distributed/device_communicators/cuda_communicator.py:377 all_reduce
   /usr/local/lib/python3.12/dist-packages/vllm/distributed/device_communicators/pynccl.py:268 all_reduce
   /usr/local/lib/python3.12/dist-packages/vllm/distributed/device_communicators/pynccl_wrapper.py:504 ncclAllReduce
=== 17:43:45 anon 2.8 file 0.9 shmem 4.8 GiB
   /usr/local/lib/python3.12/dist-packages/vllm/model_executor/layers/quantization/modelopt.py:2451 <lambda>
   /usr/local/lib/python3.12/dist-packages/vllm/model_executor/kernels/linear/mxfp8/flashinfer.py:114 apply_weights
   /usr/local/lib/python3.12/dist-packages/torch/_library/custom_ops.py:863 __call__
   /usr/local/lib/python3.12/dist-packages/torch/_ops.py:875 __call__
   /usr/local/lib/python3.12/dist-packages/torch/_library/custom_ops.py:482 backend_impl
   /usr/local/lib/python3.12/dist-packages/torch/_compile.py:54 inner
   /usr/local/lib/python3.12/dist-packages/torch/_dynamo/eval_frame.py:1450 _fn
   /usr/local/lib/python3.12/dist-packages/torch/_library/custom_ops.py:502 wrapped_fn
   /usr/local/lib/python3.12/dist-packages/vllm/utils/flashinfer.py:920 mm_mxfp8
   /usr/local/lib/python3.12/dist-packages/flashinfer/utils.py:1561 wrapper
   /usr/local/lib/python3.12/dist-packages/flashinfer/api_logging.py:2348 _auto_dump_wrapper
   /usr/local/lib/python3.12/dist-packages/flashinfer/gemm/gemm_base.py:6275 mm_mxfp8
   /usr/local/lib/python3.12/dist-packages/flashinfer/autotuner/autotuner.py:764 __call__
   /usr/local/lib/python3.12/dist-packages/flashinfer/gemm/gemm_base.py:5282 forward
=== 17:43:50 anon 2.8 file 0.9 shmem 4.8 GiB
   /usr/local/lib/python3.12/dist-packages/torch/nn/modules/module.py:1789 _call_impl
   /usr/local/lib/python3.12/dist-packages/vllm/models/deepseek_v4_1/nvidia/model.py:1085 forward
   /usr/local/lib/python3.12/dist-packages/torch/nn/modules/module.py:1778 _wrapped_call_impl
   /usr/local/lib/python3.12/dist-packages/torch/nn/modules/module.py:1789 _call_impl
   /usr/local/lib/python3.12/dist-packages/vllm/models/deepseek_v4_1/nvidia/model.py:626 forward
   /usr/local/lib/python3.12/dist-packages/torch/nn/modules/module.py:1778 _wrapped_call_impl
   /usr/local/lib/python3.12/dist-packages/torch/nn/modules/module.py:1789 _call_impl
   /usr/local/lib/python3.12/dist-packages/vllm/models/deepseek_v4_1/nvidia/model.py:347 forward
   /usr/local/lib/python3.12/dist-packages/vllm/model_executor/kernels/mhc/tilelang.py:619 mhc_post_tilelang
   /usr/local/lib/python3.12/dist-packages/vllm/utils/jit_monitor.py:510 _call_with_monitor
   /usr/local/lib/python3.12/dist-packages/tilelang/jit/__init__.py:538 __call__
   /usr/local/lib/python3.12/dist-packages/tilelang/language/eager/builder.py:1450 parse_args
   /usr/local/lib/python3.12/dist-packages/tilelang/language/eager/builder.py:1095 _parse_phase2_key
   /usr/local/lib/python3.12/dist-packages/tvm_ffi/container.py:507 __iter__
=== 17:43:55 anon 2.8 file 0.9 shmem 4.8 GiB
   /usr/lib/python3.12/multiprocessing/process.py:314 _bootstrap
   /usr/lib/python3.12/multiprocessing/process.py:108 run
   /usr/local/lib/python3.12/dist-packages/vllm/v1/executor/multiproc_executor.py:935 worker_main
   /usr/local/lib/python3.12/dist-packages/vllm/v1/executor/multiproc_executor.py:1033 worker_busy_loop
   /usr/local/lib/python3.12/dist-packages/vllm/v1/executor/multiproc_executor.py:1047 _execute_worker_rpc
   /usr/local/lib/python3.12/dist-packages/vllm/v1/worker/worker_base.py:375 execute_model
   /usr/local/lib/python3.12/dist-packages/torch/utils/_contextlib.py:124 decorate_context
   /usr/local/lib/python3.12/dist-packages/vllm/v1/worker/gpu_worker.py:1177 execute_model
   /usr/local/lib/python3.12/dist-packages/torch/utils/_contextlib.py:124 decorate_context
   /usr/local/lib/python3.12/dist-packages/vllm/v1/worker/gpu/model_runner.py:1728 execute_model
   /usr/local/lib/python3.12/dist-packages/vllm/models/deepseek_v4_1/nvidia/model_state.py:110 prepare_inputs
   /usr/local/lib/python3.12/dist-packages/torch/utils/_contextlib.py:124 decorate_context
   /usr/local/lib/python3.12/dist-packages/vllm/models/deepseek_v4_1/common/engram.py:1399 stage
   /usr/local/lib/python3.12/dist-packages/torch/cuda/streams.py:254 synchronize
=== 17:44:00 anon 2.8 file 0.9 shmem 4.8 GiB
   /usr/local/lib/python3.12/dist-packages/vllm/v1/executor/multiproc_executor.py:1033 worker_busy_loop
   /usr/local/lib/python3.12/dist-packages/vllm/v1/executor/multiproc_executor.py:1047 _execute_worker_rpc
   /usr/local/lib/python3.12/dist-packages/vllm/v1/worker/worker_base.py:375 execute_model
   /usr/local/lib/python3.12/dist-packages/torch/utils/_contextlib.py:124 decorate_context
   /usr/local/lib/python3.12/dist-packages/vllm/v1/worker/gpu_worker.py:1177 execute_model
   /usr/local/lib/python3.12/dist-packages/torch/utils/_contextlib.py:124 decorate_context
   /usr/local/lib/python3.12/dist-packages/vllm/v1/worker/gpu/model_runner.py:1796 execute_model
   /usr/local/lib/python3.12/dist-packages/vllm/models/deepseek_v4_1/nvidia/model_state.py:117 prepare_inputs
   /usr/local/lib/python3.12/dist-packages/torch/utils/_contextlib.py:123 decorate_context
   /usr/local/lib/python3.12/dist-packages/vllm/models/deepseek_v4_1/common/engram.py:1411 stage
   /usr/local/lib/python3.12/dist-packages/vllm/models/deepseek_v4_1/common/engram.py:821 gather_dequant_many
   /usr/local/lib/python3.12/dist-packages/vllm/models/deepseek_v4_1/common/engram.py:681 _kai_parallel_read
   /usr/lib/python3.12/concurrent/futures/_base.py:461 result
   /usr/lib/python3.12/threading.py:365 wait
=== 17:44:05 anon 2.8 file 0.9 shmem 4.8 GiB
   /usr/local/lib/python3.12/dist-packages/torch/nn/modules/module.py:1789 _call_impl
   /usr/local/lib/python3.12/dist-packages/vllm/models/deepseek_v4_1/nvidia/model.py:365 forward
   /usr/local/lib/python3.12/dist-packages/torch/nn/modules/module.py:1778 _wrapped_call_impl
   /usr/local/lib/python3.12/dist-packages/torch/nn/modules/module.py:1789 _call_impl
   /usr/local/lib/python3.12/dist-packages/vllm/models/deepseek_v4_1/attention.py:574 forward
   /usr/local/lib/python3.12/dist-packages/vllm/models/deepseek_v4_1/attention.py:732 _prepare_and_attn
   /usr/local/lib/python3.12/dist-packages/vllm/compilation/breakable_cudagraph.py:104 wrapper
   /usr/local/lib/python3.12/dist-packages/vllm/models/deepseek_v4_1/attention.py:836 _sparse_indexer_and_attn
   /usr/local/lib/python3.12/dist-packages/vllm/models/deepseek_v4_1/nvidia/flashinfer_sparse.py:742 forward_mqa
   /usr/local/lib/python3.12/dist-packages/vllm/models/deepseek_v4_1/nvidia/flashinfer_sparse.py:682 _forward_sparse_impl
   /usr/local/lib/python3.12/dist-packages/vllm/models/deepseek_v4_1/nvidia/flashinfer_sparse.py:815 _forward_decode
   /usr/local/lib/python3.12/dist-packages/vllm/utils/flashinfer.py:179 wrapper
   /usr/local/lib/python3.12/dist-packages/flashinfer/mla/_core.py:2258 trtllm_batch_decode_sparse_mla_dsv4
   /usr/local/lib/python3.12/dist-packages/flashinfer/mla/_core.py:1512 _trtllm_batch_decode_sparse_mla_dsv4_sm120
=== 17:44:10 anon 2.8 file 0.9 shmem 4.8 GiB
   /usr/local/lib/python3.12/dist-packages/torch/nn/modules/module.py:1778 _wrapped_call_impl
   /usr/local/lib/python3.12/dist-packages/torch/nn/modules/module.py:1789 _call_impl
   /usr/local/lib/python3.12/dist-packages/vllm/models/deepseek_v4_1/nvidia/model.py:626 forward
   /usr/local/lib/python3.12/dist-packages/torch/nn/modules/module.py:1778 _wrapped_call_impl
   /usr/local/lib/python3.12/dist-packages/torch/nn/modules/module.py:1789 _call_impl
   /usr/local/lib/python3.12/dist-packages/vllm/models/deepseek_v4_1/nvidia/model.py:384 forward
   /usr/local/lib/python3.12/dist-packages/torch/nn/modules/module.py:1778 _wrapped_call_impl
   /usr/local/lib/python3.12/dist-packages/torch/nn/modules/module.py:1789 _call_impl
   /usr/local/lib/python3.12/dist-packages/vllm/models/deepseek_v4_1/attention.py:587 forward
   /usr/local/lib/python3.12/dist-packages/vllm/models/deepseek_v4_1/attention.py:621 _split_qkv_and_norm
   /usr/local/lib/python3.12/dist-packages/vllm/models/deepseek_v4_1/common/ops/query_quant.py:123 fused_q_kv_rmsnorm_quant
   /usr/local/lib/python3.12/dist-packages/triton/runtime/jit.py:370 <lambda>
   /usr/local/lib/python3.12/dist-packages/triton/runtime/jit.py:763 run
   /usr/local/lib/python3.12/dist-packages/triton/backends/nvidia/driver.py:328 __call__
=== 17:44:15 anon 2.8 file 0.9 shmem 4.8 GiB
   /usr/local/lib/python3.12/dist-packages/torch/nn/modules/module.py:1789 _call_impl
   /usr/local/lib/python3.12/dist-packages/vllm/model_executor/layers/linear.py:1771 forward
   /usr/local/lib/python3.12/dist-packages/vllm/model_executor/layers/quantization/modelopt.py:2447 apply
   /usr/local/lib/python3.12/dist-packages/vllm/model_executor/layers/quantization/modelopt.py:2296 apply
   /usr/local/lib/python3.12/dist-packages/vllm/model_executor/layers/quantization/modelopt.py:2451 <lambda>
   /usr/local/lib/python3.12/dist-packages/vllm/model_executor/kernels/linear/mxfp8/flashinfer.py:114 apply_weights
   /usr/local/lib/python3.12/dist-packages/vllm/model_executor/layers/quantization/utils/mxfp8_utils.py:227 mxfp8_e4m3_quantize
   /usr/local/lib/python3.12/dist-packages/torch/_ops.py:1279 __call__
   /usr/local/lib/python3.12/dist-packages/vllm/model_executor/layers/quantization/utils/mxfp8_utils.py:206 _mxfp8_e4m3_quantize_impl
   /usr/local/lib/python3.12/dist-packages/flashinfer/api_logging.py:2348 _auto_dump_wrapper
   /usr/local/lib/python3.12/dist-packages/flashinfer/quantization/fp8_quantization.py:246 mxfp8_quantize
   /usr/local/lib/python3.12/dist-packages/flashinfer/quantization/kernels/mxfp8_quantize.py:980 mxfp8_quantize_cute_dsl
   /usr/local/lib/python3.12/dist-packages/nvidia_cutlass_dsl/dsl_packages/cutlass/cutlass_dsl/tvm_ffi_provider.py:685 __call__
   <string>:3 wrapper
=== 17:44:20 anon 2.8 file 0.9 shmem 4.8 GiB
   /usr/local/lib/python3.12/dist-packages/vllm/models/deepseek_v4_1/nvidia/vl_model.py:317 forward
   /usr/local/lib/python3.12/dist-packages/torch/nn/modules/module.py:1778 _wrapped_call_impl
   /usr/local/lib/python3.12/dist-packages/torch/nn/modules/module.py:1789 _call_impl
   /usr/local/lib/python3.12/dist-packages/vllm/models/deepseek_v4_1/nvidia/model.py:1085 forward
   /usr/local/lib/python3.12/dist-packages/torch/nn/modules/module.py:1778 _wrapped_call_impl
   /usr/local/lib/python3.12/dist-packages/torch/nn/modules/module.py:1789 _call_impl
   /usr/local/lib/python3.12/dist-packages/vllm/models/deepseek_v4_1/nvidia/model.py:626 forward
   /usr/local/lib/python3.12/dist-packages/torch/nn/modules/module.py:1778 _wrapped_call_impl
   /usr/local/lib/python3.12/dist-packages/torch/nn/modules/module.py:1789 _call_impl
   /usr/local/lib/python3.12/dist-packages/vllm/models/deepseek_v4_1/nvidia/model.py:384 forward
   /usr/local/lib/python3.12/dist-packages/torch/nn/modules/module.py:1778 _wrapped_call_impl
   /usr/local/lib/python3.12/dist-packages/torch/nn/modules/module.py:1789 _call_impl
   /usr/local/lib/python3.12/dist-packages/vllm/models/deepseek_v4_1/attention.py:587 forward
   /usr/local/lib/python3.12/dist-packages/vllm/models/deepseek_v4_1/attention.py:621 _split_qkv_and_norm
=== 17:44:25 anon 2.8 file 0.9 shmem 4.8 GiB
   /usr/local/lib/python3.12/dist-packages/torch/nn/modules/module.py:1789 _call_impl
   /usr/local/lib/python3.12/dist-packages/vllm/models/deepseek_v4_1/nvidia/model.py:1085 forward
   /usr/local/lib/python3.12/dist-packages/torch/nn/modules/module.py:1778 _wrapped_call_impl
   /usr/local/lib/python3.12/dist-packages/torch/nn/modules/module.py:1789 _call_impl
   /usr/local/lib/python3.12/dist-packages/vllm/models/deepseek_v4_1/nvidia/model.py:626 forward
   /usr/local/lib/python3.12/dist-packages/torch/nn/modules/module.py:1778 _wrapped_call_impl
   /usr/local/lib/python3.12/dist-packages/torch/nn/modules/module.py:1789 _call_impl
   /usr/local/lib/python3.12/dist-packages/vllm/models/deepseek_v4_1/nvidia/model.py:385 forward
   /usr/local/lib/python3.12/dist-packages/vllm/model_executor/kernels/mhc/tilelang.py:619 mhc_post_tilelang
   /usr/local/lib/python3.12/dist-packages/vllm/utils/jit_monitor.py:510 _call_with_monitor
   /usr/local/lib/python3.12/dist-packages/tilelang/jit/__init__.py:538 __call__
   /usr/local/lib/python3.12/dist-packages/tilelang/language/eager/builder.py:1450 parse_args
   /usr/local/lib/python3.12/dist-packages/tilelang/language/eager/builder.py:1095 _parse_phase2_key
   /usr/local/lib/python3.12/dist-packages/tvm_ffi/container.py:507 __iter__
=== 17:44:30 anon 2.8 file 0.9 shmem 4.8 GiB
   /usr/local/lib/python3.12/dist-packages/vllm/model_executor/layers/quantization/modelopt.py:2451 <lambda>
   /usr/local/lib/python3.12/dist-packages/vllm/model_executor/kernels/linear/mxfp8/flashinfer.py:114 apply_weights
   /usr/local/lib/python3.12/dist-packages/torch/_library/custom_ops.py:863 __call__
   /usr/local/lib/python3.12/dist-packages/torch/_ops.py:875 __call__
   /usr/local/lib/python3.12/dist-packages/torch/_library/custom_ops.py:482 backend_impl
   /usr/local/lib/python3.12/dist-packages/torch/_compile.py:54 inner
   /usr/local/lib/python3.12/dist-packages/torch/_dynamo/eval_frame.py:1450 _fn
   /usr/local/lib/python3.12/dist-packages/torch/_library/custom_ops.py:502 wrapped_fn
   /usr/local/lib/python3.12/dist-packages/vllm/utils/flashinfer.py:920 mm_mxfp8
   /usr/local/lib/python3.12/dist-packages/flashinfer/utils.py:1561 wrapper
   /usr/local/lib/python3.12/dist-packages/flashinfer/api_logging.py:2348 _auto_dump_wrapper
   /usr/local/lib/python3.12/dist-packages/flashinfer/gemm/gemm_base.py:6275 mm_mxfp8
   /usr/local/lib/python3.12/dist-packages/flashinfer/autotuner/autotuner.py:764 __call__
   /usr/local/lib/python3.12/dist-packages/flashinfer/gemm/gemm_base.py:5282 forward
=== 17:44:35 anon 2.8 file 0.9 shmem 4.8 GiB
   /usr/local/lib/python3.12/dist-packages/vllm/models/deepseek_v4_1/attention.py:732 _prepare_and_attn
   /usr/local/lib/python3.12/dist-packages/vllm/compilation/breakable_cudagraph.py:104 wrapper
   /usr/local/lib/python3.12/dist-packages/vllm/models/deepseek_v4_1/attention.py:836 _sparse_indexer_and_attn
   /usr/local/lib/python3.12/dist-packages/vllm/models/deepseek_v4_1/nvidia/flashinfer_sparse.py:742 forward_mqa
   /usr/local/lib/python3.12/dist-packages/vllm/models/deepseek_v4_1/nvidia/flashinfer_sparse.py:682 _forward_sparse_impl
   /usr/local/lib/python3.12/dist-packages/vllm/models/deepseek_v4_1/nvidia/flashinfer_sparse.py:815 _forward_decode
   /usr/local/lib/python3.12/dist-packages/vllm/utils/flashinfer.py:179 wrapper
   /usr/local/lib/python3.12/dist-packages/flashinfer/mla/_core.py:2258 trtllm_batch_decode_sparse_mla_dsv4
   /usr/local/lib/python3.12/dist-packages/flashinfer/mla/_core.py:1527 _trtllm_batch_decode_sparse_mla_dsv4_sm120
   /usr/local/lib/python3.12/dist-packages/flashinfer/mla/_core.py:689 _trtllm_batch_decode_sparse_mla_sm120
   /usr/local/lib/python3.12/dist-packages/flashinfer/mla/_sparse_mla_sm120.py:1355 run
   /usr/local/lib/python3.12/dist-packages/flashinfer/mla/_sparse_mla_sm120.py:893 _sparse_mla_sm120_paged_attention
   /usr/local/lib/python3.12/dist-packages/flashinfer/mla/_sparse_mla_sm120.py:722 _paged_attention
   /usr/local/lib/python3.12/dist-packages/flashinfer/mla/_sparse_mla_sm120.py:1594 sparse_mla_sm120_decode_dsv4
=== 17:44:40 anon 2.8 file 0.9 shmem 4.8 GiB
   /usr/local/lib/python3.12/dist-packages/torch/nn/modules/module.py:1778 _wrapped_call_impl
   /usr/local/lib/python3.12/dist-packages/torch/nn/modules/module.py:1789 _call_impl
   /usr/local/lib/python3.12/dist-packages/vllm/models/deepseek_v4_1/nvidia/model.py:1085 forward
   /usr/local/lib/python3.12/dist-packages/torch/nn/modules/module.py:1778 _wrapped_call_impl
   /usr/local/lib/python3.12/dist-packages/torch/nn/modules/module.py:1789 _call_impl
   /usr/local/lib/python3.12/dist-packages/vllm/models/deepseek_v4_1/nvidia/model.py:626 forward
   /usr/local/lib/python3.12/dist-packages/torch/nn/modules/module.py:1778 _wrapped_call_impl
   /usr/local/lib/python3.12/dist-packages/torch/nn/modules/module.py:1789 _call_impl
   /usr/local/lib/python3.12/dist-packages/vllm/models/deepseek_v4_1/nvidia/model.py:384 forward
   /usr/local/lib/python3.12/dist-packages/torch/nn/modules/module.py:1778 _wrapped_call_impl
   /usr/local/lib/python3.12/dist-packages/torch/nn/modules/module.py:1789 _call_impl
   /usr/local/lib/python3.12/dist-packages/vllm/models/deepseek_v4_1/attention.py:587 forward
   /usr/local/lib/python3.12/dist-packages/vllm/models/deepseek_v4_1/attention.py:621 _split_qkv_and_norm
   /usr/local/lib/python3.12/dist-packages/vllm/models/deepseek_v4_1/common/ops/query_quant.py:123 fused_q_kv_rmsnorm_quant
=== 17:44:45 anon 2.8 file 0.9 shmem 4.8 GiB
   /usr/lib/python3.12/multiprocessing/spawn.py:135 _main
   /usr/lib/python3.12/multiprocessing/process.py:314 _bootstrap
   /usr/lib/python3.12/multiprocessing/process.py:108 run
   /usr/local/lib/python3.12/dist-packages/vllm/v1/executor/multiproc_executor.py:935 worker_main
   /usr/local/lib/python3.12/dist-packages/vllm/v1/executor/multiproc_executor.py:1033 worker_busy_loop
   /usr/local/lib/python3.12/dist-packages/vllm/v1/executor/multiproc_executor.py:1047 _execute_worker_rpc
   /usr/local/lib/python3.12/dist-packages/vllm/v1/worker/worker_base.py:375 execute_model
   /usr/local/lib/python3.12/dist-packages/torch/utils/_contextlib.py:124 decorate_context
   /usr/local/lib/python3.12/dist-packages/vllm/v1/worker/gpu_worker.py:1177 execute_model
   /usr/local/lib/python3.12/dist-packages/torch/utils/_contextlib.py:124 decorate_context
   /usr/local/lib/python3.12/dist-packages/vllm/v1/worker/gpu/model_runner.py:1728 execute_model
   /usr/local/lib/python3.12/dist-packages/vllm/v1/worker/gpu/model_states/default.py:228 prepare_attn
   /usr/local/lib/python3.12/dist-packages/vllm/v1/worker/gpu/attn_utils.py:343 build_attn_metadata
   /usr/local/lib/python3.12/dist-packages/vllm/v1/attention/backends/mla/indexer.py:1302 build
=== 17:44:50 anon 2.8 file 0.9 shmem 4.8 GiB
   /usr/local/lib/python3.12/dist-packages/vllm/model_executor/layers/quantization/modelopt.py:2447 apply
   /usr/local/lib/python3.12/dist-packages/vllm/model_executor/layers/quantization/modelopt.py:2296 apply
   /usr/local/lib/python3.12/dist-packages/vllm/model_executor/layers/quantization/modelopt.py:2451 <lambda>
   /usr/local/lib/python3.12/dist-packages/vllm/model_executor/kernels/linear/mxfp8/flashinfer.py:114 apply_weights
   /usr/local/lib/python3.12/dist-packages/torch/_library/custom_ops.py:863 __call__
   /usr/local/lib/python3.12/dist-packages/torch/_ops.py:875 __call__
   /usr/local/lib/python3.12/dist-packages/torch/_library/custom_ops.py:482 backend_impl
   /usr/local/lib/python3.12/dist-packages/torch/_compile.py:54 inner
   /usr/local/lib/python3.12/dist-packages/torch/_dynamo/eval_frame.py:1450 _fn
   /usr/local/lib/python3.12/dist-packages/torch/_library/custom_ops.py:502 wrapped_fn
   /usr/local/lib/python3.12/dist-packages/vllm/utils/flashinfer.py:920 mm_mxfp8
   /usr/local/lib/python3.12/dist-packages/flashinfer/utils.py:1561 wrapper
   /usr/local/lib/python3.12/dist-packages/flashinfer/api_logging.py:2348 _auto_dump_wrapper
   /usr/local/lib/python3.12/dist-packages/flashinfer/gemm/gemm_base.py:6275 mm_mxfp8
=== 17:44:55 anon 2.8 file 0.9 shmem 4.8 GiB
   /usr/local/lib/python3.12/dist-packages/torch/nn/modules/module.py:1789 _call_impl
   /usr/local/lib/python3.12/dist-packages/vllm/models/deepseek_v4_1/attention.py:587 forward
   /usr/local/lib/python3.12/dist-packages/vllm/models/deepseek_v4_1/attention.py:732 _prepare_and_attn
   /usr/local/lib/python3.12/dist-packages/vllm/compilation/breakable_cudagraph.py:104 wrapper
   /usr/local/lib/python3.12/dist-packages/vllm/models/deepseek_v4_1/attention.py:836 _sparse_indexer_and_attn
   /usr/local/lib/python3.12/dist-packages/vllm/models/deepseek_v4_1/nvidia/flashinfer_sparse.py:742 forward_mqa
   /usr/local/lib/python3.12/dist-packages/vllm/models/deepseek_v4_1/nvidia/flashinfer_sparse.py:682 _forward_sparse_impl
   /usr/local/lib/python3.12/dist-packages/vllm/models/deepseek_v4_1/nvidia/flashinfer_sparse.py:815 _forward_decode
   /usr/local/lib/python3.12/dist-packages/vllm/utils/flashinfer.py:179 wrapper
   /usr/local/lib/python3.12/dist-packages/flashinfer/mla/_core.py:2258 trtllm_batch_decode_sparse_mla_dsv4
   /usr/local/lib/python3.12/dist-packages/flashinfer/mla/_core.py:1527 _trtllm_batch_decode_sparse_mla_dsv4_sm120
   /usr/local/lib/python3.12/dist-packages/flashinfer/mla/_core.py:689 _trtllm_batch_decode_sparse_mla_sm120
   /usr/local/lib/python3.12/dist-packages/flashinfer/mla/_core.py:276 _normalize_sparse_mla_segments
   /usr/local/lib/python3.12/dist-packages/flashinfer/mla/_core.py:220 _normalize_sparse_mla_indices_and_lens
=== 17:45:00 anon 2.8 file 0.9 shmem 4.8 GiB
   /usr/lib/python3.12/multiprocessing/spawn.py:135 _main
   /usr/lib/python3.12/multiprocessing/process.py:314 _bootstrap
   /usr/lib/python3.12/multiprocessing/process.py:108 run
   /usr/local/lib/python3.12/dist-packages/vllm/v1/executor/multiproc_executor.py:935 worker_main
   /usr/local/lib/python3.12/dist-packages/vllm/v1/executor/multiproc_executor.py:1033 worker_busy_loop
   /usr/local/lib/python3.12/dist-packages/vllm/v1/executor/multiproc_executor.py:1047 _execute_worker_rpc
   /usr/local/lib/python3.12/dist-packages/vllm/v1/worker/worker_base.py:375 execute_model
   /usr/local/lib/python3.12/dist-packages/torch/utils/_contextlib.py:124 decorate_context
   /usr/local/lib/python3.12/dist-packages/vllm/v1/worker/gpu_worker.py:1177 execute_model
   /usr/local/lib/python3.12/dist-packages/torch/utils/_contextlib.py:124 decorate_context
   /usr/local/lib/python3.12/dist-packages/vllm/v1/worker/gpu/model_runner.py:1677 execute_model
   /usr/local/lib/python3.12/dist-packages/vllm/v1/worker/gpu/model_states/default.py:208 prepare_attn
   /usr/local/lib/python3.12/dist-packages/vllm/v1/worker/gpu/attn_utils.py:336 build_attn_metadata
   /usr/local/lib/python3.12/dist-packages/vllm/v1/attention/backends/mla/sparse_swa.py:695 build
=== 17:45:05 anon 2.8 file 0.9 shmem 4.8 GiB
   /usr/local/lib/python3.12/dist-packages/torch/nn/modules/module.py:1789 _call_impl
   /usr/local/lib/python3.12/dist-packages/vllm/model_executor/layers/linear.py:610 forward
   /usr/local/lib/python3.12/dist-packages/vllm/model_executor/layers/quantization/modelopt.py:2447 apply
   /usr/local/lib/python3.12/dist-packages/vllm/model_executor/layers/quantization/modelopt.py:2296 apply
   /usr/local/lib/python3.12/dist-packages/vllm/model_executor/layers/quantization/modelopt.py:2451 <lambda>
   /usr/local/lib/python3.12/dist-packages/vllm/model_executor/kernels/linear/mxfp8/flashinfer.py:114 apply_weights
   /usr/local/lib/python3.12/dist-packages/vllm/model_executor/layers/quantization/utils/mxfp8_utils.py:227 mxfp8_e4m3_quantize
   /usr/local/lib/python3.12/dist-packages/torch/_ops.py:1279 __call__
   /usr/local/lib/python3.12/dist-packages/vllm/model_executor/layers/quantization/utils/mxfp8_utils.py:206 _mxfp8_e4m3_quantize_impl
   /usr/local/lib/python3.12/dist-packages/flashinfer/api_logging.py:2348 _auto_dump_wrapper
   /usr/local/lib/python3.12/dist-packages/flashinfer/quantization/fp8_quantization.py:246 mxfp8_quantize
   /usr/local/lib/python3.12/dist-packages/flashinfer/quantization/kernels/mxfp8_quantize.py:980 mxfp8_quantize_cute_dsl
   /usr/local/lib/python3.12/dist-packages/nvidia_cutlass_dsl/dsl_packages/cutlass/cutlass_dsl/tvm_ffi_provider.py:685 __call__
   <string>:3 wrapper
=== 17:45:10 anon 2.8 file 0.9 shmem 4.8 GiB
   /usr/local/lib/python3.12/dist-packages/vllm/models/deepseek_v4_1/nvidia/vl_model.py:317 forward
   /usr/local/lib/python3.12/dist-packages/torch/nn/modules/module.py:1778 _wrapped_call_impl
   /usr/local/lib/python3.12/dist-packages/torch/nn/modules/module.py:1789 _call_impl
   /usr/local/lib/python3.12/dist-packages/vllm/models/deepseek_v4_1/nvidia/model.py:1085 forward
   /usr/local/lib/python3.12/dist-packages/torch/nn/modules/module.py:1778 _wrapped_call_impl
   /usr/local/lib/python3.12/dist-packages/torch/nn/modules/module.py:1789 _call_impl
   /usr/local/lib/python3.12/dist-packages/vllm/models/deepseek_v4_1/nvidia/model.py:626 forward
   /usr/local/lib/python3.12/dist-packages/torch/nn/modules/module.py:1778 _wrapped_call_impl
   /usr/local/lib/python3.12/dist-packages/torch/nn/modules/module.py:1789 _call_impl
   /usr/local/lib/python3.12/dist-packages/vllm/models/deepseek_v4_1/nvidia/model.py:385 forward
   /usr/local/lib/python3.12/dist-packages/torch/nn/modules/module.py:1778 _wrapped_call_impl
   /usr/local/lib/python3.12/dist-packages/torch/nn/modules/module.py:1789 _call_impl
   /usr/local/lib/python3.12/dist-packages/vllm/models/deepseek_v4_1/attention.py:587 forward
   /usr/local/lib/python3.12/dist-packages/vllm/models/deepseek_v4_1/nvidia/flashinfer_sparse.py:601 _o_proj
=== 17:45:15 anon 2.8 file 0.9 shmem 4.8 GiB
   /usr/local/lib/python3.12/dist-packages/vllm/model_executor/layers/quantization/modelopt.py:2451 <lambda>
   /usr/local/lib/python3.12/dist-packages/vllm/model_executor/kernels/linear/mxfp8/flashinfer.py:114 apply_weights
   /usr/local/lib/python3.12/dist-packages/torch/_library/custom_ops.py:863 __call__
   /usr/local/lib/python3.12/dist-packages/torch/_ops.py:875 __call__
   /usr/local/lib/python3.12/dist-packages/torch/_library/custom_ops.py:482 backend_impl
   /usr/local/lib/python3.12/dist-packages/torch/_compile.py:54 inner
   /usr/local/lib/python3.12/dist-packages/torch/_dynamo/eval_frame.py:1450 _fn
   /usr/local/lib/python3.12/dist-packages/torch/_library/custom_ops.py:502 wrapped_fn
   /usr/local/lib/python3.12/dist-packages/vllm/utils/flashinfer.py:920 mm_mxfp8
   /usr/local/lib/python3.12/dist-packages/flashinfer/utils.py:1561 wrapper
   /usr/local/lib/python3.12/dist-packages/flashinfer/api_logging.py:2348 _auto_dump_wrapper
   /usr/local/lib/python3.12/dist-packages/flashinfer/gemm/gemm_base.py:6275 mm_mxfp8
   /usr/local/lib/python3.12/dist-packages/flashinfer/autotuner/autotuner.py:764 __call__
   /usr/local/lib/python3.12/dist-packages/flashinfer/gemm/gemm_base.py:5282 forward
=== 17:45:20 anon 2.8 file 0.9 shmem 4.8 GiB
   /usr/local/lib/python3.12/dist-packages/vllm/models/deepseek_v4_1/nvidia/model.py:385 forward
   /usr/local/lib/python3.12/dist-packages/torch/nn/modules/module.py:1778 _wrapped_call_impl
   /usr/local/lib/python3.12/dist-packages/torch/nn/modules/module.py:1789 _call_impl
   /usr/local/lib/python3.12/dist-packages/vllm/models/deepseek_v4_1/attention.py:587 forward
   /usr/local/lib/python3.12/dist-packages/vllm/models/deepseek_v4_1/attention.py:732 _prepare_and_attn
   /usr/local/lib/python3.12/dist-packages/vllm/compilation/breakable_cudagraph.py:104 wrapper
   /usr/local/lib/python3.12/dist-packages/vllm/models/deepseek_v4_1/attention.py:836 _sparse_indexer_and_attn
   /usr/local/lib/python3.12/dist-packages/vllm/models/deepseek_v4_1/nvidia/flashinfer_sparse.py:742 forward_mqa
   /usr/local/lib/python3.12/dist-packages/vllm/models/deepseek_v4_1/nvidia/flashinfer_sparse.py:682 _forward_sparse_impl
   /usr/local/lib/python3.12/dist-packages/vllm/models/deepseek_v4_1/nvidia/flashinfer_sparse.py:815 _forward_decode
   /usr/local/lib/python3.12/dist-packages/vllm/models/deepseek_v4_1/common/ops/cache_utils.py:470 compute_global_topk_indices_and_lens
   /usr/local/lib/python3.12/dist-packages/triton/runtime/jit.py:370 <lambda>
   /usr/local/lib/python3.12/dist-packages/triton/runtime/jit.py:763 run
   /usr/local/lib/python3.12/dist-packages/triton/backends/nvidia/driver.py:328 __call__
=== 17:45:25 anon 2.8 file 0.9 shmem 4.8 GiB
   /usr/local/lib/python3.12/dist-packages/vllm/models/deepseek_v4_1/nvidia/model.py:1085 forward
   /usr/local/lib/python3.12/dist-packages/torch/nn/modules/module.py:1778 _wrapped_call_impl
   /usr/local/lib/python3.12/dist-packages/torch/nn/modules/module.py:1789 _call_impl
   /usr/local/lib/python3.12/dist-packages/vllm/models/deepseek_v4_1/nvidia/model.py:626 forward
   /usr/local/lib/python3.12/dist-packages/torch/nn/modules/module.py:1778 _wrapped_call_impl
   /usr/local/lib/python3.12/dist-packages/torch/nn/modules/module.py:1789 _call_impl
   /usr/local/lib/python3.12/dist-packages/vllm/models/deepseek_v4_1/nvidia/model.py:385 forward
   /usr/local/lib/python3.12/dist-packages/torch/nn/modules/module.py:1778 _wrapped_call_impl
   /usr/local/lib/python3.12/dist-packages/torch/nn/modules/module.py:1789 _call_impl
   /usr/local/lib/python3.12/dist-packages/vllm/models/deepseek_v4/nvidia/model.py:1029 forward
   /usr/local/lib/python3.12/dist-packages/vllm/models/deepseek_v4/nvidia/model.py:1078 _forward_fused_moe
   /usr/local/lib/python3.12/dist-packages/torch/nn/modules/module.py:1778 _wrapped_call_impl
   /usr/local/lib/python3.12/dist-packages/torch/nn/modules/module.py:1789 _call_impl
   /usr/local/lib/python3.12/dist-packages/vllm/model_executor/layers/fused_moe/runner/moe_runner.py:788 forward
=== 17:45:30 anon 2.8 file 0.9 shmem 4.8 GiB
   /usr/local/lib/python3.12/dist-packages/torch/nn/modules/module.py:1789 _call_impl
   /usr/local/lib/python3.12/dist-packages/vllm/models/deepseek_v4_1/attention.py:587 forward
   /usr/local/lib/python3.12/dist-packages/vllm/models/deepseek_v4_1/attention.py:732 _prepare_and_attn
   /usr/local/lib/python3.12/dist-packages/vllm/compilation/breakable_cudagraph.py:104 wrapper
   /usr/local/lib/python3.12/dist-packages/vllm/models/deepseek_v4_1/attention.py:836 _sparse_indexer_and_attn
   /usr/local/lib/python3.12/dist-packages/vllm/models/deepseek_v4_1/nvidia/flashinfer_sparse.py:742 forward_mqa
   /usr/local/lib/python3.12/dist-packages/vllm/models/deepseek_v4_1/nvidia/flashinfer_sparse.py:682 _forward_sparse_impl
   /usr/local/lib/python3.12/dist-packages/vllm/models/deepseek_v4_1/nvidia/flashinfer_sparse.py:815 _forward_decode
   /usr/local/lib/python3.12/dist-packages/vllm/utils/flashinfer.py:179 wrapper
   /usr/local/lib/python3.12/dist-packages/flashinfer/mla/_core.py:2258 trtllm_batch_decode_sparse_mla_dsv4
   /usr/local/lib/python3.12/dist-packages/flashinfer/mla/_core.py:1527 _trtllm_batch_decode_sparse_mla_dsv4_sm120
   /usr/local/lib/python3.12/dist-packages/flashinfer/mla/_core.py:689 _trtllm_batch_decode_sparse_mla_sm120
   /usr/local/lib/python3.12/dist-packages/flashinfer/mla/_core.py:341 _sparse_mla_decode_workspace
   /usr/local/lib/python3.12/dist-packages/flashinfer/mla/_core.py:302 _workspace_tensor_view
=== 17:45:35 anon 2.8 file 0.9 shmem 4.8 GiB
   /usr/local/lib/python3.12/dist-packages/vllm/models/deepseek_v4_1/nvidia/model.py:385 forward
   /usr/local/lib/python3.12/dist-packages/torch/nn/modules/module.py:1778 _wrapped_call_impl
   /usr/local/lib/python3.12/dist-packages/torch/nn/modules/module.py:1789 _call_impl
   /usr/local/lib/python3.12/dist-packages/vllm/models/deepseek_v4/nvidia/model.py:1029 forward
   /usr/local/lib/python3.12/dist-packages/vllm/models/deepseek_v4/nvidia/model.py:1078 _forward_fused_moe
   /usr/local/lib/python3.12/dist-packages/torch/nn/modules/module.py:1778 _wrapped_call_impl
   /usr/local/lib/python3.12/dist-packages/torch/nn/modules/module.py:1789 _call_impl
   /usr/local/lib/python3.12/dist-packages/vllm/model_executor/layers/fused_moe/runner/moe_runner.py:788 forward
   /usr/local/lib/python3.12/dist-packages/torch/_ops.py:1279 __call__
   /usr/local/lib/python3.12/dist-packages/vllm/model_executor/layers/fused_moe/runner/moe_runner.py:162 _moe_forward_shared
   /usr/local/lib/python3.12/dist-packages/vllm/model_executor/layers/fused_moe/runner/moe_runner.py:904 _forward_impl
   /usr/local/lib/python3.12/dist-packages/torch/nn/modules/module.py:1778 _wrapped_call_impl
   /usr/local/lib/python3.12/dist-packages/torch/nn/modules/module.py:1789 _call_impl
   /usr/local/lib/python3.12/dist-packages/vllm/model_executor/layers/fused_moe/router/gate_linear.py:213 forward
=== 17:45:40 anon 2.8 file 0.9 shmem 4.8 GiB
   /usr/local/lib/python3.12/dist-packages/vllm/model_executor/layers/quantization/modelopt.py:2451 <lambda>
   /usr/local/lib/python3.12/dist-packages/vllm/model_executor/kernels/linear/mxfp8/flashinfer.py:114 apply_weights
   /usr/local/lib/python3.12/dist-packages/torch/_library/custom_ops.py:863 __call__
   /usr/local/lib/python3.12/dist-packages/torch/_ops.py:875 __call__
   /usr/local/lib/python3.12/dist-packages/torch/_library/custom_ops.py:482 backend_impl
   /usr/local/lib/python3.12/dist-packages/torch/_compile.py:54 inner
   /usr/local/lib/python3.12/dist-packages/torch/_dynamo/eval_frame.py:1450 _fn
   /usr/local/lib/python3.12/dist-packages/torch/_library/custom_ops.py:502 wrapped_fn
   /usr/local/lib/python3.12/dist-packages/vllm/utils/flashinfer.py:920 mm_mxfp8
   /usr/local/lib/python3.12/dist-packages/flashinfer/utils.py:1561 wrapper
   /usr/local/lib/python3.12/dist-packages/flashinfer/api_logging.py:2348 _auto_dump_wrapper
   /usr/local/lib/python3.12/dist-packages/flashinfer/gemm/gemm_base.py:6275 mm_mxfp8
   /usr/local/lib/python3.12/dist-packages/flashinfer/autotuner/autotuner.py:764 __call__
   /usr/local/lib/python3.12/dist-packages/flashinfer/gemm/gemm_base.py:5282 forward
=== 17:45:45 anon 2.8 file 0.9 shmem 4.8 GiB
   /usr/local/lib/python3.12/dist-packages/torch/nn/modules/module.py:1789 _call_impl
   /usr/local/lib/python3.12/dist-packages/vllm/models/deepseek_v4_1/attention.py:587 forward
   /usr/local/lib/python3.12/dist-packages/vllm/models/deepseek_v4_1/attention.py:732 _prepare_and_attn
   /usr/local/lib/python3.12/dist-packages/vllm/models/deepseek_v4_1/attention.py:687 project_query_and_cache_kv
   /usr/local/lib/python3.12/dist-packages/vllm/models/deepseek_v4_1/attention.py:757 _wq_b_proj
   /usr/local/lib/python3.12/dist-packages/torch/nn/modules/module.py:1778 _wrapped_call_impl
   /usr/local/lib/python3.12/dist-packages/torch/nn/modules/module.py:1789 _call_impl
   /usr/local/lib/python3.12/dist-packages/vllm/model_executor/layers/linear.py:608 forward
   /usr/local/lib/python3.12/dist-packages/vllm/model_executor/layers/quantization/modelopt.py:2447 apply
   /usr/local/lib/python3.12/dist-packages/vllm/model_executor/layers/quantization/modelopt.py:2296 apply
   /usr/local/lib/python3.12/dist-packages/vllm/model_executor/layers/quantization/modelopt.py:2451 <lambda>
   /usr/local/lib/python3.12/dist-packages/vllm/model_executor/kernels/linear/mxfp8/flashinfer.py:114 apply_weights
   /usr/local/lib/python3.12/dist-packages/torch/_library/custom_ops.py:863 __call__
   /usr/local/lib/python3.12/dist-packages/torch/_ops.py:875 __call__
=== 17:45:50 anon 2.8 file 0.9 shmem 4.8 GiB
   /usr/local/lib/python3.12/dist-packages/vllm/models/deepseek_v4_1/attention.py:732 _prepare_and_attn
   /usr/local/lib/python3.12/dist-packages/vllm/compilation/breakable_cudagraph.py:104 wrapper
   /usr/local/lib/python3.12/dist-packages/vllm/models/deepseek_v4_1/attention.py:836 _sparse_indexer_and_attn
   /usr/local/lib/python3.12/dist-packages/vllm/models/deepseek_v4_1/nvidia/flashinfer_sparse.py:742 forward_mqa
   /usr/local/lib/python3.12/dist-packages/vllm/models/deepseek_v4_1/nvidia/flashinfer_sparse.py:682 _forward_sparse_impl
   /usr/local/lib/python3.12/dist-packages/vllm/models/deepseek_v4_1/nvidia/flashinfer_sparse.py:815 _forward_decode
   /usr/local/lib/python3.12/dist-packages/vllm/utils/flashinfer.py:179 wrapper
   /usr/local/lib/python3.12/dist-packages/flashinfer/mla/_core.py:2258 trtllm_batch_decode_sparse_mla_dsv4
   /usr/local/lib/python3.12/dist-packages/flashinfer/mla/_core.py:1527 _trtllm_batch_decode_sparse_mla_dsv4_sm120
   /usr/local/lib/python3.12/dist-packages/flashinfer/mla/_core.py:689 _trtllm_batch_decode_sparse_mla_sm120
   /usr/local/lib/python3.12/dist-packages/flashinfer/mla/_sparse_mla_sm120.py:1355 run
   /usr/local/lib/python3.12/dist-packages/flashinfer/mla/_sparse_mla_sm120.py:893 _sparse_mla_sm120_paged_attention
   /usr/local/lib/python3.12/dist-packages/flashinfer/mla/_sparse_mla_sm120.py:722 _paged_attention
   /usr/local/lib/python3.12/dist-packages/flashinfer/mla/_sparse_mla_sm120.py:1594 sparse_mla_sm120_decode_dsv4
=== 17:45:55 anon 2.8 file 0.9 shmem 4.8 GiB
   /usr/local/lib/python3.12/dist-packages/vllm/models/deepseek_v4/nvidia/model.py:1029 forward
   /usr/local/lib/python3.12/dist-packages/vllm/models/deepseek_v4/nvidia/model.py:1078 _forward_fused_moe
   /usr/local/lib/python3.12/dist-packages/torch/nn/modules/module.py:1778 _wrapped_call_impl
   /usr/local/lib/python3.12/dist-packages/torch/nn/modules/module.py:1789 _call_impl
   /usr/local/lib/python3.12/dist-packages/vllm/model_executor/layers/fused_moe/runner/moe_runner.py:788 forward
   /usr/local/lib/python3.12/dist-packages/vllm/model_executor/layers/fused_moe/runner/moe_runner.py:511 _maybe_reduce_final_output
   /usr/local/lib/python3.12/dist-packages/vllm/distributed/communication_op.py:14 tensor_model_parallel_all_reduce
   /usr/local/lib/python3.12/dist-packages/vllm/distributed/parallel_state.py:742 all_reduce
   /usr/local/lib/python3.12/dist-packages/torch/_ops.py:1279 __call__
   /usr/local/lib/python3.12/dist-packages/vllm/distributed/parallel_state.py:198 all_reduce
   /usr/local/lib/python3.12/dist-packages/vllm/distributed/parallel_state.py:749 _all_reduce_out_place
   /usr/local/lib/python3.12/dist-packages/vllm/distributed/device_communicators/cuda_communicator.py:377 all_reduce
   /usr/local/lib/python3.12/dist-packages/vllm/distributed/device_communicators/pynccl.py:268 all_reduce
   /usr/local/lib/python3.12/dist-packages/vllm/distributed/device_communicators/pynccl_wrapper.py:504 ncclAllReduce
=== 17:46:00 anon 2.8 file 0.9 shmem 4.8 GiB
   /usr/local/lib/python3.12/dist-packages/vllm/v1/worker/gpu/model_runner.py:1796 execute_model
   /usr/local/lib/python3.12/dist-packages/torch/nn/modules/module.py:1778 _wrapped_call_impl
   /usr/local/lib/python3.12/dist-packages/torch/nn/modules/module.py:1789 _call_impl
   /usr/local/lib/python3.12/dist-packages/vllm/models/deepseek_v4_1/nvidia/vl_model.py:317 forward
   /usr/local/lib/python3.12/dist-packages/torch/nn/modules/module.py:1778 _wrapped_call_impl
   /usr/local/lib/python3.12/dist-packages/torch/nn/modules/module.py:1789 _call_impl
   /usr/local/lib/python3.12/dist-packages/vllm/models/deepseek_v4_1/nvidia/model.py:1085 forward
   /usr/local/lib/python3.12/dist-packages/torch/nn/modules/module.py:1778 _wrapped_call_impl
   /usr/local/lib/python3.12/dist-packages/torch/nn/modules/module.py:1789 _call_impl
   /usr/local/lib/python3.12/dist-packages/vllm/models/deepseek_v4_1/nvidia/model.py:626 forward
   /usr/local/lib/python3.12/dist-packages/torch/nn/modules/module.py:1778 _wrapped_call_impl
   /usr/local/lib/python3.12/dist-packages/torch/nn/modules/module.py:1789 _call_impl
   /usr/local/lib/python3.12/dist-packages/vllm/models/deepseek_v4_1/nvidia/model.py:365 forward
   /usr/local/lib/python3.12/dist-packages/vllm/model_executor/kernels/mhc/tilelang.py:217 mhc_pre_delayed_tilelang
=== 17:46:05 anon 2.8 file 0.9 shmem 4.8 GiB
   /usr/local/lib/python3.12/dist-packages/vllm/models/deepseek_v4/nvidia/model.py:157 forward
   /usr/local/lib/python3.12/dist-packages/torch/nn/modules/module.py:1778 _wrapped_call_impl
   /usr/local/lib/python3.12/dist-packages/torch/nn/modules/module.py:1789 _call_impl
   /usr/local/lib/python3.12/dist-packages/vllm/model_executor/layers/linear.py:1773 forward
   /usr/local/lib/python3.12/dist-packages/vllm/model_executor/layers/quantization/modelopt.py:2447 apply
   /usr/local/lib/python3.12/dist-packages/vllm/model_executor/layers/quantization/modelopt.py:2296 apply
   /usr/local/lib/python3.12/dist-packages/vllm/model_executor/layers/quantization/modelopt.py:2451 <lambda>
   /usr/local/lib/python3.12/dist-packages/vllm/model_executor/kernels/linear/mxfp8/flashinfer.py:114 apply_weights
   /usr/local/lib/python3.12/dist-packages/vllm/model_executor/layers/quantization/utils/mxfp8_utils.py:227 mxfp8_e4m3_quantize
   /usr/local/lib/python3.12/dist-packages/torch/_ops.py:1279 __call__
   /usr/local/lib/python3.12/dist-packages/vllm/model_executor/layers/quantization/utils/mxfp8_utils.py:206 _mxfp8_e4m3_quantize_impl
   /usr/local/lib/python3.12/dist-packages/flashinfer/api_logging.py:2348 _auto_dump_wrapper
   /usr/local/lib/python3.12/dist-packages/flashinfer/quantization/fp8_quantization.py:246 mxfp8_quantize
   /usr/local/lib/python3.12/dist-packages/flashinfer/quantization/kernels/mxfp8_quantize.py:980 mxfp8_quantize_cute_dsl
=== 17:46:10 anon 2.8 file 0.9 shmem 4.8 GiB
   /usr/local/lib/python3.12/dist-packages/vllm/models/deepseek_v4_1/nvidia/model.py:385 forward
   /usr/local/lib/python3.12/dist-packages/torch/nn/modules/module.py:1778 _wrapped_call_impl
   /usr/local/lib/python3.12/dist-packages/torch/nn/modules/module.py:1789 _call_impl
   /usr/local/lib/python3.12/dist-packages/vllm/models/deepseek_v4/nvidia/model.py:1029 forward
   /usr/local/lib/python3.12/dist-packages/vllm/models/deepseek_v4/nvidia/model.py:1078 _forward_fused_moe
   /usr/local/lib/python3.12/dist-packages/torch/nn/modules/module.py:1778 _wrapped_call_impl
   /usr/local/lib/python3.12/dist-packages/torch/nn/modules/module.py:1789 _call_impl
   /usr/local/lib/python3.12/dist-packages/vllm/model_executor/layers/fused_moe/runner/moe_runner.py:788 forward
   /usr/local/lib/python3.12/dist-packages/torch/_ops.py:1279 __call__
   /usr/local/lib/python3.12/dist-packages/vllm/model_executor/layers/fused_moe/runner/moe_runner.py:162 _moe_forward_shared
   /usr/local/lib/python3.12/dist-packages/vllm/model_executor/layers/fused_moe/runner/moe_runner.py:904 _forward_impl
   /usr/local/lib/python3.12/dist-packages/torch/nn/modules/module.py:1778 _wrapped_call_impl
   /usr/local/lib/python3.12/dist-packages/torch/nn/modules/module.py:1789 _call_impl
   /usr/local/lib/python3.12/dist-packages/vllm/model_executor/layers/fused_moe/router/gate_linear.py:213 forward
=== 17:46:15 anon 2.8 file 0.9 shmem 4.8 GiB
   /usr/local/lib/python3.12/dist-packages/torch/nn/modules/module.py:1789 _call_impl
   /usr/local/lib/python3.12/dist-packages/vllm/models/deepseek_v4_1/nvidia/model.py:1085 forward
   /usr/local/lib/python3.12/dist-packages/torch/nn/modules/module.py:1778 _wrapped_call_impl
   /usr/local/lib/python3.12/dist-packages/torch/nn/modules/module.py:1789 _call_impl
   /usr/local/lib/python3.12/dist-packages/vllm/models/deepseek_v4_1/nvidia/model.py:626 forward
   /usr/local/lib/python3.12/dist-packages/torch/nn/modules/module.py:1778 _wrapped_call_impl
   /usr/local/lib/python3.12/dist-packages/torch/nn/modules/module.py:1789 _call_impl
   /usr/local/lib/python3.12/dist-packages/vllm/models/deepseek_v4_1/nvidia/model.py:365 forward
   /usr/local/lib/python3.12/dist-packages/torch/nn/modules/module.py:1778 _wrapped_call_impl
   /usr/local/lib/python3.12/dist-packages/torch/nn/modules/module.py:1789 _call_impl
   /usr/local/lib/python3.12/dist-packages/vllm/models/deepseek_v4_1/attention.py:569 forward
   /usr/local/lib/python3.12/dist-packages/vllm/models/deepseek_v4_1/attention.py:800 _run_parallel_input_projections
   /usr/local/lib/python3.12/dist-packages/vllm/utils/multi_stream_utils.py:123 execute_in_parallel
   /usr/local/lib/python3.12/dist-packages/vllm/models/deepseek_v4_1/attention.py:782 compressor_kv_score
=== 17:46:20 anon 2.8 file 0.9 shmem 4.8 GiB
   /usr/local/lib/python3.12/dist-packages/vllm/model_executor/layers/quantization/modelopt.py:2451 <lambda>
   /usr/local/lib/python3.12/dist-packages/vllm/model_executor/kernels/linear/mxfp8/flashinfer.py:114 apply_weights
   /usr/local/lib/python3.12/dist-packages/torch/_library/custom_ops.py:863 __call__
   /usr/local/lib/python3.12/dist-packages/torch/_ops.py:875 __call__
   /usr/local/lib/python3.12/dist-packages/torch/_library/custom_ops.py:482 backend_impl
   /usr/local/lib/python3.12/dist-packages/torch/_compile.py:54 inner
   /usr/local/lib/python3.12/dist-packages/torch/_dynamo/eval_frame.py:1450 _fn
   /usr/local/lib/python3.12/dist-packages/torch/_library/custom_ops.py:502 wrapped_fn
   /usr/local/lib/python3.12/dist-packages/vllm/utils/flashinfer.py:920 mm_mxfp8
   /usr/local/lib/python3.12/dist-packages/flashinfer/utils.py:1561 wrapper
   /usr/local/lib/python3.12/dist-packages/flashinfer/api_logging.py:2348 _auto_dump_wrapper
   /usr/local/lib/python3.12/dist-packages/flashinfer/gemm/gemm_base.py:6275 mm_mxfp8
   /usr/local/lib/python3.12/dist-packages/flashinfer/autotuner/autotuner.py:764 __call__
   /usr/local/lib/python3.12/dist-packages/flashinfer/gemm/gemm_base.py:5282 forward
=== 17:46:25 anon 2.8 file 0.9 shmem 4.8 GiB
   /usr/local/lib/python3.12/dist-packages/torch/nn/modules/module.py:1789 _call_impl
   /usr/local/lib/python3.12/dist-packages/vllm/models/deepseek_v4/nvidia/model.py:1029 forward
   /usr/local/lib/python3.12/dist-packages/vllm/models/deepseek_v4/nvidia/model.py:1078 _forward_fused_moe
   /usr/local/lib/python3.12/dist-packages/torch/nn/modules/module.py:1778 _wrapped_call_impl
   /usr/local/lib/python3.12/dist-packages/torch/nn/modules/module.py:1789 _call_impl
   /usr/local/lib/python3.12/dist-packages/vllm/model_executor/layers/fused_moe/runner/moe_runner.py:788 forward
   /usr/local/lib/python3.12/dist-packages/vllm/model_executor/layers/fused_moe/runner/moe_runner.py:511 _maybe_reduce_final_output
   /usr/local/lib/python3.12/dist-packages/vllm/distributed/communication_op.py:14 tensor_model_parallel_all_reduce
   /usr/local/lib/python3.12/dist-packages/vllm/distributed/parallel_state.py:742 all_reduce
   /usr/local/lib/python3.12/dist-packages/torch/_ops.py:1279 __call__
   /usr/local/lib/python3.12/dist-packages/vllm/distributed/parallel_state.py:198 all_reduce
   /usr/local/lib/python3.12/dist-packages/vllm/distributed/parallel_state.py:749 _all_reduce_out_place
   /usr/local/lib/python3.12/dist-packages/vllm/distributed/device_communicators/cuda_communicator.py:377 all_reduce
   /usr/local/lib/python3.12/dist-packages/vllm/distributed/device_communicators/pynccl.py:268 all_reduce
=== 17:46:30 anon 2.8 file 0.9 shmem 4.8 GiB
   /usr/local/lib/python3.12/dist-packages/vllm/v1/worker/gpu/model_runner.py:1796 execute_model
   /usr/local/lib/python3.12/dist-packages/torch/nn/modules/module.py:1778 _wrapped_call_impl
   /usr/local/lib/python3.12/dist-packages/torch/nn/modules/module.py:1789 _call_impl
   /usr/local/lib/python3.12/dist-packages/vllm/models/deepseek_v4_1/nvidia/vl_model.py:317 forward
   /usr/local/lib/python3.12/dist-packages/torch/nn/modules/module.py:1778 _wrapped_call_impl
   /usr/local/lib/python3.12/dist-packages/torch/nn/modules/module.py:1789 _call_impl
   /usr/local/lib/python3.12/dist-packages/vllm/models/deepseek_v4_1/nvidia/model.py:1085 forward
   /usr/local/lib/python3.12/dist-packages/torch/nn/modules/module.py:1778 _wrapped_call_impl
   /usr/local/lib/python3.12/dist-packages/torch/nn/modules/module.py:1789 _call_impl
   /usr/local/lib/python3.12/dist-packages/vllm/models/deepseek_v4_1/nvidia/model.py:626 forward
   /usr/local/lib/python3.12/dist-packages/torch/nn/modules/module.py:1778 _wrapped_call_impl
   /usr/local/lib/python3.12/dist-packages/torch/nn/modules/module.py:1789 _call_impl
   /usr/local/lib/python3.12/dist-packages/vllm/models/deepseek_v4_1/nvidia/model.py:384 forward
   /usr/local/lib/python3.12/dist-packages/vllm/model_executor/kernels/mhc/tilelang.py:217 mhc_pre_delayed_tilelang
=== 17:46:35 anon 2.8 file 0.9 shmem 4.8 GiB
   /usr/local/lib/python3.12/dist-packages/vllm/model_executor/layers/quantization/modelopt.py:2451 <lambda>
   /usr/local/lib/python3.12/dist-packages/vllm/model_executor/kernels/linear/mxfp8/flashinfer.py:114 apply_weights
   /usr/local/lib/python3.12/dist-packages/torch/_library/custom_ops.py:863 __call__
   /usr/local/lib/python3.12/dist-packages/torch/_ops.py:875 __call__
   /usr/local/lib/python3.12/dist-packages/torch/_library/custom_ops.py:482 backend_impl
   /usr/local/lib/python3.12/dist-packages/torch/_compile.py:54 inner
   /usr/local/lib/python3.12/dist-packages/torch/_dynamo/eval_frame.py:1450 _fn
   /usr/local/lib/python3.12/dist-packages/torch/_library/custom_ops.py:502 wrapped_fn
   /usr/local/lib/python3.12/dist-packages/vllm/utils/flashinfer.py:920 mm_mxfp8
   /usr/local/lib/python3.12/dist-packages/flashinfer/utils.py:1561 wrapper
   /usr/local/lib/python3.12/dist-packages/flashinfer/api_logging.py:2348 _auto_dump_wrapper
   /usr/local/lib/python3.12/dist-packages/flashinfer/gemm/gemm_base.py:6275 mm_mxfp8
   /usr/local/lib/python3.12/dist-packages/flashinfer/autotuner/autotuner.py:764 __call__
   /usr/local/lib/python3.12/dist-packages/flashinfer/gemm/gemm_base.py:5282 forward
=== 17:46:40 anon 2.8 file 0.9 shmem 4.8 GiB
   /usr/local/lib/python3.12/dist-packages/torch/_ops.py:1279 __call__
   /usr/local/lib/python3.12/dist-packages/vllm/model_executor/layers/fused_moe/runner/moe_runner.py:162 _moe_forward_shared
   /usr/local/lib/python3.12/dist-packages/vllm/model_executor/layers/fused_moe/runner/moe_runner.py:904 _forward_impl
   /usr/local/lib/python3.12/dist-packages/vllm/model_executor/layers/fused_moe/runner/shared_experts.py:154 maybe_forward_async
   /usr/local/lib/python3.12/dist-packages/torch/nn/modules/module.py:1778 _wrapped_call_impl
   /usr/local/lib/python3.12/dist-packages/torch/nn/modules/module.py:1789 _call_impl
   /usr/local/lib/python3.12/dist-packages/vllm/models/deepseek_v4/nvidia/model.py:157 forward
   /usr/local/lib/python3.12/dist-packages/torch/nn/modules/module.py:1778 _wrapped_call_impl
   /usr/local/lib/python3.12/dist-packages/torch/nn/modules/module.py:1789 _call_impl
   /usr/local/lib/python3.12/dist-packages/vllm/model_executor/layers/linear.py:1773 forward
   /usr/local/lib/python3.12/dist-packages/vllm/model_executor/layers/quantization/modelopt.py:2447 apply
   /usr/local/lib/python3.12/dist-packages/vllm/model_executor/layers/quantization/modelopt.py:2296 apply
   /usr/local/lib/python3.12/dist-packages/vllm/model_executor/layers/quantization/modelopt.py:2451 <lambda>
   /usr/local/lib/python3.12/dist-packages/vllm/model_executor/kernels/linear/mxfp8/flashinfer.py:114 apply_weights
=== 17:46:45 anon 2.8 file 0.9 shmem 4.8 GiB
   /usr/local/lib/python3.12/dist-packages/vllm/models/deepseek_v4_1/nvidia/model.py:384 forward
   /usr/local/lib/python3.12/dist-packages/torch/nn/modules/module.py:1778 _wrapped_call_impl
   /usr/local/lib/python3.12/dist-packages/torch/nn/modules/module.py:1789 _call_impl
   /usr/local/lib/python3.12/dist-packages/vllm/models/deepseek_v4_1/attention.py:587 forward
   /usr/local/lib/python3.12/dist-packages/vllm/models/deepseek_v4_1/attention.py:732 _prepare_and_attn
   /usr/local/lib/python3.12/dist-packages/vllm/compilation/breakable_cudagraph.py:104 wrapper
   /usr/local/lib/python3.12/dist-packages/vllm/models/deepseek_v4_1/attention.py:836 _sparse_indexer_and_attn
   /usr/local/lib/python3.12/dist-packages/vllm/models/deepseek_v4_1/nvidia/flashinfer_sparse.py:742 forward_mqa
   /usr/local/lib/python3.12/dist-packages/vllm/models/deepseek_v4_1/nvidia/flashinfer_sparse.py:682 _forward_sparse_impl
   /usr/local/lib/python3.12/dist-packages/vllm/models/deepseek_v4_1/nvidia/flashinfer_sparse.py:815 _forward_decode
   /usr/local/lib/python3.12/dist-packages/vllm/models/deepseek_v4_1/common/ops/cache_utils.py:470 compute_global_topk_indices_and_lens
   /usr/local/lib/python3.12/dist-packages/triton/runtime/jit.py:370 <lambda>
   /usr/local/lib/python3.12/dist-packages/triton/runtime/jit.py:763 run
   /usr/local/lib/python3.12/dist-packages/triton/backends/nvidia/driver.py:328 __call__
=== 17:46:50 anon 2.8 file 0.9 shmem 4.8 GiB
   /usr/lib/python3.12/multiprocessing/process.py:314 _bootstrap
   /usr/lib/python3.12/multiprocessing/process.py:108 run
   /usr/local/lib/python3.12/dist-packages/vllm/v1/executor/multiproc_executor.py:935 worker_main
   /usr/local/lib/python3.12/dist-packages/vllm/v1/executor/multiproc_executor.py:1033 worker_busy_loop
   /usr/local/lib/python3.12/dist-packages/vllm/v1/executor/multiproc_executor.py:1047 _execute_worker_rpc
   /usr/local/lib/python3.12/dist-packages/vllm/v1/worker/worker_base.py:375 execute_model
   /usr/local/lib/python3.12/dist-packages/torch/utils/_contextlib.py:124 decorate_context
   /usr/local/lib/python3.12/dist-packages/vllm/v1/worker/gpu_worker.py:1177 execute_model
   /usr/local/lib/python3.12/dist-packages/torch/utils/_contextlib.py:124 decorate_context
   /usr/local/lib/python3.12/dist-packages/vllm/v1/worker/gpu/model_runner.py:1728 execute_model
   /usr/local/lib/python3.12/dist-packages/vllm/models/deepseek_v4_1/nvidia/model_state.py:110 prepare_inputs
   /usr/local/lib/python3.12/dist-packages/torch/utils/_contextlib.py:124 decorate_context
   /usr/local/lib/python3.12/dist-packages/vllm/models/deepseek_v4_1/common/engram.py:1399 stage
   /usr/local/lib/python3.12/dist-packages/torch/cuda/streams.py:254 synchronize
=== 17:46:55 anon 2.8 file 0.9 shmem 4.8 GiB
   /usr/local/lib/python3.12/dist-packages/torch/nn/modules/module.py:1778 _wrapped_call_impl
   /usr/local/lib/python3.12/dist-packages/torch/nn/modules/module.py:1789 _call_impl
   /usr/local/lib/python3.12/dist-packages/vllm/models/deepseek_v4_1/nvidia/model.py:1085 forward
   /usr/local/lib/python3.12/dist-packages/torch/nn/modules/module.py:1778 _wrapped_call_impl
   /usr/local/lib/python3.12/dist-packages/torch/nn/modules/module.py:1789 _call_impl
   /usr/local/lib/python3.12/dist-packages/vllm/models/deepseek_v4_1/nvidia/model.py:626 forward
   /usr/local/lib/python3.12/dist-packages/torch/nn/modules/module.py:1778 _wrapped_call_impl
   /usr/local/lib/python3.12/dist-packages/torch/nn/modules/module.py:1789 _call_impl
   /usr/local/lib/python3.12/dist-packages/vllm/models/deepseek_v4_1/nvidia/model.py:384 forward
   /usr/local/lib/python3.12/dist-packages/torch/nn/modules/module.py:1778 _wrapped_call_impl
   /usr/local/lib/python3.12/dist-packages/torch/nn/modules/module.py:1789 _call_impl
   /usr/local/lib/python3.12/dist-packages/vllm/models/deepseek_v4_1/attention.py:587 forward
   /usr/local/lib/python3.12/dist-packages/vllm/models/deepseek_v4_1/nvidia/flashinfer_sparse.py:601 _o_proj
   /usr/local/lib/python3.12/dist-packages/vllm/models/deepseek_v4/nvidia/ops/o_proj.py:87 deep_gemm_fp8_o_proj
=== 17:47:00 anon 2.8 file 0.9 shmem 4.8 GiB
   /usr/lib/python3.12/multiprocessing/process.py:314 _bootstrap
   /usr/lib/python3.12/multiprocessing/process.py:108 run
   /usr/local/lib/python3.12/dist-packages/vllm/v1/executor/multiproc_executor.py:935 worker_main
   /usr/local/lib/python3.12/dist-packages/vllm/v1/executor/multiproc_executor.py:1033 worker_busy_loop
   /usr/local/lib/python3.12/dist-packages/vllm/v1/executor/multiproc_executor.py:1047 _execute_worker_rpc
   /usr/local/lib/python3.12/dist-packages/vllm/v1/worker/worker_base.py:375 execute_model
   /usr/local/lib/python3.12/dist-packages/torch/utils/_contextlib.py:124 decorate_context
   /usr/local/lib/python3.12/dist-packages/vllm/v1/worker/gpu_worker.py:1177 execute_model
   /usr/local/lib/python3.12/dist-packages/torch/utils/_contextlib.py:124 decorate_context
   /usr/local/lib/python3.12/dist-packages/vllm/v1/worker/gpu/model_runner.py:1728 execute_model
   /usr/local/lib/python3.12/dist-packages/vllm/models/deepseek_v4_1/nvidia/model_state.py:110 prepare_inputs
   /usr/local/lib/python3.12/dist-packages/torch/utils/_contextlib.py:124 decorate_context
   /usr/local/lib/python3.12/dist-packages/vllm/models/deepseek_v4_1/common/engram.py:1399 stage
   /usr/local/lib/python3.12/dist-packages/torch/cuda/streams.py:254 synchronize
=== 17:47:05 anon 2.8 file 0.9 shmem 4.8 GiB
   /usr/local/lib/python3.12/dist-packages/torch/nn/modules/module.py:1778 _wrapped_call_impl
   /usr/local/lib/python3.12/dist-packages/torch/nn/modules/module.py:1789 _call_impl
   /usr/local/lib/python3.12/dist-packages/vllm/models/deepseek_v4/nvidia/model.py:1029 forward
   /usr/local/lib/python3.12/dist-packages/vllm/models/deepseek_v4/nvidia/model.py:1078 _forward_fused_moe
   /usr/local/lib/python3.12/dist-packages/torch/nn/modules/module.py:1778 _wrapped_call_impl
   /usr/local/lib/python3.12/dist-packages/torch/nn/modules/module.py:1789 _call_impl
   /usr/local/lib/python3.12/dist-packages/vllm/model_executor/layers/fused_moe/runner/moe_runner.py:788 forward
   /usr/local/lib/python3.12/dist-packages/torch/_ops.py:1279 __call__
   /usr/local/lib/python3.12/dist-packages/vllm/model_executor/layers/fused_moe/runner/moe_runner.py:162 _moe_forward_shared
   /usr/local/lib/python3.12/dist-packages/vllm/model_executor/layers/fused_moe/runner/moe_runner.py:904 _forward_impl
   /usr/local/lib/python3.12/dist-packages/vllm/model_executor/layers/fused_moe/runner/moe_runner.py:642 _apply_quant_method
   /usr/local/lib/python3.12/dist-packages/vllm/model_executor/layers/fused_moe/routed_experts.py:1252 forward_modular
   /usr/local/lib/python3.12/dist-packages/cuda_exl3/moe.py:567 apply
   /usr/local/lib/python3.12/dist-packages/cuda_exl3/moe.py:157 _glu_had_in
=== 17:47:10 anon 2.8 file 0.9 shmem 4.8 GiB
   /usr/local/lib/python3.12/dist-packages/torch/utils/_contextlib.py:124 decorate_context
   /usr/local/lib/python3.12/dist-packages/vllm/v1/worker/gpu/model_runner.py:1796 execute_model
   /usr/local/lib/python3.12/dist-packages/torch/nn/modules/module.py:1778 _wrapped_call_impl
   /usr/local/lib/python3.12/dist-packages/torch/nn/modules/module.py:1789 _call_impl
   /usr/local/lib/python3.12/dist-packages/vllm/models/deepseek_v4_1/nvidia/vl_model.py:317 forward
   /usr/local/lib/python3.12/dist-packages/torch/nn/modules/module.py:1778 _wrapped_call_impl
   /usr/local/lib/python3.12/dist-packages/torch/nn/modules/module.py:1789 _call_impl
   /usr/local/lib/python3.12/dist-packages/vllm/models/deepseek_v4_1/nvidia/model.py:1085 forward
   /usr/local/lib/python3.12/dist-packages/torch/nn/modules/module.py:1778 _wrapped_call_impl
   /usr/local/lib/python3.12/dist-packages/torch/nn/modules/module.py:1789 _call_impl
   /usr/local/lib/python3.12/dist-packages/vllm/models/deepseek_v4_1/nvidia/model.py:626 forward
   /usr/local/lib/python3.12/dist-packages/torch/nn/modules/module.py:1778 _wrapped_call_impl
   /usr/local/lib/python3.12/dist-packages/torch/nn/modules/module.py:1789 _call_impl
   /usr/local/lib/python3.12/dist-packages/vllm/models/deepseek_v4_1/nvidia/model.py:385 forward
=== 17:47:15 anon 2.8 file 0.9 shmem 4.8 GiB
   /usr/local/lib/python3.12/dist-packages/torch/nn/modules/module.py:1789 _call_impl
   /usr/local/lib/python3.12/dist-packages/vllm/models/deepseek_v4_1/nvidia/model.py:1085 forward
   /usr/local/lib/python3.12/dist-packages/torch/nn/modules/module.py:1778 _wrapped_call_impl
   /usr/local/lib/python3.12/dist-packages/torch/nn/modules/module.py:1789 _call_impl
   /usr/local/lib/python3.12/dist-packages/vllm/models/deepseek_v4_1/nvidia/model.py:626 forward
   /usr/local/lib/python3.12/dist-packages/torch/nn/modules/module.py:1778 _wrapped_call_impl
   /usr/local/lib/python3.12/dist-packages/torch/nn/modules/module.py:1789 _call_impl
   /usr/local/lib/python3.12/dist-packages/vllm/models/deepseek_v4_1/nvidia/model.py:385 forward
   /usr/local/lib/python3.12/dist-packages/vllm/model_executor/kernels/mhc/tilelang.py:619 mhc_post_tilelang
   /usr/local/lib/python3.12/dist-packages/vllm/utils/jit_monitor.py:510 _call_with_monitor
   /usr/local/lib/python3.12/dist-packages/tilelang/jit/__init__.py:538 __call__
   /usr/local/lib/python3.12/dist-packages/tilelang/jit/kernel.py:202 __call__
   /usr/local/lib/python3.12/dist-packages/tilelang/jit/adapter/tvm_ffi.py:292 func
   /usr/local/lib/python3.12/dist-packages/tvm_ffi/module.py:299 __call__
=== 17:47:20 anon 2.8 file 0.9 shmem 4.8 GiB
   /usr/local/lib/python3.12/dist-packages/vllm/models/deepseek_v4_1/attention.py:732 _prepare_and_attn
   /usr/local/lib/python3.12/dist-packages/vllm/compilation/breakable_cudagraph.py:104 wrapper
   /usr/local/lib/python3.12/dist-packages/vllm/models/deepseek_v4_1/attention.py:836 _sparse_indexer_and_attn
   /usr/local/lib/python3.12/dist-packages/vllm/models/deepseek_v4_1/nvidia/flashinfer_sparse.py:742 forward_mqa
   /usr/local/lib/python3.12/dist-packages/vllm/models/deepseek_v4_1/nvidia/flashinfer_sparse.py:682 _forward_sparse_impl
   /usr/local/lib/python3.12/dist-packages/vllm/models/deepseek_v4_1/nvidia/flashinfer_sparse.py:815 _forward_decode
   /usr/local/lib/python3.12/dist-packages/vllm/utils/flashinfer.py:179 wrapper
   /usr/local/lib/python3.12/dist-packages/flashinfer/mla/_core.py:2258 trtllm_batch_decode_sparse_mla_dsv4
   /usr/local/lib/python3.12/dist-packages/flashinfer/mla/_core.py:1527 _trtllm_batch_decode_sparse_mla_dsv4_sm120
   /usr/local/lib/python3.12/dist-packages/flashinfer/mla/_core.py:689 _trtllm_batch_decode_sparse_mla_sm120
   /usr/local/lib/python3.12/dist-packages/flashinfer/mla/_sparse_mla_sm120.py:1355 run
   /usr/local/lib/python3.12/dist-packages/flashinfer/mla/_sparse_mla_sm120.py:893 _sparse_mla_sm120_paged_attention
   /usr/local/lib/python3.12/dist-packages/flashinfer/mla/_sparse_mla_sm120.py:722 _paged_attention
   /usr/local/lib/python3.12/dist-packages/flashinfer/mla/_sparse_mla_sm120.py:1594 sparse_mla_sm120_decode_dsv4
=== 17:47:25 anon 2.8 file 0.9 shmem 4.8 GiB
   /usr/lib/python3.12/multiprocessing/process.py:314 _bootstrap
   /usr/lib/python3.12/multiprocessing/process.py:108 run
   /usr/local/lib/python3.12/dist-packages/vllm/v1/executor/multiproc_executor.py:935 worker_main
   /usr/local/lib/python3.12/dist-packages/vllm/v1/executor/multiproc_executor.py:1033 worker_busy_loop
   /usr/local/lib/python3.12/dist-packages/vllm/v1/executor/multiproc_executor.py:1047 _execute_worker_rpc
   /usr/local/lib/python3.12/dist-packages/vllm/v1/worker/worker_base.py:375 execute_model
   /usr/local/lib/python3.12/dist-packages/torch/utils/_contextlib.py:124 decorate_context
   /usr/local/lib/python3.12/dist-packages/vllm/v1/worker/gpu_worker.py:1177 execute_model
   /usr/local/lib/python3.12/dist-packages/torch/utils/_contextlib.py:124 decorate_context
   /usr/local/lib/python3.12/dist-packages/vllm/v1/worker/gpu/model_runner.py:1677 execute_model
   /usr/local/lib/python3.12/dist-packages/vllm/v1/worker/gpu/model_states/default.py:208 prepare_attn
   /usr/local/lib/python3.12/dist-packages/vllm/v1/worker/gpu/attn_utils.py:336 build_attn_metadata
   /usr/local/lib/python3.12/dist-packages/vllm/v1/attention/backends/mla/sparse_swa.py:695 build
   /usr/local/lib/python3.12/dist-packages/vllm/v1/attention/backend.py:525 token_to_req_indices
=== 17:47:30 anon 2.8 file 0.9 shmem 4.8 GiB
   /usr/local/lib/python3.12/dist-packages/torch/nn/modules/module.py:1789 _call_impl
   /usr/local/lib/python3.12/dist-packages/vllm/models/deepseek_v4_1/nvidia/model.py:1085 forward
   /usr/local/lib/python3.12/dist-packages/torch/nn/modules/module.py:1778 _wrapped_call_impl
   /usr/local/lib/python3.12/dist-packages/torch/nn/modules/module.py:1789 _call_impl
   /usr/local/lib/python3.12/dist-packages/vllm/models/deepseek_v4_1/nvidia/model.py:626 forward
   /usr/local/lib/python3.12/dist-packages/torch/nn/modules/module.py:1778 _wrapped_call_impl
   /usr/local/lib/python3.12/dist-packages/torch/nn/modules/module.py:1789 _call_impl
   /usr/local/lib/python3.12/dist-packages/vllm/models/deepseek_v4_1/nvidia/model.py:370 forward
   /usr/local/lib/python3.12/dist-packages/vllm/model_executor/kernels/mhc/tilelang.py:619 mhc_post_tilelang
   /usr/local/lib/python3.12/dist-packages/vllm/utils/jit_monitor.py:510 _call_with_monitor
   /usr/local/lib/python3.12/dist-packages/vllm/utils/jit_monitor.py:401 _tilelang_cache_miss_key
   /usr/local/lib/python3.12/dist-packages/tilelang/language/eager/builder.py:1450 parse_args
   /usr/local/lib/python3.12/dist-packages/tilelang/language/eager/builder.py:1095 _parse_phase2_key
   /usr/local/lib/python3.12/dist-packages/tvm_ffi/container.py:507 __iter__
=== 17:47:35 anon 2.8 file 0.9 shmem 4.8 GiB
   /usr/local/lib/python3.12/dist-packages/torch/nn/modules/module.py:1789 _call_impl
   /usr/local/lib/python3.12/dist-packages/vllm/models/deepseek_v4_1/nvidia/model.py:384 forward
   /usr/local/lib/python3.12/dist-packages/torch/nn/modules/module.py:1778 _wrapped_call_impl
   /usr/local/lib/python3.12/dist-packages/torch/nn/modules/module.py:1789 _call_impl
   /usr/local/lib/python3.12/dist-packages/vllm/models/deepseek_v4_1/attention.py:587 forward
   /usr/local/lib/python3.12/dist-packages/vllm/models/deepseek_v4_1/nvidia/flashinfer_sparse.py:601 _o_proj
   /usr/local/lib/python3.12/dist-packages/vllm/models/deepseek_v4/nvidia/ops/o_proj.py:87 deep_gemm_fp8_o_proj
   /usr/local/lib/python3.12/dist-packages/torch/nn/modules/module.py:1778 _wrapped_call_impl
   /usr/local/lib/python3.12/dist-packages/torch/nn/modules/module.py:1789 _call_impl
   /usr/local/lib/python3.12/dist-packages/vllm/model_executor/layers/linear.py:1771 forward
   /usr/local/lib/python3.12/dist-packages/vllm/model_executor/layers/quantization/modelopt.py:2447 apply
   /usr/local/lib/python3.12/dist-packages/vllm/model_executor/layers/quantization/modelopt.py:2296 apply
   /usr/local/lib/python3.12/dist-packages/vllm/model_executor/layers/quantization/modelopt.py:2451 <lambda>
   /usr/local/lib/python3.12/dist-packages/vllm/model_executor/kernels/linear/mxfp8/flashinfer.py:114 apply_weights
=== 17:47:40 anon 2.8 file 0.9 shmem 4.8 GiB
   /usr/local/lib/python3.12/dist-packages/torch/nn/modules/module.py:1789 _call_impl
   /usr/local/lib/python3.12/dist-packages/vllm/models/deepseek_v4_1/nvidia/model.py:1085 forward
   /usr/local/lib/python3.12/dist-packages/torch/nn/modules/module.py:1778 _wrapped_call_impl
   /usr/local/lib/python3.12/dist-packages/torch/nn/modules/module.py:1789 _call_impl
   /usr/local/lib/python3.12/dist-packages/vllm/models/deepseek_v4_1/nvidia/model.py:626 forward
   /usr/local/lib/python3.12/dist-packages/torch/nn/modules/module.py:1778 _wrapped_call_impl
   /usr/local/lib/python3.12/dist-packages/torch/nn/modules/module.py:1789 _call_impl
   /usr/local/lib/python3.12/dist-packages/vllm/models/deepseek_v4_1/nvidia/model.py:384 forward
   /usr/local/lib/python3.12/dist-packages/vllm/model_executor/kernels/mhc/tilelang.py:619 mhc_post_tilelang
   /usr/local/lib/python3.12/dist-packages/vllm/utils/jit_monitor.py:510 _call_with_monitor
   /usr/local/lib/python3.12/dist-packages/tilelang/jit/__init__.py:538 __call__
   /usr/local/lib/python3.12/dist-packages/tilelang/jit/kernel.py:202 __call__
   /usr/local/lib/python3.12/dist-packages/tilelang/jit/adapter/tvm_ffi.py:292 func
   /usr/local/lib/python3.12/dist-packages/tvm_ffi/module.py:299 __call__
=== 17:47:45 anon 2.8 file 0.9 shmem 4.8 GiB
   /usr/local/lib/python3.12/dist-packages/vllm/v1/executor/multiproc_executor.py:1033 worker_busy_loop
   /usr/local/lib/python3.12/dist-packages/vllm/v1/executor/multiproc_executor.py:1047 _execute_worker_rpc
   /usr/local/lib/python3.12/dist-packages/vllm/v1/worker/worker_base.py:375 execute_model
   /usr/local/lib/python3.12/dist-packages/torch/utils/_contextlib.py:124 decorate_context
   /usr/local/lib/python3.12/dist-packages/vllm/v1/worker/gpu_worker.py:1177 execute_model
   /usr/local/lib/python3.12/dist-packages/torch/utils/_contextlib.py:124 decorate_context
   /usr/local/lib/python3.12/dist-packages/vllm/v1/worker/gpu/model_runner.py:1728 execute_model
   /usr/local/lib/python3.12/dist-packages/vllm/models/deepseek_v4_1/nvidia/model_state.py:110 prepare_inputs
   /usr/local/lib/python3.12/dist-packages/torch/utils/_contextlib.py:124 decorate_context
   /usr/local/lib/python3.12/dist-packages/vllm/models/deepseek_v4_1/common/engram.py:1405 stage
   /usr/local/lib/python3.12/dist-packages/vllm/models/deepseek_v4_1/common/engram.py:815 gather_dequant_many
   /usr/local/lib/python3.12/dist-packages/vllm/models/deepseek_v4_1/common/engram.py:682 _kai_parallel_read
   /usr/lib/python3.12/concurrent/futures/_base.py:461 result
   /usr/lib/python3.12/threading.py:365 wait
=== 17:47:50 anon 2.8 file 0.9 shmem 4.8 GiB
   /usr/local/lib/python3.12/dist-packages/vllm/models/deepseek_v4/nvidia/model.py:157 forward
   /usr/local/lib/python3.12/dist-packages/torch/nn/modules/module.py:1778 _wrapped_call_impl
   /usr/local/lib/python3.12/dist-packages/torch/nn/modules/module.py:1789 _call_impl
   /usr/local/lib/python3.12/dist-packages/vllm/model_executor/layers/linear.py:610 forward
   /usr/local/lib/python3.12/dist-packages/vllm/model_executor/layers/quantization/modelopt.py:2447 apply
   /usr/local/lib/python3.12/dist-packages/vllm/model_executor/layers/quantization/modelopt.py:2296 apply
   /usr/local/lib/python3.12/dist-packages/vllm/model_executor/layers/quantization/modelopt.py:2451 <lambda>
   /usr/local/lib/python3.12/dist-packages/vllm/model_executor/kernels/linear/mxfp8/flashinfer.py:114 apply_weights
   /usr/local/lib/python3.12/dist-packages/vllm/model_executor/layers/quantization/utils/mxfp8_utils.py:227 mxfp8_e4m3_quantize
   /usr/local/lib/python3.12/dist-packages/torch/_ops.py:1279 __call__
   /usr/local/lib/python3.12/dist-packages/vllm/model_executor/layers/quantization/utils/mxfp8_utils.py:206 _mxfp8_e4m3_quantize_impl
   /usr/local/lib/python3.12/dist-packages/flashinfer/api_logging.py:2348 _auto_dump_wrapper
   /usr/local/lib/python3.12/dist-packages/flashinfer/quantization/fp8_quantization.py:246 mxfp8_quantize
   /usr/local/lib/python3.12/dist-packages/flashinfer/quantization/kernels/mxfp8_quantize.py:980 mxfp8_quantize_cute_dsl
=== 17:47:55 anon 2.8 file 0.9 shmem 4.8 GiB
   /usr/local/lib/python3.12/dist-packages/torch/nn/modules/module.py:1778 _wrapped_call_impl
   /usr/local/lib/python3.12/dist-packages/torch/nn/modules/module.py:1789 _call_impl
   /usr/local/lib/python3.12/dist-packages/vllm/models/deepseek_v4/nvidia/model.py:1029 forward
   /usr/local/lib/python3.12/dist-packages/vllm/models/deepseek_v4/nvidia/model.py:1078 _forward_fused_moe
   /usr/local/lib/python3.12/dist-packages/torch/nn/modules/module.py:1778 _wrapped_call_impl
   /usr/local/lib/python3.12/dist-packages/torch/nn/modules/module.py:1789 _call_impl
   /usr/local/lib/python3.12/dist-packages/vllm/model_executor/layers/fused_moe/runner/moe_runner.py:788 forward
   /usr/local/lib/python3.12/dist-packages/torch/_ops.py:1279 __call__
   /usr/local/lib/python3.12/dist-packages/vllm/model_executor/layers/fused_moe/runner/moe_runner.py:162 _moe_forward_shared
   /usr/local/lib/python3.12/dist-packages/vllm/model_executor/layers/fused_moe/runner/moe_runner.py:904 _forward_impl
   /usr/local/lib/python3.12/dist-packages/vllm/model_executor/layers/fused_moe/runner/moe_runner.py:642 _apply_quant_method
   /usr/local/lib/python3.12/dist-packages/vllm/model_executor/layers/fused_moe/routed_experts.py:1252 forward_modular
   /usr/local/lib/python3.12/dist-packages/cuda_exl3/moe.py:567 apply
   /usr/local/lib/python3.12/dist-packages/vllm/model_executor/layers/fused_moe/moe_align_block_size.py:103 moe_align_block_size
=== 17:48:00 anon 2.8 file 0.9 shmem 4.8 GiB
   /usr/lib/python3.12/multiprocessing/process.py:314 _bootstrap
   /usr/lib/python3.12/multiprocessing/process.py:108 run
   /usr/local/lib/python3.12/dist-packages/vllm/v1/executor/multiproc_executor.py:935 worker_main
   /usr/local/lib/python3.12/dist-packages/vllm/v1/executor/multiproc_executor.py:1033 worker_busy_loop
   /usr/local/lib/python3.12/dist-packages/vllm/v1/executor/multiproc_executor.py:1047 _execute_worker_rpc
   /usr/local/lib/python3.12/dist-packages/vllm/v1/worker/worker_base.py:375 execute_model
   /usr/local/lib/python3.12/dist-packages/torch/utils/_contextlib.py:124 decorate_context
   /usr/local/lib/python3.12/dist-packages/vllm/v1/worker/gpu_worker.py:1177 execute_model
   /usr/local/lib/python3.12/dist-packages/torch/utils/_contextlib.py:124 decorate_context
   /usr/local/lib/python3.12/dist-packages/vllm/v1/worker/gpu/model_runner.py:1728 execute_model
   /usr/local/lib/python3.12/dist-packages/vllm/models/deepseek_v4_1/nvidia/model_state.py:110 prepare_inputs
   /usr/local/lib/python3.12/dist-packages/torch/utils/_contextlib.py:124 decorate_context
   /usr/local/lib/python3.12/dist-packages/vllm/models/deepseek_v4_1/common/engram.py:1399 stage
   /usr/local/lib/python3.12/dist-packages/torch/cuda/streams.py:254 synchronize
=== 17:48:05 anon 2.8 file 0.9 shmem 4.8 GiB
   /usr/local/lib/python3.12/dist-packages/torch/nn/modules/module.py:1789 _call_impl
   /usr/local/lib/python3.12/dist-packages/vllm/models/deepseek_v4_1/nvidia/model.py:1085 forward
   /usr/local/lib/python3.12/dist-packages/torch/nn/modules/module.py:1778 _wrapped_call_impl
   /usr/local/lib/python3.12/dist-packages/torch/nn/modules/module.py:1789 _call_impl
   /usr/local/lib/python3.12/dist-packages/vllm/models/deepseek_v4_1/nvidia/model.py:626 forward
   /usr/local/lib/python3.12/dist-packages/torch/nn/modules/module.py:1778 _wrapped_call_impl
   /usr/local/lib/python3.12/dist-packages/torch/nn/modules/module.py:1789 _call_impl
   /usr/local/lib/python3.12/dist-packages/vllm/models/deepseek_v4_1/nvidia/model.py:384 forward
   /usr/local/lib/python3.12/dist-packages/vllm/model_executor/kernels/mhc/tilelang.py:619 mhc_post_tilelang
   /usr/local/lib/python3.12/dist-packages/vllm/utils/jit_monitor.py:510 _call_with_monitor
   /usr/local/lib/python3.12/dist-packages/vllm/utils/jit_monitor.py:401 _tilelang_cache_miss_key
   /usr/local/lib/python3.12/dist-packages/tilelang/language/eager/builder.py:1450 parse_args
   /usr/local/lib/python3.12/dist-packages/tilelang/language/eager/builder.py:1095 _parse_phase2_key
   /usr/local/lib/python3.12/dist-packages/tvm_ffi/container.py:507 __iter__
=== 17:48:10 anon 2.8 file 0.9 shmem 4.8 GiB
   /usr/local/lib/python3.12/dist-packages/torch/nn/modules/module.py:1778 _wrapped_call_impl
   /usr/local/lib/python3.12/dist-packages/torch/nn/modules/module.py:1789 _call_impl
   /usr/local/lib/python3.12/dist-packages/vllm/models/deepseek_v4_1/nvidia/model.py:626 forward
   /usr/local/lib/python3.12/dist-packages/torch/nn/modules/module.py:1778 _wrapped_call_impl
   /usr/local/lib/python3.12/dist-packages/torch/nn/modules/module.py:1789 _call_impl
   /usr/local/lib/python3.12/dist-packages/vllm/models/deepseek_v4_1/nvidia/model.py:385 forward
   /usr/local/lib/python3.12/dist-packages/torch/nn/modules/module.py:1778 _wrapped_call_impl
   /usr/local/lib/python3.12/dist-packages/torch/nn/modules/module.py:1789 _call_impl
   /usr/local/lib/python3.12/dist-packages/vllm/models/deepseek_v4_1/attention.py:587 forward
   /usr/local/lib/python3.12/dist-packages/vllm/models/deepseek_v4_1/nvidia/flashinfer_sparse.py:601 _o_proj
   /usr/local/lib/python3.12/dist-packages/vllm/models/deepseek_v4/nvidia/ops/o_proj.py:87 deep_gemm_fp8_o_proj
   /usr/local/lib/python3.12/dist-packages/vllm/models/deepseek_v4/common/ops/fused_inv_rope_fp8_quant.py:251 fused_inv_rope_fp8_quant
   /usr/local/lib/python3.12/dist-packages/torch/_ops.py:1279 __call__
   /usr/local/lib/python3.12/dist-packages/vllm/models/deepseek_v4/common/ops/fused_inv_rope_fp8_quant.py:323 _fused_inv_rope_fp8_quant_kernel_impl
=== 17:48:15 anon 2.8 file 0.9 shmem 4.8 GiB
   /usr/local/lib/python3.12/dist-packages/torch/nn/modules/module.py:1789 _call_impl
   /usr/local/lib/python3.12/dist-packages/vllm/model_executor/layers/fused_moe/runner/moe_runner.py:788 forward
   /usr/local/lib/python3.12/dist-packages/torch/_ops.py:1279 __call__
   /usr/local/lib/python3.12/dist-packages/vllm/model_executor/layers/fused_moe/runner/moe_runner.py:162 _moe_forward_shared
   /usr/local/lib/python3.12/dist-packages/vllm/model_executor/layers/fused_moe/runner/moe_runner.py:904 _forward_impl
   /usr/local/lib/python3.12/dist-packages/vllm/model_executor/layers/fused_moe/runner/shared_experts.py:154 maybe_forward_async
   /usr/local/lib/python3.12/dist-packages/torch/nn/modules/module.py:1778 _wrapped_call_impl
   /usr/local/lib/python3.12/dist-packages/torch/nn/modules/module.py:1789 _call_impl
   /usr/local/lib/python3.12/dist-packages/vllm/models/deepseek_v4/nvidia/model.py:157 forward
   /usr/local/lib/python3.12/dist-packages/torch/nn/modules/module.py:1778 _wrapped_call_impl
   /usr/local/lib/python3.12/dist-packages/torch/nn/modules/module.py:1789 _call_impl
   /usr/local/lib/python3.12/dist-packages/vllm/model_executor/custom_op.py:136 forward
   /usr/local/lib/python3.12/dist-packages/vllm/model_executor/layers/activation.py:250 forward_cuda
   /usr/local/lib/python3.12/dist-packages/torch/_ops.py:1279 __call__
=== 17:48:20 anon 2.8 file 0.9 shmem 4.8 GiB
   /usr/local/lib/python3.12/dist-packages/vllm/models/deepseek_v4/nvidia/model.py:157 forward
   /usr/local/lib/python3.12/dist-packages/torch/nn/modules/module.py:1778 _wrapped_call_impl
   /usr/local/lib/python3.12/dist-packages/torch/nn/modules/module.py:1789 _call_impl
   /usr/local/lib/python3.12/dist-packages/vllm/model_executor/layers/linear.py:1773 forward
   /usr/local/lib/python3.12/dist-packages/vllm/model_executor/layers/quantization/modelopt.py:2447 apply
   /usr/local/lib/python3.12/dist-packages/vllm/model_executor/layers/quantization/modelopt.py:2296 apply
   /usr/local/lib/python3.12/dist-packages/vllm/model_executor/layers/quantization/modelopt.py:2451 <lambda>
   /usr/local/lib/python3.12/dist-packages/vllm/model_executor/kernels/linear/mxfp8/flashinfer.py:114 apply_weights
   /usr/local/lib/python3.12/dist-packages/vllm/model_executor/layers/quantization/utils/mxfp8_utils.py:227 mxfp8_e4m3_quantize
   /usr/local/lib/python3.12/dist-packages/torch/_ops.py:1279 __call__
   /usr/local/lib/python3.12/dist-packages/vllm/model_executor/layers/quantization/utils/mxfp8_utils.py:206 _mxfp8_e4m3_quantize_impl
   /usr/local/lib/python3.12/dist-packages/flashinfer/api_logging.py:2348 _auto_dump_wrapper
   /usr/local/lib/python3.12/dist-packages/flashinfer/quantization/fp8_quantization.py:246 mxfp8_quantize
   /usr/local/lib/python3.12/dist-packages/flashinfer/quantization/kernels/mxfp8_quantize.py:980 mxfp8_quantize_cute_dsl
=== 17:48:25 anon 2.8 file 0.9 shmem 4.8 GiB
   /usr/local/lib/python3.12/dist-packages/vllm/v1/worker/gpu/model_runner.py:1796 execute_model
   /usr/local/lib/python3.12/dist-packages/torch/nn/modules/module.py:1778 _wrapped_call_impl
   /usr/local/lib/python3.12/dist-packages/torch/nn/modules/module.py:1789 _call_impl
   /usr/local/lib/python3.12/dist-packages/vllm/models/deepseek_v4_1/nvidia/vl_model.py:317 forward
   /usr/local/lib/python3.12/dist-packages/torch/nn/modules/module.py:1778 _wrapped_call_impl
   /usr/local/lib/python3.12/dist-packages/torch/nn/modules/module.py:1789 _call_impl
   /usr/local/lib/python3.12/dist-packages/vllm/models/deepseek_v4_1/nvidia/model.py:1085 forward
   /usr/local/lib/python3.12/dist-packages/torch/nn/modules/module.py:1778 _wrapped_call_impl
   /usr/local/lib/python3.12/dist-packages/torch/nn/modules/module.py:1789 _call_impl
   /usr/local/lib/python3.12/dist-packages/vllm/models/deepseek_v4_1/nvidia/model.py:626 forward
   /usr/local/lib/python3.12/dist-packages/torch/nn/modules/module.py:1778 _wrapped_call_impl
   /usr/local/lib/python3.12/dist-packages/torch/nn/modules/module.py:1789 _call_impl
   /usr/local/lib/python3.12/dist-packages/vllm/models/deepseek_v4_1/nvidia/model.py:384 forward
   /usr/local/lib/python3.12/dist-packages/vllm/model_executor/kernels/mhc/tilelang.py:217 mhc_pre_delayed_tilelang
=== 17:48:30 anon 2.8 file 0.9 shmem 4.8 GiB
   /usr/local/lib/python3.12/dist-packages/torch/nn/modules/module.py:1778 _wrapped_call_impl
   /usr/local/lib/python3.12/dist-packages/torch/nn/modules/module.py:1789 _call_impl
   /usr/local/lib/python3.12/dist-packages/vllm/models/deepseek_v4_1/nvidia/model.py:1085 forward
   /usr/local/lib/python3.12/dist-packages/torch/nn/modules/module.py:1778 _wrapped_call_impl
   /usr/local/lib/python3.12/dist-packages/torch/nn/modules/module.py:1789 _call_impl
   /usr/local/lib/python3.12/dist-packages/vllm/models/deepseek_v4_1/nvidia/model.py:626 forward
   /usr/local/lib/python3.12/dist-packages/torch/nn/modules/module.py:1778 _wrapped_call_impl
   /usr/local/lib/python3.12/dist-packages/torch/nn/modules/module.py:1789 _call_impl
   /usr/local/lib/python3.12/dist-packages/vllm/models/deepseek_v4_1/nvidia/model.py:370 forward
   /usr/local/lib/python3.12/dist-packages/torch/nn/modules/module.py:1778 _wrapped_call_impl
   /usr/local/lib/python3.12/dist-packages/torch/nn/modules/module.py:1789 _call_impl
   /usr/local/lib/python3.12/dist-packages/vllm/models/deepseek_v4_1/attention.py:587 forward
   /usr/local/lib/python3.12/dist-packages/vllm/models/deepseek_v4_1/attention.py:621 _split_qkv_and_norm
   /usr/local/lib/python3.12/dist-packages/vllm/models/deepseek_v4_1/common/ops/query_quant.py:123 fused_q_kv_rmsnorm_quant
=== 17:48:35 anon 2.8 file 0.9 shmem 4.8 GiB
   /usr/local/lib/python3.12/dist-packages/torch/nn/modules/module.py:1789 _call_impl
   /usr/local/lib/python3.12/dist-packages/vllm/models/deepseek_v4_1/attention.py:587 forward
   /usr/local/lib/python3.12/dist-packages/vllm/models/deepseek_v4_1/attention.py:732 _prepare_and_attn
   /usr/local/lib/python3.12/dist-packages/vllm/compilation/breakable_cudagraph.py:104 wrapper
   /usr/local/lib/python3.12/dist-packages/vllm/models/deepseek_v4_1/attention.py:836 _sparse_indexer_and_attn
   /usr/local/lib/python3.12/dist-packages/vllm/models/deepseek_v4_1/nvidia/flashinfer_sparse.py:742 forward_mqa
   /usr/local/lib/python3.12/dist-packages/vllm/models/deepseek_v4_1/nvidia/flashinfer_sparse.py:682 _forward_sparse_impl
   /usr/local/lib/python3.12/dist-packages/vllm/models/deepseek_v4_1/nvidia/flashinfer_sparse.py:815 _forward_decode
   /usr/local/lib/python3.12/dist-packages/vllm/utils/flashinfer.py:179 wrapper
   /usr/local/lib/python3.12/dist-packages/flashinfer/mla/_core.py:2258 trtllm_batch_decode_sparse_mla_dsv4
   /usr/local/lib/python3.12/dist-packages/flashinfer/mla/_core.py:1527 _trtllm_batch_decode_sparse_mla_dsv4_sm120
   /usr/local/lib/python3.12/dist-packages/flashinfer/mla/_core.py:689 _trtllm_batch_decode_sparse_mla_sm120
   /usr/local/lib/python3.12/dist-packages/flashinfer/mla/_core.py:276 _normalize_sparse_mla_segments
   /usr/local/lib/python3.12/dist-packages/flashinfer/mla/_core.py:220 _normalize_sparse_mla_indices_and_lens
=== 17:48:40 anon 2.8 file 0.9 shmem 4.8 GiB
   /usr/local/lib/python3.12/dist-packages/vllm/models/deepseek_v4_1/attention.py:732 _prepare_and_attn
   /usr/local/lib/python3.12/dist-packages/vllm/compilation/breakable_cudagraph.py:104 wrapper
   /usr/local/lib/python3.12/dist-packages/vllm/models/deepseek_v4_1/attention.py:836 _sparse_indexer_and_attn
   /usr/local/lib/python3.12/dist-packages/vllm/models/deepseek_v4_1/nvidia/flashinfer_sparse.py:742 forward_mqa
   /usr/local/lib/python3.12/dist-packages/vllm/models/deepseek_v4_1/nvidia/flashinfer_sparse.py:682 _forward_sparse_impl
   /usr/local/lib/python3.12/dist-packages/vllm/models/deepseek_v4_1/nvidia/flashinfer_sparse.py:815 _forward_decode
   /usr/local/lib/python3.12/dist-packages/vllm/utils/flashinfer.py:179 wrapper
   /usr/local/lib/python3.12/dist-packages/flashinfer/mla/_core.py:2258 trtllm_batch_decode_sparse_mla_dsv4
   /usr/local/lib/python3.12/dist-packages/flashinfer/mla/_core.py:1527 _trtllm_batch_decode_sparse_mla_dsv4_sm120
   /usr/local/lib/python3.12/dist-packages/flashinfer/mla/_core.py:689 _trtllm_batch_decode_sparse_mla_sm120
   /usr/local/lib/python3.12/dist-packages/flashinfer/mla/_sparse_mla_sm120.py:1355 run
   /usr/local/lib/python3.12/dist-packages/flashinfer/mla/_sparse_mla_sm120.py:893 _sparse_mla_sm120_paged_attention
   /usr/local/lib/python3.12/dist-packages/flashinfer/mla/_sparse_mla_sm120.py:722 _paged_attention
   /usr/local/lib/python3.12/dist-packages/flashinfer/mla/_sparse_mla_sm120.py:1594 sparse_mla_sm120_decode_dsv4
=== 17:48:45 anon 2.8 file 0.9 shmem 4.8 GiB
   /usr/local/lib/python3.12/dist-packages/vllm/models/deepseek_v4_1/nvidia/model.py:385 forward
   /usr/local/lib/python3.12/dist-packages/torch/nn/modules/module.py:1778 _wrapped_call_impl
   /usr/local/lib/python3.12/dist-packages/torch/nn/modules/module.py:1789 _call_impl
   /usr/local/lib/python3.12/dist-packages/vllm/models/deepseek_v4/nvidia/model.py:1029 forward
   /usr/local/lib/python3.12/dist-packages/vllm/models/deepseek_v4/nvidia/model.py:1078 _forward_fused_moe
   /usr/local/lib/python3.12/dist-packages/torch/nn/modules/module.py:1778 _wrapped_call_impl
   /usr/local/lib/python3.12/dist-packages/torch/nn/modules/module.py:1789 _call_impl
   /usr/local/lib/python3.12/dist-packages/vllm/model_executor/layers/fused_moe/runner/moe_runner.py:788 forward
   /usr/local/lib/python3.12/dist-packages/torch/_ops.py:1279 __call__
   /usr/local/lib/python3.12/dist-packages/vllm/model_executor/layers/fused_moe/runner/moe_runner.py:162 _moe_forward_shared
   /usr/local/lib/python3.12/dist-packages/vllm/model_executor/layers/fused_moe/runner/moe_runner.py:904 _forward_impl
   /usr/local/lib/python3.12/dist-packages/torch/nn/modules/module.py:1778 _wrapped_call_impl
   /usr/local/lib/python3.12/dist-packages/torch/nn/modules/module.py:1789 _call_impl
   /usr/local/lib/python3.12/dist-packages/vllm/model_executor/layers/fused_moe/router/gate_linear.py:213 forward
=== 17:48:50 anon 2.8 file 0.9 shmem 4.8 GiB
   /usr/local/lib/python3.12/dist-packages/torch/utils/_contextlib.py:124 decorate_context
   /usr/local/lib/python3.12/dist-packages/vllm/v1/worker/gpu/model_runner.py:1796 execute_model
   /usr/local/lib/python3.12/dist-packages/torch/nn/modules/module.py:1778 _wrapped_call_impl
   /usr/local/lib/python3.12/dist-packages/torch/nn/modules/module.py:1789 _call_impl
   /usr/local/lib/python3.12/dist-packages/vllm/models/deepseek_v4_1/nvidia/vl_model.py:317 forward
   /usr/local/lib/python3.12/dist-packages/torch/nn/modules/module.py:1778 _wrapped_call_impl
   /usr/local/lib/python3.12/dist-packages/torch/nn/modules/module.py:1789 _call_impl
   /usr/local/lib/python3.12/dist-packages/vllm/models/deepseek_v4_1/nvidia/model.py:1085 forward
   /usr/local/lib/python3.12/dist-packages/torch/nn/modules/module.py:1778 _wrapped_call_impl
   /usr/local/lib/python3.12/dist-packages/torch/nn/modules/module.py:1789 _call_impl
   /usr/local/lib/python3.12/dist-packages/vllm/models/deepseek_v4_1/nvidia/model.py:626 forward
   /usr/local/lib/python3.12/dist-packages/torch/nn/modules/module.py:1778 _wrapped_call_impl
   /usr/local/lib/python3.12/dist-packages/torch/nn/modules/module.py:1789 _call_impl
   /usr/local/lib/python3.12/dist-packages/vllm/models/deepseek_v4_1/nvidia/model.py:385 forward
=== 17:48:55 anon 2.8 file 0.9 shmem 4.8 GiB
   /usr/local/lib/python3.12/dist-packages/vllm/models/deepseek_v4_1/attention.py:587 forward
   /usr/local/lib/python3.12/dist-packages/vllm/models/deepseek_v4_1/nvidia/flashinfer_sparse.py:601 _o_proj
   /usr/local/lib/python3.12/dist-packages/vllm/models/deepseek_v4/nvidia/ops/o_proj.py:87 deep_gemm_fp8_o_proj
   /usr/local/lib/python3.12/dist-packages/torch/nn/modules/module.py:1778 _wrapped_call_impl
   /usr/local/lib/python3.12/dist-packages/torch/nn/modules/module.py:1789 _call_impl
   /usr/local/lib/python3.12/dist-packages/vllm/model_executor/layers/linear.py:1771 forward
   /usr/local/lib/python3.12/dist-packages/vllm/distributed/communication_op.py:14 tensor_model_parallel_all_reduce
   /usr/local/lib/python3.12/dist-packages/vllm/distributed/parallel_state.py:742 all_reduce
   /usr/local/lib/python3.12/dist-packages/torch/_ops.py:1279 __call__
   /usr/local/lib/python3.12/dist-packages/vllm/distributed/parallel_state.py:198 all_reduce
   /usr/local/lib/python3.12/dist-packages/vllm/distributed/parallel_state.py:749 _all_reduce_out_place
   /usr/local/lib/python3.12/dist-packages/vllm/distributed/device_communicators/cuda_communicator.py:377 all_reduce
   /usr/local/lib/python3.12/dist-packages/vllm/distributed/device_communicators/pynccl.py:268 all_reduce
   /usr/local/lib/python3.12/dist-packages/vllm/distributed/device_communicators/pynccl_wrapper.py:504 ncclAllReduce
