=== 17:23:11 anon 1.5 file 0.6 shmem 4.7 GiB
   /usr/local/lib/python3.12/dist-packages/vllm/models/deepseek_v4_1/nvidia/model.py:451 __init__
   /usr/local/lib/python3.12/dist-packages/vllm/model_executor/models/utils.py:864 make_layers
   /usr/local/lib/python3.12/dist-packages/vllm/model_executor/offloader/base.py:119 wrap_modules
   /usr/local/lib/python3.12/dist-packages/vllm/model_executor/models/utils.py:865 <genexpr>
   /usr/local/lib/python3.12/dist-packages/vllm/models/deepseek_v4_1/nvidia/model.py:453 <lambda>
   /usr/local/lib/python3.12/dist-packages/vllm/models/deepseek_v4_1/nvidia/model.py:193 __init__
   /usr/local/lib/python3.12/dist-packages/vllm/models/deepseek_v4_1/nvidia/flashinfer_sparse.py:617 __init__
   /usr/local/lib/python3.12/dist-packages/vllm/models/deepseek_v4_1/attention.py:352 __init__
   /usr/local/lib/python3.12/dist-packages/vllm/models/deepseek_v4_1/common/rope.py:48 build_deepseek_v4_rope
   /usr/local/lib/python3.12/dist-packages/vllm/model_executor/layers/rotary_embedding/__init__.py:305 get_rope
   /usr/local/lib/python3.12/dist-packages/vllm/model_executor/layers/rotary_embedding/deepseek_scaling_rope.py:247 __init__
   /usr/local/lib/python3.12/dist-packages/vllm/model_executor/layers/rotary_embedding/deepseek_scaling_rope.py:251 _compute_cos_sin_cache
   /usr/local/lib/python3.12/dist-packages/vllm/model_executor/layers/rotary_embedding/deepseek_scaling_rope.py:80 _compute_inv_freq
   /usr/local/lib/python3.12/dist-packages/torch/utils/_device.py:122 __torch_function__
=== 17:23:16 anon 1.7 file 0.7 shmem 4.7 GiB
   /usr/local/lib/python3.12/dist-packages/vllm/models/deepseek_v4_1/nvidia/model.py:1011 __init__
   /usr/local/lib/python3.12/dist-packages/vllm/models/deepseek_v4_1/nvidia/model.py:451 __init__
   /usr/local/lib/python3.12/dist-packages/vllm/model_executor/models/utils.py:864 make_layers
   /usr/local/lib/python3.12/dist-packages/vllm/model_executor/offloader/base.py:119 wrap_modules
   /usr/local/lib/python3.12/dist-packages/vllm/model_executor/models/utils.py:865 <genexpr>
   /usr/local/lib/python3.12/dist-packages/vllm/models/deepseek_v4_1/nvidia/model.py:453 <lambda>
   /usr/local/lib/python3.12/dist-packages/vllm/models/deepseek_v4_1/nvidia/model.py:202 __init__
   /usr/local/lib/python3.12/dist-packages/vllm/models/deepseek_v4_1/nvidia/model.py:103 __init__
   /usr/local/lib/python3.12/dist-packages/vllm/models/deepseek_v4/nvidia/model.py:898 __init__
   /usr/local/lib/python3.12/dist-packages/vllm/models/deepseek_v4/nvidia/model.py:995 _init_fused_moe_experts
   /usr/local/lib/python3.12/dist-packages/vllm/model_executor/layers/fused_moe/layer.py:373 FusedMoEFactory
   /usr/local/lib/python3.12/dist-packages/vllm/model_executor/layers/fused_moe/routed_experts.py:176 __init__
   /usr/local/lib/python3.12/dist-packages/cuda_exl3/moe.py:231 create_weights
   /usr/local/lib/python3.12/dist-packages/torch/utils/_device.py:122 __torch_function__
=== 17:23:21 anon 1.8 file 1.2 shmem 4.7 GiB
   /usr/lib/python3.12/multiprocessing/process.py:314 _bootstrap
   /usr/lib/python3.12/multiprocessing/process.py:108 run
   /usr/local/lib/python3.12/dist-packages/vllm/v1/executor/multiproc_executor.py:911 worker_main
   /usr/local/lib/python3.12/dist-packages/vllm/tracing/otel.py:178 sync_wrapper
   /usr/local/lib/python3.12/dist-packages/vllm/v1/executor/multiproc_executor.py:680 __init__
   /usr/local/lib/python3.12/dist-packages/vllm/v1/worker/gpu_worker.py:502 load_model
   /usr/local/lib/python3.12/dist-packages/vllm/v1/worker/gpu/model_runner.py:387 load_model
   /usr/local/lib/python3.12/dist-packages/vllm/tracing/otel.py:178 sync_wrapper
   /usr/local/lib/python3.12/dist-packages/vllm/model_executor/model_loader/base_loader.py:65 load_model
   /usr/local/lib/python3.12/dist-packages/vllm/tracing/otel.py:178 sync_wrapper
   /usr/local/lib/python3.12/dist-packages/vllm/model_executor/model_loader/default_loader.py:427 load_weights
   /usr/local/lib/python3.12/dist-packages/vllm/models/deepseek_v4_1/nvidia/vl_model.py:344 load_weights
   /usr/local/lib/python3.12/dist-packages/vllm/model_executor/models/utils.py:141 apply
   /usr/local/lib/python3.12/dist-packages/vllm/model_executor/models/utils.py:102 _map_name_with_shard
=== 17:23:26 anon 1.8 file 1.7 shmem 4.7 GiB
   /usr/local/lib/python3.12/dist-packages/vllm/v1/executor/multiproc_executor.py:911 worker_main
   /usr/local/lib/python3.12/dist-packages/vllm/tracing/otel.py:178 sync_wrapper
   /usr/local/lib/python3.12/dist-packages/vllm/v1/executor/multiproc_executor.py:680 __init__
   /usr/local/lib/python3.12/dist-packages/vllm/v1/worker/gpu_worker.py:502 load_model
   /usr/local/lib/python3.12/dist-packages/vllm/v1/worker/gpu/model_runner.py:387 load_model
   /usr/local/lib/python3.12/dist-packages/vllm/tracing/otel.py:178 sync_wrapper
   /usr/local/lib/python3.12/dist-packages/vllm/model_executor/model_loader/base_loader.py:65 load_model
   /usr/local/lib/python3.12/dist-packages/vllm/tracing/otel.py:178 sync_wrapper
   /usr/local/lib/python3.12/dist-packages/vllm/model_executor/model_loader/default_loader.py:427 load_weights
   /usr/local/lib/python3.12/dist-packages/vllm/models/deepseek_v4_1/nvidia/vl_model.py:344 load_weights
   /usr/local/lib/python3.12/dist-packages/vllm/model_executor/models/utils.py:140 apply
   /usr/local/lib/python3.12/dist-packages/vllm/model_executor/model_loader/default_loader.py:333 get_all_weights
   /usr/local/lib/python3.12/dist-packages/vllm/model_executor/model_loader/default_loader.py:319 <genexpr>
   /usr/local/lib/python3.12/dist-packages/vllm/model_executor/model_loader/weight_utils.py:973 safetensors_weights_iterator
=== 17:23:31 anon 1.8 file 2.3 shmem 4.7 GiB
   /usr/lib/python3.12/multiprocessing/process.py:314 _bootstrap
   /usr/lib/python3.12/multiprocessing/process.py:108 run
   /usr/local/lib/python3.12/dist-packages/vllm/v1/executor/multiproc_executor.py:911 worker_main
   /usr/local/lib/python3.12/dist-packages/vllm/tracing/otel.py:178 sync_wrapper
   /usr/local/lib/python3.12/dist-packages/vllm/v1/executor/multiproc_executor.py:680 __init__
   /usr/local/lib/python3.12/dist-packages/vllm/v1/worker/gpu_worker.py:502 load_model
   /usr/local/lib/python3.12/dist-packages/vllm/v1/worker/gpu/model_runner.py:387 load_model
   /usr/local/lib/python3.12/dist-packages/vllm/tracing/otel.py:178 sync_wrapper
   /usr/local/lib/python3.12/dist-packages/vllm/model_executor/model_loader/base_loader.py:65 load_model
   /usr/local/lib/python3.12/dist-packages/vllm/tracing/otel.py:178 sync_wrapper
   /usr/local/lib/python3.12/dist-packages/vllm/model_executor/model_loader/default_loader.py:427 load_weights
   /usr/local/lib/python3.12/dist-packages/vllm/models/deepseek_v4_1/nvidia/vl_model.py:344 load_weights
   /usr/local/lib/python3.12/dist-packages/vllm/model_executor/models/utils.py:141 apply
   /usr/local/lib/python3.12/dist-packages/vllm/model_executor/models/utils.py:102 _map_name_with_shard
=== 17:23:36 anon 1.9 file 2.8 shmem 4.7 GiB
   /usr/local/lib/python3.12/dist-packages/vllm/v1/executor/multiproc_executor.py:911 worker_main
   /usr/local/lib/python3.12/dist-packages/vllm/tracing/otel.py:178 sync_wrapper
   /usr/local/lib/python3.12/dist-packages/vllm/v1/executor/multiproc_executor.py:680 __init__
   /usr/local/lib/python3.12/dist-packages/vllm/v1/worker/gpu_worker.py:502 load_model
   /usr/local/lib/python3.12/dist-packages/vllm/v1/worker/gpu/model_runner.py:387 load_model
   /usr/local/lib/python3.12/dist-packages/vllm/tracing/otel.py:178 sync_wrapper
   /usr/local/lib/python3.12/dist-packages/vllm/model_executor/model_loader/base_loader.py:65 load_model
   /usr/local/lib/python3.12/dist-packages/vllm/tracing/otel.py:178 sync_wrapper
   /usr/local/lib/python3.12/dist-packages/vllm/model_executor/model_loader/default_loader.py:427 load_weights
   /usr/local/lib/python3.12/dist-packages/vllm/models/deepseek_v4_1/nvidia/vl_model.py:344 load_weights
   /usr/local/lib/python3.12/dist-packages/vllm/model_executor/models/utils.py:140 apply
   /usr/local/lib/python3.12/dist-packages/vllm/model_executor/model_loader/default_loader.py:333 get_all_weights
   /usr/local/lib/python3.12/dist-packages/vllm/model_executor/model_loader/default_loader.py:319 <genexpr>
   /usr/local/lib/python3.12/dist-packages/vllm/model_executor/model_loader/weight_utils.py:973 safetensors_weights_iterator
=== 17:23:41 anon 1.9 file 3.0 shmem 4.7 GiB
   /usr/lib/python3.12/multiprocessing/process.py:314 _bootstrap
   /usr/lib/python3.12/multiprocessing/process.py:108 run
   /usr/local/lib/python3.12/dist-packages/vllm/v1/executor/multiproc_executor.py:911 worker_main
   /usr/local/lib/python3.12/dist-packages/vllm/tracing/otel.py:178 sync_wrapper
   /usr/local/lib/python3.12/dist-packages/vllm/v1/executor/multiproc_executor.py:680 __init__
   /usr/local/lib/python3.12/dist-packages/vllm/v1/worker/gpu_worker.py:502 load_model
   /usr/local/lib/python3.12/dist-packages/vllm/v1/worker/gpu/model_runner.py:387 load_model
   /usr/local/lib/python3.12/dist-packages/vllm/tracing/otel.py:178 sync_wrapper
   /usr/local/lib/python3.12/dist-packages/vllm/model_executor/model_loader/base_loader.py:65 load_model
   /usr/local/lib/python3.12/dist-packages/vllm/tracing/otel.py:178 sync_wrapper
   /usr/local/lib/python3.12/dist-packages/vllm/model_executor/model_loader/default_loader.py:427 load_weights
   /usr/local/lib/python3.12/dist-packages/vllm/models/deepseek_v4_1/nvidia/vl_model.py:344 load_weights
   /usr/local/lib/python3.12/dist-packages/vllm/model_executor/models/utils.py:141 apply
   /usr/local/lib/python3.12/dist-packages/vllm/model_executor/models/utils.py:102 _map_name_with_shard
=== 17:23:46 anon 1.9 file 3.2 shmem 4.7 GiB
   /usr/local/lib/python3.12/dist-packages/vllm/v1/executor/multiproc_executor.py:911 worker_main
   /usr/local/lib/python3.12/dist-packages/vllm/tracing/otel.py:178 sync_wrapper
   /usr/local/lib/python3.12/dist-packages/vllm/v1/executor/multiproc_executor.py:680 __init__
   /usr/local/lib/python3.12/dist-packages/vllm/v1/worker/gpu_worker.py:502 load_model
   /usr/local/lib/python3.12/dist-packages/vllm/v1/worker/gpu/model_runner.py:387 load_model
   /usr/local/lib/python3.12/dist-packages/vllm/tracing/otel.py:178 sync_wrapper
   /usr/local/lib/python3.12/dist-packages/vllm/model_executor/model_loader/base_loader.py:65 load_model
   /usr/local/lib/python3.12/dist-packages/vllm/tracing/otel.py:178 sync_wrapper
   /usr/local/lib/python3.12/dist-packages/vllm/model_executor/model_loader/default_loader.py:427 load_weights
   /usr/local/lib/python3.12/dist-packages/vllm/models/deepseek_v4_1/nvidia/vl_model.py:344 load_weights
   /usr/local/lib/python3.12/dist-packages/vllm/model_executor/models/utils.py:140 apply
   /usr/local/lib/python3.12/dist-packages/vllm/model_executor/model_loader/default_loader.py:333 get_all_weights
   /usr/local/lib/python3.12/dist-packages/vllm/model_executor/model_loader/default_loader.py:319 <genexpr>
   /usr/local/lib/python3.12/dist-packages/vllm/model_executor/model_loader/weight_utils.py:973 safetensors_weights_iterator
=== 17:23:51 anon 1.9 file 3.9 shmem 4.7 GiB
   /usr/local/lib/python3.12/dist-packages/vllm/v1/executor/multiproc_executor.py:911 worker_main
   /usr/local/lib/python3.12/dist-packages/vllm/tracing/otel.py:178 sync_wrapper
   /usr/local/lib/python3.12/dist-packages/vllm/v1/executor/multiproc_executor.py:680 __init__
   /usr/local/lib/python3.12/dist-packages/vllm/v1/worker/gpu_worker.py:502 load_model
   /usr/local/lib/python3.12/dist-packages/vllm/v1/worker/gpu/model_runner.py:387 load_model
   /usr/local/lib/python3.12/dist-packages/vllm/tracing/otel.py:178 sync_wrapper
   /usr/local/lib/python3.12/dist-packages/vllm/model_executor/model_loader/base_loader.py:65 load_model
   /usr/local/lib/python3.12/dist-packages/vllm/tracing/otel.py:178 sync_wrapper
   /usr/local/lib/python3.12/dist-packages/vllm/model_executor/model_loader/default_loader.py:427 load_weights
   /usr/local/lib/python3.12/dist-packages/vllm/models/deepseek_v4_1/nvidia/vl_model.py:344 load_weights
   /usr/local/lib/python3.12/dist-packages/vllm/model_executor/models/utils.py:140 apply
   /usr/local/lib/python3.12/dist-packages/vllm/model_executor/model_loader/default_loader.py:333 get_all_weights
   /usr/local/lib/python3.12/dist-packages/vllm/model_executor/model_loader/default_loader.py:319 <genexpr>
   /usr/local/lib/python3.12/dist-packages/vllm/model_executor/model_loader/weight_utils.py:973 safetensors_weights_iterator
=== 17:23:56 anon 2.1 file 4.1 shmem 4.7 GiB
   /usr/local/lib/python3.12/dist-packages/vllm/tracing/otel.py:178 sync_wrapper
   /usr/local/lib/python3.12/dist-packages/vllm/model_executor/model_loader/default_loader.py:427 load_weights
   /usr/local/lib/python3.12/dist-packages/vllm/models/deepseek_v4_1/nvidia/vl_model.py:346 load_weights
   /usr/local/lib/python3.12/dist-packages/vllm/model_executor/model_loader/reload/torchao_decorator.py:50 patched_model_load_weights
   /usr/local/lib/python3.12/dist-packages/vllm/model_executor/models/utils.py:444 load_weights
   /usr/local/lib/python3.12/dist-packages/vllm/model_executor/models/utils.py:382 _load_module
   /usr/local/lib/python3.12/dist-packages/vllm/model_executor/models/utils.py:359 _load_module
   /usr/local/lib/python3.12/dist-packages/vllm/models/deepseek_v4_1/nvidia/model.py:1102 load_weights
   /usr/local/lib/python3.12/dist-packages/vllm/model_executor/model_loader/reload/torchao_decorator.py:50 patched_model_load_weights
   /usr/local/lib/python3.12/dist-packages/vllm/model_executor/models/utils.py:444 load_weights
   /usr/local/lib/python3.12/dist-packages/vllm/model_executor/models/utils.py:382 _load_module
   /usr/local/lib/python3.12/dist-packages/vllm/model_executor/models/utils.py:391 _load_module
   /usr/local/lib/python3.12/dist-packages/vllm/model_executor/models/utils.py:309 _load_param
   /usr/local/lib/python3.12/dist-packages/vllm/model_executor/layers/vocab_parallel_embedding.py:503 weight_loader
=== 17:24:01 anon 2.8 file 4.3 shmem 4.7 GiB
   /usr/local/lib/python3.12/dist-packages/vllm/model_executor/model_loader/default_loader.py:427 load_weights
   /usr/local/lib/python3.12/dist-packages/vllm/models/deepseek_v4_1/nvidia/vl_model.py:346 load_weights
   /usr/local/lib/python3.12/dist-packages/vllm/model_executor/model_loader/reload/torchao_decorator.py:50 patched_model_load_weights
   /usr/local/lib/python3.12/dist-packages/vllm/model_executor/models/utils.py:444 load_weights
   /usr/local/lib/python3.12/dist-packages/vllm/model_executor/models/utils.py:382 _load_module
   /usr/local/lib/python3.12/dist-packages/vllm/model_executor/models/utils.py:359 _load_module
   /usr/local/lib/python3.12/dist-packages/vllm/models/deepseek_v4_1/nvidia/model.py:1102 load_weights
   /usr/local/lib/python3.12/dist-packages/vllm/model_executor/model_loader/reload/torchao_decorator.py:50 patched_model_load_weights
   /usr/local/lib/python3.12/dist-packages/vllm/model_executor/models/utils.py:444 load_weights
   /usr/local/lib/python3.12/dist-packages/vllm/model_executor/models/utils.py:382 _load_module
   /usr/local/lib/python3.12/dist-packages/vllm/model_executor/models/utils.py:359 _load_module
   /usr/local/lib/python3.12/dist-packages/vllm/models/deepseek_v4_1/nvidia/model.py:769 load_weights
   /usr/local/lib/python3.12/dist-packages/cuda_exl3/moe.py:83 _exl3_moe_weight_loader
   /usr/local/lib/python3.12/dist-packages/cuda_exl3/moe.py:366 _place
=== 17:24:06 anon 3.1 file 6.0 shmem 4.7 GiB
   /usr/local/lib/python3.12/dist-packages/vllm/model_executor/model_loader/default_loader.py:427 load_weights
   /usr/local/lib/python3.12/dist-packages/vllm/models/deepseek_v4_1/nvidia/vl_model.py:346 load_weights
   /usr/local/lib/python3.12/dist-packages/vllm/model_executor/model_loader/reload/torchao_decorator.py:50 patched_model_load_weights
   /usr/local/lib/python3.12/dist-packages/vllm/model_executor/models/utils.py:444 load_weights
   /usr/local/lib/python3.12/dist-packages/vllm/model_executor/models/utils.py:382 _load_module
   /usr/local/lib/python3.12/dist-packages/vllm/model_executor/models/utils.py:359 _load_module
   /usr/local/lib/python3.12/dist-packages/vllm/models/deepseek_v4_1/nvidia/model.py:1102 load_weights
   /usr/local/lib/python3.12/dist-packages/vllm/model_executor/model_loader/reload/torchao_decorator.py:50 patched_model_load_weights
   /usr/local/lib/python3.12/dist-packages/vllm/model_executor/models/utils.py:444 load_weights
   /usr/local/lib/python3.12/dist-packages/vllm/model_executor/models/utils.py:382 _load_module
   /usr/local/lib/python3.12/dist-packages/vllm/model_executor/models/utils.py:359 _load_module
   /usr/local/lib/python3.12/dist-packages/vllm/models/deepseek_v4_1/nvidia/model.py:769 load_weights
   /usr/local/lib/python3.12/dist-packages/cuda_exl3/moe.py:83 _exl3_moe_weight_loader
   /usr/local/lib/python3.12/dist-packages/cuda_exl3/moe.py:347 _place
=== 17:24:11 anon 3.4 file 7.5 shmem 4.7 GiB
   /usr/local/lib/python3.12/dist-packages/vllm/model_executor/model_loader/default_loader.py:427 load_weights
   /usr/local/lib/python3.12/dist-packages/vllm/models/deepseek_v4_1/nvidia/vl_model.py:346 load_weights
   /usr/local/lib/python3.12/dist-packages/vllm/model_executor/model_loader/reload/torchao_decorator.py:50 patched_model_load_weights
   /usr/local/lib/python3.12/dist-packages/vllm/model_executor/models/utils.py:444 load_weights
   /usr/local/lib/python3.12/dist-packages/vllm/model_executor/models/utils.py:382 _load_module
   /usr/local/lib/python3.12/dist-packages/vllm/model_executor/models/utils.py:359 _load_module
   /usr/local/lib/python3.12/dist-packages/vllm/models/deepseek_v4_1/nvidia/model.py:1102 load_weights
   /usr/local/lib/python3.12/dist-packages/vllm/model_executor/model_loader/reload/torchao_decorator.py:50 patched_model_load_weights
   /usr/local/lib/python3.12/dist-packages/vllm/model_executor/models/utils.py:444 load_weights
   /usr/local/lib/python3.12/dist-packages/vllm/model_executor/models/utils.py:382 _load_module
   /usr/local/lib/python3.12/dist-packages/vllm/model_executor/models/utils.py:359 _load_module
   /usr/local/lib/python3.12/dist-packages/vllm/models/deepseek_v4_1/nvidia/model.py:769 load_weights
   /usr/local/lib/python3.12/dist-packages/cuda_exl3/moe.py:83 _exl3_moe_weight_loader
   /usr/local/lib/python3.12/dist-packages/cuda_exl3/moe.py:366 _place
=== 17:24:16 anon 3.8 file 8.5 shmem 4.7 GiB
   /usr/local/lib/python3.12/dist-packages/vllm/model_executor/model_loader/default_loader.py:427 load_weights
   /usr/local/lib/python3.12/dist-packages/vllm/models/deepseek_v4_1/nvidia/vl_model.py:346 load_weights
   /usr/local/lib/python3.12/dist-packages/vllm/model_executor/model_loader/reload/torchao_decorator.py:50 patched_model_load_weights
   /usr/local/lib/python3.12/dist-packages/vllm/model_executor/models/utils.py:444 load_weights
   /usr/local/lib/python3.12/dist-packages/vllm/model_executor/models/utils.py:382 _load_module
   /usr/local/lib/python3.12/dist-packages/vllm/model_executor/models/utils.py:359 _load_module
   /usr/local/lib/python3.12/dist-packages/vllm/models/deepseek_v4_1/nvidia/model.py:1102 load_weights
   /usr/local/lib/python3.12/dist-packages/vllm/model_executor/model_loader/reload/torchao_decorator.py:50 patched_model_load_weights
   /usr/local/lib/python3.12/dist-packages/vllm/model_executor/models/utils.py:444 load_weights
   /usr/local/lib/python3.12/dist-packages/vllm/model_executor/models/utils.py:382 _load_module
   /usr/local/lib/python3.12/dist-packages/vllm/model_executor/models/utils.py:359 _load_module
   /usr/local/lib/python3.12/dist-packages/vllm/models/deepseek_v4_1/nvidia/model.py:769 load_weights
   /usr/local/lib/python3.12/dist-packages/cuda_exl3/moe.py:83 _exl3_moe_weight_loader
   /usr/local/lib/python3.12/dist-packages/cuda_exl3/moe.py:347 _place
=== 17:24:21 anon 4.1 file 10.1 shmem 4.7 GiB
   /usr/local/lib/python3.12/dist-packages/vllm/model_executor/model_loader/default_loader.py:427 load_weights
   /usr/local/lib/python3.12/dist-packages/vllm/models/deepseek_v4_1/nvidia/vl_model.py:346 load_weights
   /usr/local/lib/python3.12/dist-packages/vllm/model_executor/model_loader/reload/torchao_decorator.py:50 patched_model_load_weights
   /usr/local/lib/python3.12/dist-packages/vllm/model_executor/models/utils.py:444 load_weights
   /usr/local/lib/python3.12/dist-packages/vllm/model_executor/models/utils.py:382 _load_module
   /usr/local/lib/python3.12/dist-packages/vllm/model_executor/models/utils.py:359 _load_module
   /usr/local/lib/python3.12/dist-packages/vllm/models/deepseek_v4_1/nvidia/model.py:1102 load_weights
   /usr/local/lib/python3.12/dist-packages/vllm/model_executor/model_loader/reload/torchao_decorator.py:50 patched_model_load_weights
   /usr/local/lib/python3.12/dist-packages/vllm/model_executor/models/utils.py:444 load_weights
   /usr/local/lib/python3.12/dist-packages/vllm/model_executor/models/utils.py:382 _load_module
   /usr/local/lib/python3.12/dist-packages/vllm/model_executor/models/utils.py:359 _load_module
   /usr/local/lib/python3.12/dist-packages/vllm/models/deepseek_v4_1/nvidia/model.py:769 load_weights
   /usr/local/lib/python3.12/dist-packages/cuda_exl3/moe.py:83 _exl3_moe_weight_loader
   /usr/local/lib/python3.12/dist-packages/cuda_exl3/moe.py:378 _place
=== 17:24:26 anon 4.5 file 11.6 shmem 4.7 GiB
   /usr/local/lib/python3.12/dist-packages/vllm/model_executor/model_loader/default_loader.py:427 load_weights
   /usr/local/lib/python3.12/dist-packages/vllm/models/deepseek_v4_1/nvidia/vl_model.py:346 load_weights
   /usr/local/lib/python3.12/dist-packages/vllm/model_executor/model_loader/reload/torchao_decorator.py:50 patched_model_load_weights
   /usr/local/lib/python3.12/dist-packages/vllm/model_executor/models/utils.py:444 load_weights
   /usr/local/lib/python3.12/dist-packages/vllm/model_executor/models/utils.py:382 _load_module
   /usr/local/lib/python3.12/dist-packages/vllm/model_executor/models/utils.py:359 _load_module
   /usr/local/lib/python3.12/dist-packages/vllm/models/deepseek_v4_1/nvidia/model.py:1102 load_weights
   /usr/local/lib/python3.12/dist-packages/vllm/model_executor/model_loader/reload/torchao_decorator.py:50 patched_model_load_weights
   /usr/local/lib/python3.12/dist-packages/vllm/model_executor/models/utils.py:444 load_weights
   /usr/local/lib/python3.12/dist-packages/vllm/model_executor/models/utils.py:382 _load_module
   /usr/local/lib/python3.12/dist-packages/vllm/model_executor/models/utils.py:359 _load_module
   /usr/local/lib/python3.12/dist-packages/vllm/models/deepseek_v4_1/nvidia/model.py:769 load_weights
   /usr/local/lib/python3.12/dist-packages/cuda_exl3/moe.py:83 _exl3_moe_weight_loader
   /usr/local/lib/python3.12/dist-packages/cuda_exl3/moe.py:366 _place
=== 17:24:31 anon 4.8 file 13.3 shmem 4.7 GiB
   /usr/local/lib/python3.12/dist-packages/vllm/model_executor/model_loader/default_loader.py:427 load_weights
   /usr/local/lib/python3.12/dist-packages/vllm/models/deepseek_v4_1/nvidia/vl_model.py:346 load_weights
   /usr/local/lib/python3.12/dist-packages/vllm/model_executor/model_loader/reload/torchao_decorator.py:50 patched_model_load_weights
   /usr/local/lib/python3.12/dist-packages/vllm/model_executor/models/utils.py:444 load_weights
   /usr/local/lib/python3.12/dist-packages/vllm/model_executor/models/utils.py:382 _load_module
   /usr/local/lib/python3.12/dist-packages/vllm/model_executor/models/utils.py:359 _load_module
   /usr/local/lib/python3.12/dist-packages/vllm/models/deepseek_v4_1/nvidia/model.py:1102 load_weights
   /usr/local/lib/python3.12/dist-packages/vllm/model_executor/model_loader/reload/torchao_decorator.py:50 patched_model_load_weights
   /usr/local/lib/python3.12/dist-packages/vllm/model_executor/models/utils.py:444 load_weights
   /usr/local/lib/python3.12/dist-packages/vllm/model_executor/models/utils.py:382 _load_module
   /usr/local/lib/python3.12/dist-packages/vllm/model_executor/models/utils.py:359 _load_module
   /usr/local/lib/python3.12/dist-packages/vllm/models/deepseek_v4_1/nvidia/model.py:769 load_weights
   /usr/local/lib/python3.12/dist-packages/cuda_exl3/moe.py:83 _exl3_moe_weight_loader
   /usr/local/lib/python3.12/dist-packages/cuda_exl3/moe.py:347 _place
=== 17:24:36 anon 5.2 file 14.9 shmem 4.7 GiB
   /usr/local/lib/python3.12/dist-packages/vllm/model_executor/model_loader/default_loader.py:427 load_weights
   /usr/local/lib/python3.12/dist-packages/vllm/models/deepseek_v4_1/nvidia/vl_model.py:346 load_weights
   /usr/local/lib/python3.12/dist-packages/vllm/model_executor/model_loader/reload/torchao_decorator.py:50 patched_model_load_weights
   /usr/local/lib/python3.12/dist-packages/vllm/model_executor/models/utils.py:444 load_weights
   /usr/local/lib/python3.12/dist-packages/vllm/model_executor/models/utils.py:382 _load_module
   /usr/local/lib/python3.12/dist-packages/vllm/model_executor/models/utils.py:359 _load_module
   /usr/local/lib/python3.12/dist-packages/vllm/models/deepseek_v4_1/nvidia/model.py:1102 load_weights
   /usr/local/lib/python3.12/dist-packages/vllm/model_executor/model_loader/reload/torchao_decorator.py:50 patched_model_load_weights
   /usr/local/lib/python3.12/dist-packages/vllm/model_executor/models/utils.py:444 load_weights
   /usr/local/lib/python3.12/dist-packages/vllm/model_executor/models/utils.py:382 _load_module
   /usr/local/lib/python3.12/dist-packages/vllm/model_executor/models/utils.py:359 _load_module
   /usr/local/lib/python3.12/dist-packages/vllm/models/deepseek_v4_1/nvidia/model.py:769 load_weights
   /usr/local/lib/python3.12/dist-packages/cuda_exl3/moe.py:83 _exl3_moe_weight_loader
   /usr/local/lib/python3.12/dist-packages/cuda_exl3/moe.py:366 _place
=== 17:24:41 anon 5.5 file 16.5 shmem 4.7 GiB
   /usr/local/lib/python3.12/dist-packages/vllm/model_executor/model_loader/default_loader.py:427 load_weights
   /usr/local/lib/python3.12/dist-packages/vllm/models/deepseek_v4_1/nvidia/vl_model.py:346 load_weights
   /usr/local/lib/python3.12/dist-packages/vllm/model_executor/model_loader/reload/torchao_decorator.py:50 patched_model_load_weights
   /usr/local/lib/python3.12/dist-packages/vllm/model_executor/models/utils.py:444 load_weights
   /usr/local/lib/python3.12/dist-packages/vllm/model_executor/models/utils.py:382 _load_module
   /usr/local/lib/python3.12/dist-packages/vllm/model_executor/models/utils.py:359 _load_module
   /usr/local/lib/python3.12/dist-packages/vllm/models/deepseek_v4_1/nvidia/model.py:1102 load_weights
   /usr/local/lib/python3.12/dist-packages/vllm/model_executor/model_loader/reload/torchao_decorator.py:50 patched_model_load_weights
   /usr/local/lib/python3.12/dist-packages/vllm/model_executor/models/utils.py:444 load_weights
   /usr/local/lib/python3.12/dist-packages/vllm/model_executor/models/utils.py:382 _load_module
   /usr/local/lib/python3.12/dist-packages/vllm/model_executor/models/utils.py:359 _load_module
   /usr/local/lib/python3.12/dist-packages/vllm/models/deepseek_v4_1/nvidia/model.py:769 load_weights
   /usr/local/lib/python3.12/dist-packages/cuda_exl3/moe.py:83 _exl3_moe_weight_loader
   /usr/local/lib/python3.12/dist-packages/cuda_exl3/moe.py:347 _place
=== 17:24:46 anon 5.8 file 17.2 shmem 4.7 GiB
   /usr/local/lib/python3.12/dist-packages/vllm/model_executor/model_loader/default_loader.py:427 load_weights
   /usr/local/lib/python3.12/dist-packages/vllm/models/deepseek_v4_1/nvidia/vl_model.py:346 load_weights
   /usr/local/lib/python3.12/dist-packages/vllm/model_executor/model_loader/reload/torchao_decorator.py:50 patched_model_load_weights
   /usr/local/lib/python3.12/dist-packages/vllm/model_executor/models/utils.py:444 load_weights
   /usr/local/lib/python3.12/dist-packages/vllm/model_executor/models/utils.py:382 _load_module
   /usr/local/lib/python3.12/dist-packages/vllm/model_executor/models/utils.py:359 _load_module
   /usr/local/lib/python3.12/dist-packages/vllm/models/deepseek_v4_1/nvidia/model.py:1102 load_weights
   /usr/local/lib/python3.12/dist-packages/vllm/model_executor/model_loader/reload/torchao_decorator.py:50 patched_model_load_weights
   /usr/local/lib/python3.12/dist-packages/vllm/model_executor/models/utils.py:444 load_weights
   /usr/local/lib/python3.12/dist-packages/vllm/model_executor/models/utils.py:382 _load_module
   /usr/local/lib/python3.12/dist-packages/vllm/model_executor/models/utils.py:359 _load_module
   /usr/local/lib/python3.12/dist-packages/vllm/models/deepseek_v4_1/nvidia/model.py:769 load_weights
   /usr/local/lib/python3.12/dist-packages/cuda_exl3/moe.py:83 _exl3_moe_weight_loader
   /usr/local/lib/python3.12/dist-packages/cuda_exl3/moe.py:366 _place
=== 17:24:51 anon 6.3 file 16.9 shmem 4.7 GiB
   /usr/local/lib/python3.12/dist-packages/vllm/model_executor/model_loader/default_loader.py:427 load_weights
   /usr/local/lib/python3.12/dist-packages/vllm/models/deepseek_v4_1/nvidia/vl_model.py:346 load_weights
   /usr/local/lib/python3.12/dist-packages/vllm/model_executor/model_loader/reload/torchao_decorator.py:50 patched_model_load_weights
   /usr/local/lib/python3.12/dist-packages/vllm/model_executor/models/utils.py:444 load_weights
   /usr/local/lib/python3.12/dist-packages/vllm/model_executor/models/utils.py:382 _load_module
   /usr/local/lib/python3.12/dist-packages/vllm/model_executor/models/utils.py:359 _load_module
   /usr/local/lib/python3.12/dist-packages/vllm/models/deepseek_v4_1/nvidia/model.py:1102 load_weights
   /usr/local/lib/python3.12/dist-packages/vllm/model_executor/model_loader/reload/torchao_decorator.py:50 patched_model_load_weights
   /usr/local/lib/python3.12/dist-packages/vllm/model_executor/models/utils.py:444 load_weights
   /usr/local/lib/python3.12/dist-packages/vllm/model_executor/models/utils.py:382 _load_module
   /usr/local/lib/python3.12/dist-packages/vllm/model_executor/models/utils.py:359 _load_module
   /usr/local/lib/python3.12/dist-packages/vllm/models/deepseek_v4_1/nvidia/model.py:769 load_weights
   /usr/local/lib/python3.12/dist-packages/cuda_exl3/moe.py:83 _exl3_moe_weight_loader
   /usr/local/lib/python3.12/dist-packages/cuda_exl3/moe.py:347 _place
=== 17:24:56 anon 6.8 file 16.8 shmem 4.7 GiB
   /usr/local/lib/python3.12/dist-packages/vllm/model_executor/model_loader/default_loader.py:427 load_weights
   /usr/local/lib/python3.12/dist-packages/vllm/models/deepseek_v4_1/nvidia/vl_model.py:346 load_weights
   /usr/local/lib/python3.12/dist-packages/vllm/model_executor/model_loader/reload/torchao_decorator.py:50 patched_model_load_weights
   /usr/local/lib/python3.12/dist-packages/vllm/model_executor/models/utils.py:444 load_weights
   /usr/local/lib/python3.12/dist-packages/vllm/model_executor/models/utils.py:382 _load_module
   /usr/local/lib/python3.12/dist-packages/vllm/model_executor/models/utils.py:359 _load_module
   /usr/local/lib/python3.12/dist-packages/vllm/models/deepseek_v4_1/nvidia/model.py:1102 load_weights
   /usr/local/lib/python3.12/dist-packages/vllm/model_executor/model_loader/reload/torchao_decorator.py:50 patched_model_load_weights
   /usr/local/lib/python3.12/dist-packages/vllm/model_executor/models/utils.py:444 load_weights
   /usr/local/lib/python3.12/dist-packages/vllm/model_executor/models/utils.py:382 _load_module
   /usr/local/lib/python3.12/dist-packages/vllm/model_executor/models/utils.py:359 _load_module
   /usr/local/lib/python3.12/dist-packages/vllm/models/deepseek_v4_1/nvidia/model.py:769 load_weights
   /usr/local/lib/python3.12/dist-packages/cuda_exl3/moe.py:83 _exl3_moe_weight_loader
   /usr/local/lib/python3.12/dist-packages/cuda_exl3/moe.py:366 _place
=== 17:25:01 anon 7.1 file 16.5 shmem 4.7 GiB
   /usr/local/lib/python3.12/dist-packages/vllm/model_executor/model_loader/default_loader.py:427 load_weights
   /usr/local/lib/python3.12/dist-packages/vllm/models/deepseek_v4_1/nvidia/vl_model.py:346 load_weights
   /usr/local/lib/python3.12/dist-packages/vllm/model_executor/model_loader/reload/torchao_decorator.py:50 patched_model_load_weights
   /usr/local/lib/python3.12/dist-packages/vllm/model_executor/models/utils.py:444 load_weights
   /usr/local/lib/python3.12/dist-packages/vllm/model_executor/models/utils.py:382 _load_module
   /usr/local/lib/python3.12/dist-packages/vllm/model_executor/models/utils.py:359 _load_module
   /usr/local/lib/python3.12/dist-packages/vllm/models/deepseek_v4_1/nvidia/model.py:1102 load_weights
   /usr/local/lib/python3.12/dist-packages/vllm/model_executor/model_loader/reload/torchao_decorator.py:50 patched_model_load_weights
   /usr/local/lib/python3.12/dist-packages/vllm/model_executor/models/utils.py:444 load_weights
   /usr/local/lib/python3.12/dist-packages/vllm/model_executor/models/utils.py:382 _load_module
   /usr/local/lib/python3.12/dist-packages/vllm/model_executor/models/utils.py:359 _load_module
   /usr/local/lib/python3.12/dist-packages/vllm/models/deepseek_v4_1/nvidia/model.py:769 load_weights
   /usr/local/lib/python3.12/dist-packages/cuda_exl3/moe.py:83 _exl3_moe_weight_loader
   /usr/local/lib/python3.12/dist-packages/cuda_exl3/moe.py:366 _place
=== 17:25:06 anon 7.6 file 18.2 shmem 4.7 GiB
   /usr/local/lib/python3.12/dist-packages/vllm/model_executor/model_loader/default_loader.py:427 load_weights
   /usr/local/lib/python3.12/dist-packages/vllm/models/deepseek_v4_1/nvidia/vl_model.py:346 load_weights
   /usr/local/lib/python3.12/dist-packages/vllm/model_executor/model_loader/reload/torchao_decorator.py:50 patched_model_load_weights
   /usr/local/lib/python3.12/dist-packages/vllm/model_executor/models/utils.py:444 load_weights
   /usr/local/lib/python3.12/dist-packages/vllm/model_executor/models/utils.py:382 _load_module
   /usr/local/lib/python3.12/dist-packages/vllm/model_executor/models/utils.py:359 _load_module
   /usr/local/lib/python3.12/dist-packages/vllm/models/deepseek_v4_1/nvidia/model.py:1102 load_weights
   /usr/local/lib/python3.12/dist-packages/vllm/model_executor/model_loader/reload/torchao_decorator.py:50 patched_model_load_weights
   /usr/local/lib/python3.12/dist-packages/vllm/model_executor/models/utils.py:444 load_weights
   /usr/local/lib/python3.12/dist-packages/vllm/model_executor/models/utils.py:382 _load_module
   /usr/local/lib/python3.12/dist-packages/vllm/model_executor/models/utils.py:359 _load_module
   /usr/local/lib/python3.12/dist-packages/vllm/models/deepseek_v4_1/nvidia/model.py:769 load_weights
   /usr/local/lib/python3.12/dist-packages/cuda_exl3/moe.py:83 _exl3_moe_weight_loader
   /usr/local/lib/python3.12/dist-packages/cuda_exl3/moe.py:347 _place
=== 17:25:11 anon 8.0 file 18.6 shmem 4.7 GiB
   /usr/local/lib/python3.12/dist-packages/vllm/model_executor/model_loader/default_loader.py:427 load_weights
   /usr/local/lib/python3.12/dist-packages/vllm/models/deepseek_v4_1/nvidia/vl_model.py:346 load_weights
   /usr/local/lib/python3.12/dist-packages/vllm/model_executor/model_loader/reload/torchao_decorator.py:50 patched_model_load_weights
   /usr/local/lib/python3.12/dist-packages/vllm/model_executor/models/utils.py:444 load_weights
   /usr/local/lib/python3.12/dist-packages/vllm/model_executor/models/utils.py:382 _load_module
   /usr/local/lib/python3.12/dist-packages/vllm/model_executor/models/utils.py:359 _load_module
   /usr/local/lib/python3.12/dist-packages/vllm/models/deepseek_v4_1/nvidia/model.py:1102 load_weights
   /usr/local/lib/python3.12/dist-packages/vllm/model_executor/model_loader/reload/torchao_decorator.py:50 patched_model_load_weights
   /usr/local/lib/python3.12/dist-packages/vllm/model_executor/models/utils.py:444 load_weights
   /usr/local/lib/python3.12/dist-packages/vllm/model_executor/models/utils.py:382 _load_module
   /usr/local/lib/python3.12/dist-packages/vllm/model_executor/models/utils.py:359 _load_module
   /usr/local/lib/python3.12/dist-packages/vllm/models/deepseek_v4_1/nvidia/model.py:769 load_weights
   /usr/local/lib/python3.12/dist-packages/cuda_exl3/moe.py:83 _exl3_moe_weight_loader
   /usr/local/lib/python3.12/dist-packages/cuda_exl3/moe.py:366 _place
=== 17:25:16 anon 8.5 file 16.6 shmem 4.7 GiB
   /usr/local/lib/python3.12/dist-packages/vllm/model_executor/model_loader/default_loader.py:427 load_weights
   /usr/local/lib/python3.12/dist-packages/vllm/models/deepseek_v4_1/nvidia/vl_model.py:346 load_weights
   /usr/local/lib/python3.12/dist-packages/vllm/model_executor/model_loader/reload/torchao_decorator.py:50 patched_model_load_weights
   /usr/local/lib/python3.12/dist-packages/vllm/model_executor/models/utils.py:444 load_weights
   /usr/local/lib/python3.12/dist-packages/vllm/model_executor/models/utils.py:382 _load_module
   /usr/local/lib/python3.12/dist-packages/vllm/model_executor/models/utils.py:359 _load_module
   /usr/local/lib/python3.12/dist-packages/vllm/models/deepseek_v4_1/nvidia/model.py:1102 load_weights
   /usr/local/lib/python3.12/dist-packages/vllm/model_executor/model_loader/reload/torchao_decorator.py:50 patched_model_load_weights
   /usr/local/lib/python3.12/dist-packages/vllm/model_executor/models/utils.py:444 load_weights
   /usr/local/lib/python3.12/dist-packages/vllm/model_executor/models/utils.py:382 _load_module
   /usr/local/lib/python3.12/dist-packages/vllm/model_executor/models/utils.py:359 _load_module
   /usr/local/lib/python3.12/dist-packages/vllm/models/deepseek_v4_1/nvidia/model.py:769 load_weights
   /usr/local/lib/python3.12/dist-packages/cuda_exl3/moe.py:83 _exl3_moe_weight_loader
   /usr/local/lib/python3.12/dist-packages/cuda_exl3/moe.py:347 _place
=== 17:25:21 anon 8.9 file 15.9 shmem 4.7 GiB
   /usr/local/lib/python3.12/dist-packages/vllm/model_executor/model_loader/default_loader.py:427 load_weights
   /usr/local/lib/python3.12/dist-packages/vllm/models/deepseek_v4_1/nvidia/vl_model.py:346 load_weights
   /usr/local/lib/python3.12/dist-packages/vllm/model_executor/model_loader/reload/torchao_decorator.py:50 patched_model_load_weights
   /usr/local/lib/python3.12/dist-packages/vllm/model_executor/models/utils.py:444 load_weights
   /usr/local/lib/python3.12/dist-packages/vllm/model_executor/models/utils.py:382 _load_module
   /usr/local/lib/python3.12/dist-packages/vllm/model_executor/models/utils.py:359 _load_module
   /usr/local/lib/python3.12/dist-packages/vllm/models/deepseek_v4_1/nvidia/model.py:1102 load_weights
   /usr/local/lib/python3.12/dist-packages/vllm/model_executor/model_loader/reload/torchao_decorator.py:50 patched_model_load_weights
   /usr/local/lib/python3.12/dist-packages/vllm/model_executor/models/utils.py:444 load_weights
   /usr/local/lib/python3.12/dist-packages/vllm/model_executor/models/utils.py:382 _load_module
   /usr/local/lib/python3.12/dist-packages/vllm/model_executor/models/utils.py:359 _load_module
   /usr/local/lib/python3.12/dist-packages/vllm/models/deepseek_v4_1/nvidia/model.py:769 load_weights
   /usr/local/lib/python3.12/dist-packages/cuda_exl3/moe.py:83 _exl3_moe_weight_loader
   /usr/local/lib/python3.12/dist-packages/cuda_exl3/moe.py:366 _place
=== 17:25:26 anon 9.3 file 16.3 shmem 4.7 GiB
   /usr/local/lib/python3.12/dist-packages/vllm/model_executor/model_loader/default_loader.py:427 load_weights
   /usr/local/lib/python3.12/dist-packages/vllm/models/deepseek_v4_1/nvidia/vl_model.py:346 load_weights
   /usr/local/lib/python3.12/dist-packages/vllm/model_executor/model_loader/reload/torchao_decorator.py:50 patched_model_load_weights
   /usr/local/lib/python3.12/dist-packages/vllm/model_executor/models/utils.py:444 load_weights
   /usr/local/lib/python3.12/dist-packages/vllm/model_executor/models/utils.py:382 _load_module
   /usr/local/lib/python3.12/dist-packages/vllm/model_executor/models/utils.py:359 _load_module
   /usr/local/lib/python3.12/dist-packages/vllm/models/deepseek_v4_1/nvidia/model.py:1102 load_weights
   /usr/local/lib/python3.12/dist-packages/vllm/model_executor/model_loader/reload/torchao_decorator.py:50 patched_model_load_weights
   /usr/local/lib/python3.12/dist-packages/vllm/model_executor/models/utils.py:444 load_weights
   /usr/local/lib/python3.12/dist-packages/vllm/model_executor/models/utils.py:382 _load_module
   /usr/local/lib/python3.12/dist-packages/vllm/model_executor/models/utils.py:359 _load_module
   /usr/local/lib/python3.12/dist-packages/vllm/models/deepseek_v4_1/nvidia/model.py:769 load_weights
   /usr/local/lib/python3.12/dist-packages/cuda_exl3/moe.py:83 _exl3_moe_weight_loader
   /usr/local/lib/python3.12/dist-packages/cuda_exl3/moe.py:369 _place
=== 17:25:31 anon 9.7 file 14.8 shmem 4.7 GiB
   /usr/local/lib/python3.12/dist-packages/vllm/model_executor/model_loader/default_loader.py:427 load_weights
   /usr/local/lib/python3.12/dist-packages/vllm/models/deepseek_v4_1/nvidia/vl_model.py:346 load_weights
   /usr/local/lib/python3.12/dist-packages/vllm/model_executor/model_loader/reload/torchao_decorator.py:50 patched_model_load_weights
   /usr/local/lib/python3.12/dist-packages/vllm/model_executor/models/utils.py:444 load_weights
   /usr/local/lib/python3.12/dist-packages/vllm/model_executor/models/utils.py:382 _load_module
   /usr/local/lib/python3.12/dist-packages/vllm/model_executor/models/utils.py:359 _load_module
   /usr/local/lib/python3.12/dist-packages/vllm/models/deepseek_v4_1/nvidia/model.py:1102 load_weights
   /usr/local/lib/python3.12/dist-packages/vllm/model_executor/model_loader/reload/torchao_decorator.py:50 patched_model_load_weights
   /usr/local/lib/python3.12/dist-packages/vllm/model_executor/models/utils.py:444 load_weights
   /usr/local/lib/python3.12/dist-packages/vllm/model_executor/models/utils.py:382 _load_module
   /usr/local/lib/python3.12/dist-packages/vllm/model_executor/models/utils.py:359 _load_module
   /usr/local/lib/python3.12/dist-packages/vllm/models/deepseek_v4_1/nvidia/model.py:769 load_weights
   /usr/local/lib/python3.12/dist-packages/cuda_exl3/moe.py:83 _exl3_moe_weight_loader
   /usr/local/lib/python3.12/dist-packages/cuda_exl3/moe.py:347 _place
=== 17:31:56 anon 1.5 file 0.6 shmem 4.7 GiB
   /usr/local/lib/python3.12/dist-packages/vllm/models/deepseek_v4_1/nvidia/model.py:451 __init__
   /usr/local/lib/python3.12/dist-packages/vllm/model_executor/models/utils.py:864 make_layers
   /usr/local/lib/python3.12/dist-packages/vllm/model_executor/offloader/base.py:119 wrap_modules
   /usr/local/lib/python3.12/dist-packages/vllm/model_executor/models/utils.py:865 <genexpr>
   /usr/local/lib/python3.12/dist-packages/vllm/models/deepseek_v4_1/nvidia/model.py:453 <lambda>
   /usr/local/lib/python3.12/dist-packages/vllm/models/deepseek_v4_1/nvidia/model.py:193 __init__
   /usr/local/lib/python3.12/dist-packages/vllm/models/deepseek_v4_1/nvidia/flashinfer_sparse.py:617 __init__
   /usr/local/lib/python3.12/dist-packages/vllm/models/deepseek_v4_1/attention.py:352 __init__
   /usr/local/lib/python3.12/dist-packages/vllm/models/deepseek_v4_1/common/rope.py:48 build_deepseek_v4_rope
   /usr/local/lib/python3.12/dist-packages/vllm/model_executor/layers/rotary_embedding/__init__.py:305 get_rope
   /usr/local/lib/python3.12/dist-packages/vllm/model_executor/layers/rotary_embedding/deepseek_scaling_rope.py:247 __init__
   /usr/local/lib/python3.12/dist-packages/vllm/model_executor/layers/rotary_embedding/deepseek_scaling_rope.py:251 _compute_cos_sin_cache
   /usr/local/lib/python3.12/dist-packages/vllm/model_executor/layers/rotary_embedding/deepseek_scaling_rope.py:80 _compute_inv_freq
   /usr/local/lib/python3.12/dist-packages/torch/utils/_device.py:122 __torch_function__
=== 17:32:01 anon 1.7 file 0.7 shmem 4.7 GiB
   /usr/local/lib/python3.12/dist-packages/vllm/models/deepseek_v4_1/nvidia/model.py:1011 __init__
   /usr/local/lib/python3.12/dist-packages/vllm/models/deepseek_v4_1/nvidia/model.py:451 __init__
   /usr/local/lib/python3.12/dist-packages/vllm/model_executor/models/utils.py:864 make_layers
   /usr/local/lib/python3.12/dist-packages/vllm/model_executor/offloader/base.py:119 wrap_modules
   /usr/local/lib/python3.12/dist-packages/vllm/model_executor/models/utils.py:865 <genexpr>
   /usr/local/lib/python3.12/dist-packages/vllm/models/deepseek_v4_1/nvidia/model.py:453 <lambda>
   /usr/local/lib/python3.12/dist-packages/vllm/models/deepseek_v4_1/nvidia/model.py:208 __init__
   /usr/local/lib/python3.12/dist-packages/vllm/models/deepseek_v4_1/nvidia/model.py:103 __init__
   /usr/local/lib/python3.12/dist-packages/vllm/models/deepseek_v4/nvidia/model.py:898 __init__
   /usr/local/lib/python3.12/dist-packages/vllm/models/deepseek_v4/nvidia/model.py:995 _init_fused_moe_experts
   /usr/local/lib/python3.12/dist-packages/vllm/model_executor/layers/fused_moe/layer.py:427 FusedMoEFactory
   /usr/local/lib/python3.12/dist-packages/vllm/model_executor/layers/fused_moe/routed_experts.py:178 __init__
   /usr/local/lib/python3.12/dist-packages/cuda_exl3/moe.py:265 create_weights
   /usr/local/lib/python3.12/dist-packages/torch/utils/_device.py:122 __torch_function__
=== 17:32:06 anon 2.3 file 0.7 shmem 4.7 GiB
   /usr/local/lib/python3.12/dist-packages/vllm/model_executor/model_loader/default_loader.py:427 load_weights
   /usr/local/lib/python3.12/dist-packages/vllm/models/deepseek_v4_1/nvidia/vl_model.py:360 load_weights
   /usr/local/lib/python3.12/dist-packages/vllm/model_executor/model_loader/reload/torchao_decorator.py:50 patched_model_load_weights
   /usr/local/lib/python3.12/dist-packages/vllm/model_executor/models/utils.py:444 load_weights
   /usr/local/lib/python3.12/dist-packages/vllm/model_executor/models/utils.py:382 _load_module
   /usr/local/lib/python3.12/dist-packages/vllm/model_executor/models/utils.py:359 _load_module
   /usr/local/lib/python3.12/dist-packages/vllm/models/deepseek_v4_1/nvidia/model.py:1102 load_weights
   /usr/local/lib/python3.12/dist-packages/vllm/model_executor/model_loader/reload/torchao_decorator.py:50 patched_model_load_weights
   /usr/local/lib/python3.12/dist-packages/vllm/model_executor/models/utils.py:444 load_weights
   /usr/local/lib/python3.12/dist-packages/vllm/model_executor/models/utils.py:382 _load_module
   /usr/local/lib/python3.12/dist-packages/vllm/model_executor/models/utils.py:359 _load_module
   /usr/local/lib/python3.12/dist-packages/vllm/models/deepseek_v4_1/nvidia/model.py:804 load_weights
   /usr/local/lib/python3.12/dist-packages/vllm/models/deepseek_v4_1/virtual_heads.py:68 loader
   /usr/local/lib/python3.12/dist-packages/vllm/models/deepseek_v4_1/virtual_heads.py:44 pad_tensor
=== 17:32:11 anon 2.7 file 2.8 shmem 4.7 GiB
   /usr/local/lib/python3.12/dist-packages/vllm/model_executor/model_loader/default_loader.py:427 load_weights
   /usr/local/lib/python3.12/dist-packages/vllm/models/deepseek_v4_1/nvidia/vl_model.py:360 load_weights
   /usr/local/lib/python3.12/dist-packages/vllm/model_executor/model_loader/reload/torchao_decorator.py:50 patched_model_load_weights
   /usr/local/lib/python3.12/dist-packages/vllm/model_executor/models/utils.py:444 load_weights
   /usr/local/lib/python3.12/dist-packages/vllm/model_executor/models/utils.py:382 _load_module
   /usr/local/lib/python3.12/dist-packages/vllm/model_executor/models/utils.py:359 _load_module
   /usr/local/lib/python3.12/dist-packages/vllm/models/deepseek_v4_1/nvidia/model.py:1102 load_weights
   /usr/local/lib/python3.12/dist-packages/vllm/model_executor/model_loader/reload/torchao_decorator.py:50 patched_model_load_weights
   /usr/local/lib/python3.12/dist-packages/vllm/model_executor/models/utils.py:444 load_weights
   /usr/local/lib/python3.12/dist-packages/vllm/model_executor/models/utils.py:382 _load_module
   /usr/local/lib/python3.12/dist-packages/vllm/model_executor/models/utils.py:359 _load_module
   /usr/local/lib/python3.12/dist-packages/vllm/models/deepseek_v4_1/nvidia/model.py:769 load_weights
   /usr/local/lib/python3.12/dist-packages/cuda_exl3/moe.py:83 _exl3_moe_weight_loader
   /usr/local/lib/python3.12/dist-packages/cuda_exl3/moe.py:347 _place
=== 17:32:16 anon 3.0 file 4.5 shmem 4.7 GiB
   /usr/local/lib/python3.12/dist-packages/vllm/model_executor/model_loader/default_loader.py:427 load_weights
   /usr/local/lib/python3.12/dist-packages/vllm/models/deepseek_v4_1/nvidia/vl_model.py:360 load_weights
   /usr/local/lib/python3.12/dist-packages/vllm/model_executor/model_loader/reload/torchao_decorator.py:50 patched_model_load_weights
   /usr/local/lib/python3.12/dist-packages/vllm/model_executor/models/utils.py:444 load_weights
   /usr/local/lib/python3.12/dist-packages/vllm/model_executor/models/utils.py:382 _load_module
   /usr/local/lib/python3.12/dist-packages/vllm/model_executor/models/utils.py:359 _load_module
   /usr/local/lib/python3.12/dist-packages/vllm/models/deepseek_v4_1/nvidia/model.py:1102 load_weights
   /usr/local/lib/python3.12/dist-packages/vllm/model_executor/model_loader/reload/torchao_decorator.py:50 patched_model_load_weights
   /usr/local/lib/python3.12/dist-packages/vllm/model_executor/models/utils.py:444 load_weights
   /usr/local/lib/python3.12/dist-packages/vllm/model_executor/models/utils.py:382 _load_module
   /usr/local/lib/python3.12/dist-packages/vllm/model_executor/models/utils.py:359 _load_module
   /usr/local/lib/python3.12/dist-packages/vllm/models/deepseek_v4_1/nvidia/model.py:769 load_weights
   /usr/local/lib/python3.12/dist-packages/cuda_exl3/moe.py:83 _exl3_moe_weight_loader
   /usr/local/lib/python3.12/dist-packages/cuda_exl3/moe.py:366 _place
=== 17:32:21 anon 3.4 file 6.2 shmem 4.7 GiB
   /usr/local/lib/python3.12/dist-packages/vllm/model_executor/model_loader/default_loader.py:427 load_weights
   /usr/local/lib/python3.12/dist-packages/vllm/models/deepseek_v4_1/nvidia/vl_model.py:360 load_weights
   /usr/local/lib/python3.12/dist-packages/vllm/model_executor/model_loader/reload/torchao_decorator.py:50 patched_model_load_weights
   /usr/local/lib/python3.12/dist-packages/vllm/model_executor/models/utils.py:444 load_weights
   /usr/local/lib/python3.12/dist-packages/vllm/model_executor/models/utils.py:382 _load_module
   /usr/local/lib/python3.12/dist-packages/vllm/model_executor/models/utils.py:359 _load_module
   /usr/local/lib/python3.12/dist-packages/vllm/models/deepseek_v4_1/nvidia/model.py:1102 load_weights
   /usr/local/lib/python3.12/dist-packages/vllm/model_executor/model_loader/reload/torchao_decorator.py:50 patched_model_load_weights
   /usr/local/lib/python3.12/dist-packages/vllm/model_executor/models/utils.py:444 load_weights
   /usr/local/lib/python3.12/dist-packages/vllm/model_executor/models/utils.py:382 _load_module
   /usr/local/lib/python3.12/dist-packages/vllm/model_executor/models/utils.py:359 _load_module
   /usr/local/lib/python3.12/dist-packages/vllm/models/deepseek_v4_1/nvidia/model.py:769 load_weights
   /usr/local/lib/python3.12/dist-packages/cuda_exl3/moe.py:83 _exl3_moe_weight_loader
   /usr/local/lib/python3.12/dist-packages/cuda_exl3/moe.py:347 _place
=== 17:32:26 anon 2.9 file 3.7 shmem 4.7 GiB
   /usr/local/lib/python3.12/dist-packages/vllm/model_executor/model_loader/default_loader.py:427 load_weights
   /usr/local/lib/python3.12/dist-packages/vllm/models/deepseek_v4_1/nvidia/vl_model.py:360 load_weights
   /usr/local/lib/python3.12/dist-packages/vllm/model_executor/model_loader/reload/torchao_decorator.py:50 patched_model_load_weights
   /usr/local/lib/python3.12/dist-packages/vllm/model_executor/models/utils.py:444 load_weights
   /usr/local/lib/python3.12/dist-packages/vllm/model_executor/models/utils.py:382 _load_module
   /usr/local/lib/python3.12/dist-packages/vllm/model_executor/models/utils.py:359 _load_module
   /usr/local/lib/python3.12/dist-packages/vllm/models/deepseek_v4_1/nvidia/model.py:1102 load_weights
   /usr/local/lib/python3.12/dist-packages/vllm/model_executor/model_loader/reload/torchao_decorator.py:50 patched_model_load_weights
   /usr/local/lib/python3.12/dist-packages/vllm/model_executor/models/utils.py:444 load_weights
   /usr/local/lib/python3.12/dist-packages/vllm/model_executor/models/utils.py:382 _load_module
   /usr/local/lib/python3.12/dist-packages/vllm/model_executor/models/utils.py:359 _load_module
   /usr/local/lib/python3.12/dist-packages/vllm/models/deepseek_v4_1/nvidia/model.py:769 load_weights
   /usr/local/lib/python3.12/dist-packages/cuda_exl3/moe.py:83 _exl3_moe_weight_loader
   /usr/local/lib/python3.12/dist-packages/cuda_exl3/moe.py:347 _place
=== 17:32:31 anon 3.2 file 5.3 shmem 4.7 GiB
   /usr/local/lib/python3.12/dist-packages/vllm/model_executor/model_loader/default_loader.py:427 load_weights
   /usr/local/lib/python3.12/dist-packages/vllm/models/deepseek_v4_1/nvidia/vl_model.py:360 load_weights
   /usr/local/lib/python3.12/dist-packages/vllm/model_executor/model_loader/reload/torchao_decorator.py:50 patched_model_load_weights
   /usr/local/lib/python3.12/dist-packages/vllm/model_executor/models/utils.py:444 load_weights
   /usr/local/lib/python3.12/dist-packages/vllm/model_executor/models/utils.py:382 _load_module
   /usr/local/lib/python3.12/dist-packages/vllm/model_executor/models/utils.py:359 _load_module
   /usr/local/lib/python3.12/dist-packages/vllm/models/deepseek_v4_1/nvidia/model.py:1102 load_weights
   /usr/local/lib/python3.12/dist-packages/vllm/model_executor/model_loader/reload/torchao_decorator.py:50 patched_model_load_weights
   /usr/local/lib/python3.12/dist-packages/vllm/model_executor/models/utils.py:444 load_weights
   /usr/local/lib/python3.12/dist-packages/vllm/model_executor/models/utils.py:382 _load_module
   /usr/local/lib/python3.12/dist-packages/vllm/model_executor/models/utils.py:359 _load_module
   /usr/local/lib/python3.12/dist-packages/vllm/models/deepseek_v4_1/nvidia/model.py:769 load_weights
   /usr/local/lib/python3.12/dist-packages/cuda_exl3/moe.py:83 _exl3_moe_weight_loader
   /usr/local/lib/python3.12/dist-packages/cuda_exl3/moe.py:366 _place
=== 17:32:37 anon 2.7 file 2.8 shmem 4.7 GiB
   /usr/local/lib/python3.12/dist-packages/vllm/model_executor/model_loader/default_loader.py:427 load_weights
   /usr/local/lib/python3.12/dist-packages/vllm/models/deepseek_v4_1/nvidia/vl_model.py:360 load_weights
   /usr/local/lib/python3.12/dist-packages/vllm/model_executor/model_loader/reload/torchao_decorator.py:50 patched_model_load_weights
   /usr/local/lib/python3.12/dist-packages/vllm/model_executor/models/utils.py:444 load_weights
   /usr/local/lib/python3.12/dist-packages/vllm/model_executor/models/utils.py:382 _load_module
   /usr/local/lib/python3.12/dist-packages/vllm/model_executor/models/utils.py:359 _load_module
   /usr/local/lib/python3.12/dist-packages/vllm/models/deepseek_v4_1/nvidia/model.py:1102 load_weights
   /usr/local/lib/python3.12/dist-packages/vllm/model_executor/model_loader/reload/torchao_decorator.py:50 patched_model_load_weights
   /usr/local/lib/python3.12/dist-packages/vllm/model_executor/models/utils.py:444 load_weights
   /usr/local/lib/python3.12/dist-packages/vllm/model_executor/models/utils.py:382 _load_module
   /usr/local/lib/python3.12/dist-packages/vllm/model_executor/models/utils.py:359 _load_module
   /usr/local/lib/python3.12/dist-packages/vllm/models/deepseek_v4_1/nvidia/model.py:769 load_weights
   /usr/local/lib/python3.12/dist-packages/cuda_exl3/moe.py:83 _exl3_moe_weight_loader
   /usr/local/lib/python3.12/dist-packages/cuda_exl3/moe.py:347 _place
=== 17:32:42 anon 3.1 file 4.5 shmem 4.7 GiB
   /usr/local/lib/python3.12/dist-packages/vllm/model_executor/model_loader/default_loader.py:427 load_weights
   /usr/local/lib/python3.12/dist-packages/vllm/models/deepseek_v4_1/nvidia/vl_model.py:360 load_weights
   /usr/local/lib/python3.12/dist-packages/vllm/model_executor/model_loader/reload/torchao_decorator.py:50 patched_model_load_weights
   /usr/local/lib/python3.12/dist-packages/vllm/model_executor/models/utils.py:444 load_weights
   /usr/local/lib/python3.12/dist-packages/vllm/model_executor/models/utils.py:382 _load_module
   /usr/local/lib/python3.12/dist-packages/vllm/model_executor/models/utils.py:359 _load_module
   /usr/local/lib/python3.12/dist-packages/vllm/models/deepseek_v4_1/nvidia/model.py:1102 load_weights
   /usr/local/lib/python3.12/dist-packages/vllm/model_executor/model_loader/reload/torchao_decorator.py:50 patched_model_load_weights
   /usr/local/lib/python3.12/dist-packages/vllm/model_executor/models/utils.py:444 load_weights
   /usr/local/lib/python3.12/dist-packages/vllm/model_executor/models/utils.py:382 _load_module
   /usr/local/lib/python3.12/dist-packages/vllm/model_executor/models/utils.py:359 _load_module
   /usr/local/lib/python3.12/dist-packages/vllm/models/deepseek_v4_1/nvidia/model.py:769 load_weights
   /usr/local/lib/python3.12/dist-packages/cuda_exl3/moe.py:83 _exl3_moe_weight_loader
   /usr/local/lib/python3.12/dist-packages/cuda_exl3/moe.py:347 _place
=== 17:32:47 anon 3.4 file 6.2 shmem 4.7 GiB
   /usr/local/lib/python3.12/dist-packages/vllm/model_executor/model_loader/default_loader.py:427 load_weights
   /usr/local/lib/python3.12/dist-packages/vllm/models/deepseek_v4_1/nvidia/vl_model.py:360 load_weights
   /usr/local/lib/python3.12/dist-packages/vllm/model_executor/model_loader/reload/torchao_decorator.py:50 patched_model_load_weights
   /usr/local/lib/python3.12/dist-packages/vllm/model_executor/models/utils.py:444 load_weights
   /usr/local/lib/python3.12/dist-packages/vllm/model_executor/models/utils.py:382 _load_module
   /usr/local/lib/python3.12/dist-packages/vllm/model_executor/models/utils.py:359 _load_module
   /usr/local/lib/python3.12/dist-packages/vllm/models/deepseek_v4_1/nvidia/model.py:1102 load_weights
   /usr/local/lib/python3.12/dist-packages/vllm/model_executor/model_loader/reload/torchao_decorator.py:50 patched_model_load_weights
   /usr/local/lib/python3.12/dist-packages/vllm/model_executor/models/utils.py:444 load_weights
   /usr/local/lib/python3.12/dist-packages/vllm/model_executor/models/utils.py:382 _load_module
   /usr/local/lib/python3.12/dist-packages/vllm/model_executor/models/utils.py:359 _load_module
   /usr/local/lib/python3.12/dist-packages/vllm/models/deepseek_v4_1/nvidia/model.py:769 load_weights
   /usr/local/lib/python3.12/dist-packages/cuda_exl3/moe.py:83 _exl3_moe_weight_loader
   /usr/local/lib/python3.12/dist-packages/cuda_exl3/moe.py:347 _place
=== 17:32:52 anon 2.9 file 3.6 shmem 4.7 GiB
   /usr/local/lib/python3.12/dist-packages/vllm/model_executor/model_loader/default_loader.py:427 load_weights
   /usr/local/lib/python3.12/dist-packages/vllm/models/deepseek_v4_1/nvidia/vl_model.py:360 load_weights
   /usr/local/lib/python3.12/dist-packages/vllm/model_executor/model_loader/reload/torchao_decorator.py:50 patched_model_load_weights
   /usr/local/lib/python3.12/dist-packages/vllm/model_executor/models/utils.py:444 load_weights
   /usr/local/lib/python3.12/dist-packages/vllm/model_executor/models/utils.py:382 _load_module
   /usr/local/lib/python3.12/dist-packages/vllm/model_executor/models/utils.py:359 _load_module
   /usr/local/lib/python3.12/dist-packages/vllm/models/deepseek_v4_1/nvidia/model.py:1102 load_weights
   /usr/local/lib/python3.12/dist-packages/vllm/model_executor/model_loader/reload/torchao_decorator.py:50 patched_model_load_weights
   /usr/local/lib/python3.12/dist-packages/vllm/model_executor/models/utils.py:444 load_weights
   /usr/local/lib/python3.12/dist-packages/vllm/model_executor/models/utils.py:382 _load_module
   /usr/local/lib/python3.12/dist-packages/vllm/model_executor/models/utils.py:359 _load_module
   /usr/local/lib/python3.12/dist-packages/vllm/models/deepseek_v4_1/nvidia/model.py:769 load_weights
   /usr/local/lib/python3.12/dist-packages/cuda_exl3/moe.py:83 _exl3_moe_weight_loader
   /usr/local/lib/python3.12/dist-packages/cuda_exl3/moe.py:366 _place
=== 17:32:57 anon 3.2 file 5.3 shmem 4.7 GiB
   /usr/local/lib/python3.12/dist-packages/vllm/model_executor/model_loader/default_loader.py:427 load_weights
   /usr/local/lib/python3.12/dist-packages/vllm/models/deepseek_v4_1/nvidia/vl_model.py:360 load_weights
   /usr/local/lib/python3.12/dist-packages/vllm/model_executor/model_loader/reload/torchao_decorator.py:50 patched_model_load_weights
   /usr/local/lib/python3.12/dist-packages/vllm/model_executor/models/utils.py:444 load_weights
   /usr/local/lib/python3.12/dist-packages/vllm/model_executor/models/utils.py:382 _load_module
   /usr/local/lib/python3.12/dist-packages/vllm/model_executor/models/utils.py:359 _load_module
   /usr/local/lib/python3.12/dist-packages/vllm/models/deepseek_v4_1/nvidia/model.py:1102 load_weights
   /usr/local/lib/python3.12/dist-packages/vllm/model_executor/model_loader/reload/torchao_decorator.py:50 patched_model_load_weights
   /usr/local/lib/python3.12/dist-packages/vllm/model_executor/models/utils.py:444 load_weights
   /usr/local/lib/python3.12/dist-packages/vllm/model_executor/models/utils.py:382 _load_module
   /usr/local/lib/python3.12/dist-packages/vllm/model_executor/models/utils.py:359 _load_module
   /usr/local/lib/python3.12/dist-packages/vllm/models/deepseek_v4_1/nvidia/model.py:769 load_weights
   /usr/local/lib/python3.12/dist-packages/cuda_exl3/moe.py:83 _exl3_moe_weight_loader
   /usr/local/lib/python3.12/dist-packages/cuda_exl3/moe.py:347 _place
=== 17:33:02 anon 2.7 file 2.7 shmem 4.7 GiB
   /usr/local/lib/python3.12/dist-packages/vllm/model_executor/model_loader/default_loader.py:427 load_weights
   /usr/local/lib/python3.12/dist-packages/vllm/models/deepseek_v4_1/nvidia/vl_model.py:360 load_weights
   /usr/local/lib/python3.12/dist-packages/vllm/model_executor/model_loader/reload/torchao_decorator.py:50 patched_model_load_weights
   /usr/local/lib/python3.12/dist-packages/vllm/model_executor/models/utils.py:444 load_weights
   /usr/local/lib/python3.12/dist-packages/vllm/model_executor/models/utils.py:382 _load_module
   /usr/local/lib/python3.12/dist-packages/vllm/model_executor/models/utils.py:359 _load_module
   /usr/local/lib/python3.12/dist-packages/vllm/models/deepseek_v4_1/nvidia/model.py:1102 load_weights
   /usr/local/lib/python3.12/dist-packages/vllm/model_executor/model_loader/reload/torchao_decorator.py:50 patched_model_load_weights
   /usr/local/lib/python3.12/dist-packages/vllm/model_executor/models/utils.py:444 load_weights
   /usr/local/lib/python3.12/dist-packages/vllm/model_executor/models/utils.py:382 _load_module
   /usr/local/lib/python3.12/dist-packages/vllm/model_executor/models/utils.py:359 _load_module
   /usr/local/lib/python3.12/dist-packages/vllm/models/deepseek_v4_1/nvidia/model.py:769 load_weights
   /usr/local/lib/python3.12/dist-packages/cuda_exl3/moe.py:83 _exl3_moe_weight_loader
   /usr/local/lib/python3.12/dist-packages/cuda_exl3/moe.py:347 _place
=== 17:33:07 anon 3.0 file 4.4 shmem 4.7 GiB
   /usr/local/lib/python3.12/dist-packages/vllm/model_executor/model_loader/default_loader.py:427 load_weights
   /usr/local/lib/python3.12/dist-packages/vllm/models/deepseek_v4_1/nvidia/vl_model.py:360 load_weights
   /usr/local/lib/python3.12/dist-packages/vllm/model_executor/model_loader/reload/torchao_decorator.py:50 patched_model_load_weights
   /usr/local/lib/python3.12/dist-packages/vllm/model_executor/models/utils.py:444 load_weights
   /usr/local/lib/python3.12/dist-packages/vllm/model_executor/models/utils.py:382 _load_module
   /usr/local/lib/python3.12/dist-packages/vllm/model_executor/models/utils.py:359 _load_module
   /usr/local/lib/python3.12/dist-packages/vllm/models/deepseek_v4_1/nvidia/model.py:1102 load_weights
   /usr/local/lib/python3.12/dist-packages/vllm/model_executor/model_loader/reload/torchao_decorator.py:50 patched_model_load_weights
   /usr/local/lib/python3.12/dist-packages/vllm/model_executor/models/utils.py:444 load_weights
   /usr/local/lib/python3.12/dist-packages/vllm/model_executor/models/utils.py:382 _load_module
   /usr/local/lib/python3.12/dist-packages/vllm/model_executor/models/utils.py:359 _load_module
   /usr/local/lib/python3.12/dist-packages/vllm/models/deepseek_v4_1/nvidia/model.py:769 load_weights
   /usr/local/lib/python3.12/dist-packages/cuda_exl3/moe.py:83 _exl3_moe_weight_loader
   /usr/local/lib/python3.12/dist-packages/cuda_exl3/moe.py:347 _place
=== 17:33:12 anon 3.4 file 6.1 shmem 4.7 GiB
   /usr/local/lib/python3.12/dist-packages/vllm/model_executor/model_loader/default_loader.py:427 load_weights
   /usr/local/lib/python3.12/dist-packages/vllm/models/deepseek_v4_1/nvidia/vl_model.py:360 load_weights
   /usr/local/lib/python3.12/dist-packages/vllm/model_executor/model_loader/reload/torchao_decorator.py:50 patched_model_load_weights
   /usr/local/lib/python3.12/dist-packages/vllm/model_executor/models/utils.py:444 load_weights
   /usr/local/lib/python3.12/dist-packages/vllm/model_executor/models/utils.py:382 _load_module
   /usr/local/lib/python3.12/dist-packages/vllm/model_executor/models/utils.py:359 _load_module
   /usr/local/lib/python3.12/dist-packages/vllm/models/deepseek_v4_1/nvidia/model.py:1102 load_weights
   /usr/local/lib/python3.12/dist-packages/vllm/model_executor/model_loader/reload/torchao_decorator.py:50 patched_model_load_weights
   /usr/local/lib/python3.12/dist-packages/vllm/model_executor/models/utils.py:444 load_weights
   /usr/local/lib/python3.12/dist-packages/vllm/model_executor/models/utils.py:382 _load_module
   /usr/local/lib/python3.12/dist-packages/vllm/model_executor/models/utils.py:359 _load_module
   /usr/local/lib/python3.12/dist-packages/vllm/models/deepseek_v4_1/nvidia/model.py:769 load_weights
   /usr/local/lib/python3.12/dist-packages/cuda_exl3/moe.py:83 _exl3_moe_weight_loader
   /usr/local/lib/python3.12/dist-packages/cuda_exl3/moe.py:366 _place
=== 17:33:17 anon 2.9 file 3.5 shmem 4.7 GiB
   /usr/local/lib/python3.12/dist-packages/vllm/model_executor/model_loader/default_loader.py:427 load_weights
   /usr/local/lib/python3.12/dist-packages/vllm/models/deepseek_v4_1/nvidia/vl_model.py:360 load_weights
   /usr/local/lib/python3.12/dist-packages/vllm/model_executor/model_loader/reload/torchao_decorator.py:50 patched_model_load_weights
   /usr/local/lib/python3.12/dist-packages/vllm/model_executor/models/utils.py:444 load_weights
   /usr/local/lib/python3.12/dist-packages/vllm/model_executor/models/utils.py:382 _load_module
   /usr/local/lib/python3.12/dist-packages/vllm/model_executor/models/utils.py:359 _load_module
   /usr/local/lib/python3.12/dist-packages/vllm/models/deepseek_v4_1/nvidia/model.py:1102 load_weights
   /usr/local/lib/python3.12/dist-packages/vllm/model_executor/model_loader/reload/torchao_decorator.py:50 patched_model_load_weights
   /usr/local/lib/python3.12/dist-packages/vllm/model_executor/models/utils.py:444 load_weights
   /usr/local/lib/python3.12/dist-packages/vllm/model_executor/models/utils.py:382 _load_module
   /usr/local/lib/python3.12/dist-packages/vllm/model_executor/models/utils.py:359 _load_module
   /usr/local/lib/python3.12/dist-packages/vllm/models/deepseek_v4_1/nvidia/model.py:769 load_weights
   /usr/local/lib/python3.12/dist-packages/cuda_exl3/moe.py:83 _exl3_moe_weight_loader
   /usr/local/lib/python3.12/dist-packages/cuda_exl3/moe.py:366 _place
=== 17:33:22 anon 3.2 file 5.3 shmem 4.7 GiB
   /usr/local/lib/python3.12/dist-packages/vllm/model_executor/model_loader/default_loader.py:427 load_weights
   /usr/local/lib/python3.12/dist-packages/vllm/models/deepseek_v4_1/nvidia/vl_model.py:360 load_weights
   /usr/local/lib/python3.12/dist-packages/vllm/model_executor/model_loader/reload/torchao_decorator.py:50 patched_model_load_weights
   /usr/local/lib/python3.12/dist-packages/vllm/model_executor/models/utils.py:444 load_weights
   /usr/local/lib/python3.12/dist-packages/vllm/model_executor/models/utils.py:382 _load_module
   /usr/local/lib/python3.12/dist-packages/vllm/model_executor/models/utils.py:359 _load_module
   /usr/local/lib/python3.12/dist-packages/vllm/models/deepseek_v4_1/nvidia/model.py:1102 load_weights
   /usr/local/lib/python3.12/dist-packages/vllm/model_executor/model_loader/reload/torchao_decorator.py:50 patched_model_load_weights
   /usr/local/lib/python3.12/dist-packages/vllm/model_executor/models/utils.py:444 load_weights
   /usr/local/lib/python3.12/dist-packages/vllm/model_executor/models/utils.py:382 _load_module
   /usr/local/lib/python3.12/dist-packages/vllm/model_executor/models/utils.py:359 _load_module
   /usr/local/lib/python3.12/dist-packages/vllm/models/deepseek_v4_1/nvidia/model.py:769 load_weights
   /usr/local/lib/python3.12/dist-packages/cuda_exl3/moe.py:83 _exl3_moe_weight_loader
   /usr/local/lib/python3.12/dist-packages/cuda_exl3/moe.py:347 _place
=== 17:33:27 anon 2.7 file 2.7 shmem 4.7 GiB
   /usr/local/lib/python3.12/dist-packages/vllm/model_executor/models/utils.py:444 load_weights
   /usr/local/lib/python3.12/dist-packages/vllm/model_executor/models/utils.py:382 _load_module
   /usr/local/lib/python3.12/dist-packages/vllm/model_executor/models/utils.py:359 _load_module
   /usr/local/lib/python3.12/dist-packages/vllm/models/deepseek_v4_1/nvidia/model.py:1102 load_weights
   /usr/local/lib/python3.12/dist-packages/vllm/model_executor/model_loader/reload/torchao_decorator.py:50 patched_model_load_weights
   /usr/local/lib/python3.12/dist-packages/vllm/model_executor/models/utils.py:444 load_weights
   /usr/local/lib/python3.12/dist-packages/vllm/model_executor/models/utils.py:382 _load_module
   /usr/local/lib/python3.12/dist-packages/vllm/model_executor/models/utils.py:359 _load_module
   /usr/local/lib/python3.12/dist-packages/vllm/models/deepseek_v4_1/nvidia/model.py:715 load_weights
   /usr/local/lib/python3.12/dist-packages/vllm/model_executor/models/utils.py:261 <genexpr>
   /usr/local/lib/python3.12/dist-packages/vllm/model_executor/models/utils.py:251 <genexpr>
   /usr/local/lib/python3.12/dist-packages/vllm/model_executor/models/utils.py:451 _filter_skipped
   /usr/local/lib/python3.12/dist-packages/vllm/model_executor/models/utils.py:141 apply
   /usr/local/lib/python3.12/dist-packages/vllm/model_executor/models/utils.py:102 _map_name_with_shard
=== 17:33:32 anon 3.0 file 4.4 shmem 4.7 GiB
   /usr/local/lib/python3.12/dist-packages/vllm/model_executor/model_loader/default_loader.py:427 load_weights
   /usr/local/lib/python3.12/dist-packages/vllm/models/deepseek_v4_1/nvidia/vl_model.py:360 load_weights
   /usr/local/lib/python3.12/dist-packages/vllm/model_executor/model_loader/reload/torchao_decorator.py:50 patched_model_load_weights
   /usr/local/lib/python3.12/dist-packages/vllm/model_executor/models/utils.py:444 load_weights
   /usr/local/lib/python3.12/dist-packages/vllm/model_executor/models/utils.py:382 _load_module
   /usr/local/lib/python3.12/dist-packages/vllm/model_executor/models/utils.py:359 _load_module
   /usr/local/lib/python3.12/dist-packages/vllm/models/deepseek_v4_1/nvidia/model.py:1102 load_weights
   /usr/local/lib/python3.12/dist-packages/vllm/model_executor/model_loader/reload/torchao_decorator.py:50 patched_model_load_weights
   /usr/local/lib/python3.12/dist-packages/vllm/model_executor/models/utils.py:444 load_weights
   /usr/local/lib/python3.12/dist-packages/vllm/model_executor/models/utils.py:382 _load_module
   /usr/local/lib/python3.12/dist-packages/vllm/model_executor/models/utils.py:359 _load_module
   /usr/local/lib/python3.12/dist-packages/vllm/models/deepseek_v4_1/nvidia/model.py:769 load_weights
   /usr/local/lib/python3.12/dist-packages/cuda_exl3/moe.py:83 _exl3_moe_weight_loader
   /usr/local/lib/python3.12/dist-packages/cuda_exl3/moe.py:347 _place
=== 17:33:37 anon 3.4 file 6.1 shmem 4.7 GiB
   /usr/local/lib/python3.12/dist-packages/vllm/model_executor/model_loader/default_loader.py:427 load_weights
   /usr/local/lib/python3.12/dist-packages/vllm/models/deepseek_v4_1/nvidia/vl_model.py:360 load_weights
   /usr/local/lib/python3.12/dist-packages/vllm/model_executor/model_loader/reload/torchao_decorator.py:50 patched_model_load_weights
   /usr/local/lib/python3.12/dist-packages/vllm/model_executor/models/utils.py:444 load_weights
   /usr/local/lib/python3.12/dist-packages/vllm/model_executor/models/utils.py:382 _load_module
   /usr/local/lib/python3.12/dist-packages/vllm/model_executor/models/utils.py:359 _load_module
   /usr/local/lib/python3.12/dist-packages/vllm/models/deepseek_v4_1/nvidia/model.py:1102 load_weights
   /usr/local/lib/python3.12/dist-packages/vllm/model_executor/model_loader/reload/torchao_decorator.py:50 patched_model_load_weights
   /usr/local/lib/python3.12/dist-packages/vllm/model_executor/models/utils.py:444 load_weights
   /usr/local/lib/python3.12/dist-packages/vllm/model_executor/models/utils.py:382 _load_module
   /usr/local/lib/python3.12/dist-packages/vllm/model_executor/models/utils.py:359 _load_module
   /usr/local/lib/python3.12/dist-packages/vllm/models/deepseek_v4_1/nvidia/model.py:769 load_weights
   /usr/local/lib/python3.12/dist-packages/cuda_exl3/moe.py:83 _exl3_moe_weight_loader
   /usr/local/lib/python3.12/dist-packages/cuda_exl3/moe.py:366 _place
=== 17:33:43 anon 2.9 file 3.5 shmem 4.7 GiB
   /usr/local/lib/python3.12/dist-packages/vllm/model_executor/model_loader/default_loader.py:427 load_weights
   /usr/local/lib/python3.12/dist-packages/vllm/models/deepseek_v4_1/nvidia/vl_model.py:360 load_weights
   /usr/local/lib/python3.12/dist-packages/vllm/model_executor/model_loader/reload/torchao_decorator.py:50 patched_model_load_weights
   /usr/local/lib/python3.12/dist-packages/vllm/model_executor/models/utils.py:444 load_weights
   /usr/local/lib/python3.12/dist-packages/vllm/model_executor/models/utils.py:382 _load_module
   /usr/local/lib/python3.12/dist-packages/vllm/model_executor/models/utils.py:359 _load_module
   /usr/local/lib/python3.12/dist-packages/vllm/models/deepseek_v4_1/nvidia/model.py:1102 load_weights
   /usr/local/lib/python3.12/dist-packages/vllm/model_executor/model_loader/reload/torchao_decorator.py:50 patched_model_load_weights
   /usr/local/lib/python3.12/dist-packages/vllm/model_executor/models/utils.py:444 load_weights
   /usr/local/lib/python3.12/dist-packages/vllm/model_executor/models/utils.py:382 _load_module
   /usr/local/lib/python3.12/dist-packages/vllm/model_executor/models/utils.py:359 _load_module
   /usr/local/lib/python3.12/dist-packages/vllm/models/deepseek_v4_1/nvidia/model.py:769 load_weights
   /usr/local/lib/python3.12/dist-packages/cuda_exl3/moe.py:83 _exl3_moe_weight_loader
   /usr/local/lib/python3.12/dist-packages/cuda_exl3/moe.py:347 _place
=== 17:33:48 anon 3.2 file 5.2 shmem 4.7 GiB
   /usr/local/lib/python3.12/dist-packages/vllm/model_executor/model_loader/default_loader.py:427 load_weights
   /usr/local/lib/python3.12/dist-packages/vllm/models/deepseek_v4_1/nvidia/vl_model.py:360 load_weights
   /usr/local/lib/python3.12/dist-packages/vllm/model_executor/model_loader/reload/torchao_decorator.py:50 patched_model_load_weights
   /usr/local/lib/python3.12/dist-packages/vllm/model_executor/models/utils.py:444 load_weights
   /usr/local/lib/python3.12/dist-packages/vllm/model_executor/models/utils.py:382 _load_module
   /usr/local/lib/python3.12/dist-packages/vllm/model_executor/models/utils.py:359 _load_module
   /usr/local/lib/python3.12/dist-packages/vllm/models/deepseek_v4_1/nvidia/model.py:1102 load_weights
   /usr/local/lib/python3.12/dist-packages/vllm/model_executor/model_loader/reload/torchao_decorator.py:50 patched_model_load_weights
   /usr/local/lib/python3.12/dist-packages/vllm/model_executor/models/utils.py:444 load_weights
   /usr/local/lib/python3.12/dist-packages/vllm/model_executor/models/utils.py:382 _load_module
   /usr/local/lib/python3.12/dist-packages/vllm/model_executor/models/utils.py:359 _load_module
   /usr/local/lib/python3.12/dist-packages/vllm/models/deepseek_v4_1/nvidia/model.py:769 load_weights
   /usr/local/lib/python3.12/dist-packages/cuda_exl3/moe.py:83 _exl3_moe_weight_loader
   /usr/local/lib/python3.12/dist-packages/cuda_exl3/moe.py:347 _place
=== 17:33:53 anon 2.7 file 2.6 shmem 4.7 GiB
   /usr/local/lib/python3.12/dist-packages/vllm/model_executor/model_loader/default_loader.py:427 load_weights
   /usr/local/lib/python3.12/dist-packages/vllm/models/deepseek_v4_1/nvidia/vl_model.py:360 load_weights
   /usr/local/lib/python3.12/dist-packages/vllm/model_executor/model_loader/reload/torchao_decorator.py:50 patched_model_load_weights
   /usr/local/lib/python3.12/dist-packages/vllm/model_executor/models/utils.py:444 load_weights
   /usr/local/lib/python3.12/dist-packages/vllm/model_executor/models/utils.py:382 _load_module
   /usr/local/lib/python3.12/dist-packages/vllm/model_executor/models/utils.py:359 _load_module
   /usr/local/lib/python3.12/dist-packages/vllm/models/deepseek_v4_1/nvidia/model.py:1102 load_weights
   /usr/local/lib/python3.12/dist-packages/vllm/model_executor/model_loader/reload/torchao_decorator.py:50 patched_model_load_weights
   /usr/local/lib/python3.12/dist-packages/vllm/model_executor/models/utils.py:444 load_weights
   /usr/local/lib/python3.12/dist-packages/vllm/model_executor/models/utils.py:382 _load_module
   /usr/local/lib/python3.12/dist-packages/vllm/model_executor/models/utils.py:359 _load_module
   /usr/local/lib/python3.12/dist-packages/vllm/models/deepseek_v4_1/nvidia/model.py:769 load_weights
   /usr/local/lib/python3.12/dist-packages/cuda_exl3/moe.py:83 _exl3_moe_weight_loader
   /usr/local/lib/python3.12/dist-packages/cuda_exl3/moe.py:347 _place
=== 17:33:58 anon 3.0 file 4.3 shmem 4.7 GiB
   /usr/local/lib/python3.12/dist-packages/vllm/model_executor/model_loader/default_loader.py:427 load_weights
   /usr/local/lib/python3.12/dist-packages/vllm/models/deepseek_v4_1/nvidia/vl_model.py:360 load_weights
   /usr/local/lib/python3.12/dist-packages/vllm/model_executor/model_loader/reload/torchao_decorator.py:50 patched_model_load_weights
   /usr/local/lib/python3.12/dist-packages/vllm/model_executor/models/utils.py:444 load_weights
   /usr/local/lib/python3.12/dist-packages/vllm/model_executor/models/utils.py:382 _load_module
   /usr/local/lib/python3.12/dist-packages/vllm/model_executor/models/utils.py:359 _load_module
   /usr/local/lib/python3.12/dist-packages/vllm/models/deepseek_v4_1/nvidia/model.py:1102 load_weights
   /usr/local/lib/python3.12/dist-packages/vllm/model_executor/model_loader/reload/torchao_decorator.py:50 patched_model_load_weights
   /usr/local/lib/python3.12/dist-packages/vllm/model_executor/models/utils.py:444 load_weights
   /usr/local/lib/python3.12/dist-packages/vllm/model_executor/models/utils.py:382 _load_module
   /usr/local/lib/python3.12/dist-packages/vllm/model_executor/models/utils.py:359 _load_module
   /usr/local/lib/python3.12/dist-packages/vllm/models/deepseek_v4_1/nvidia/model.py:769 load_weights
   /usr/local/lib/python3.12/dist-packages/cuda_exl3/moe.py:83 _exl3_moe_weight_loader
   /usr/local/lib/python3.12/dist-packages/cuda_exl3/moe.py:366 _place
=== 17:34:03 anon 3.4 file 6.0 shmem 4.7 GiB
   /usr/local/lib/python3.12/dist-packages/vllm/model_executor/model_loader/default_loader.py:427 load_weights
   /usr/local/lib/python3.12/dist-packages/vllm/models/deepseek_v4_1/nvidia/vl_model.py:360 load_weights
   /usr/local/lib/python3.12/dist-packages/vllm/model_executor/model_loader/reload/torchao_decorator.py:50 patched_model_load_weights
   /usr/local/lib/python3.12/dist-packages/vllm/model_executor/models/utils.py:444 load_weights
   /usr/local/lib/python3.12/dist-packages/vllm/model_executor/models/utils.py:382 _load_module
   /usr/local/lib/python3.12/dist-packages/vllm/model_executor/models/utils.py:359 _load_module
   /usr/local/lib/python3.12/dist-packages/vllm/models/deepseek_v4_1/nvidia/model.py:1102 load_weights
   /usr/local/lib/python3.12/dist-packages/vllm/model_executor/model_loader/reload/torchao_decorator.py:50 patched_model_load_weights
   /usr/local/lib/python3.12/dist-packages/vllm/model_executor/models/utils.py:444 load_weights
   /usr/local/lib/python3.12/dist-packages/vllm/model_executor/models/utils.py:382 _load_module
   /usr/local/lib/python3.12/dist-packages/vllm/model_executor/models/utils.py:359 _load_module
   /usr/local/lib/python3.12/dist-packages/vllm/models/deepseek_v4_1/nvidia/model.py:769 load_weights
   /usr/local/lib/python3.12/dist-packages/cuda_exl3/moe.py:83 _exl3_moe_weight_loader
   /usr/local/lib/python3.12/dist-packages/cuda_exl3/moe.py:347 _place
=== 17:34:08 anon 2.8 file 3.4 shmem 4.7 GiB
   /usr/local/lib/python3.12/dist-packages/vllm/model_executor/model_loader/default_loader.py:427 load_weights
   /usr/local/lib/python3.12/dist-packages/vllm/models/deepseek_v4_1/nvidia/vl_model.py:360 load_weights
   /usr/local/lib/python3.12/dist-packages/vllm/model_executor/model_loader/reload/torchao_decorator.py:50 patched_model_load_weights
   /usr/local/lib/python3.12/dist-packages/vllm/model_executor/models/utils.py:444 load_weights
   /usr/local/lib/python3.12/dist-packages/vllm/model_executor/models/utils.py:382 _load_module
   /usr/local/lib/python3.12/dist-packages/vllm/model_executor/models/utils.py:359 _load_module
   /usr/local/lib/python3.12/dist-packages/vllm/models/deepseek_v4_1/nvidia/model.py:1102 load_weights
   /usr/local/lib/python3.12/dist-packages/vllm/model_executor/model_loader/reload/torchao_decorator.py:50 patched_model_load_weights
   /usr/local/lib/python3.12/dist-packages/vllm/model_executor/models/utils.py:444 load_weights
   /usr/local/lib/python3.12/dist-packages/vllm/model_executor/models/utils.py:382 _load_module
   /usr/local/lib/python3.12/dist-packages/vllm/model_executor/models/utils.py:359 _load_module
   /usr/local/lib/python3.12/dist-packages/vllm/models/deepseek_v4_1/nvidia/model.py:769 load_weights
   /usr/local/lib/python3.12/dist-packages/cuda_exl3/moe.py:83 _exl3_moe_weight_loader
   /usr/local/lib/python3.12/dist-packages/cuda_exl3/moe.py:366 _place
=== 17:34:13 anon 3.2 file 5.2 shmem 4.7 GiB
   /usr/local/lib/python3.12/dist-packages/vllm/model_executor/model_loader/default_loader.py:427 load_weights
   /usr/local/lib/python3.12/dist-packages/vllm/models/deepseek_v4_1/nvidia/vl_model.py:360 load_weights
   /usr/local/lib/python3.12/dist-packages/vllm/model_executor/model_loader/reload/torchao_decorator.py:50 patched_model_load_weights
   /usr/local/lib/python3.12/dist-packages/vllm/model_executor/models/utils.py:444 load_weights
   /usr/local/lib/python3.12/dist-packages/vllm/model_executor/models/utils.py:382 _load_module
   /usr/local/lib/python3.12/dist-packages/vllm/model_executor/models/utils.py:359 _load_module
   /usr/local/lib/python3.12/dist-packages/vllm/models/deepseek_v4_1/nvidia/model.py:1102 load_weights
   /usr/local/lib/python3.12/dist-packages/vllm/model_executor/model_loader/reload/torchao_decorator.py:50 patched_model_load_weights
   /usr/local/lib/python3.12/dist-packages/vllm/model_executor/models/utils.py:444 load_weights
   /usr/local/lib/python3.12/dist-packages/vllm/model_executor/models/utils.py:382 _load_module
   /usr/local/lib/python3.12/dist-packages/vllm/model_executor/models/utils.py:359 _load_module
   /usr/local/lib/python3.12/dist-packages/vllm/models/deepseek_v4_1/nvidia/model.py:769 load_weights
   /usr/local/lib/python3.12/dist-packages/cuda_exl3/moe.py:83 _exl3_moe_weight_loader
   /usr/local/lib/python3.12/dist-packages/cuda_exl3/moe.py:347 _place
=== 17:34:18 anon 2.7 file 2.7 shmem 4.7 GiB
   /usr/local/lib/python3.12/dist-packages/vllm/model_executor/model_loader/default_loader.py:427 load_weights
   /usr/local/lib/python3.12/dist-packages/vllm/models/deepseek_v4_1/nvidia/vl_model.py:360 load_weights
   /usr/local/lib/python3.12/dist-packages/vllm/model_executor/model_loader/reload/torchao_decorator.py:50 patched_model_load_weights
   /usr/local/lib/python3.12/dist-packages/vllm/model_executor/models/utils.py:444 load_weights
   /usr/local/lib/python3.12/dist-packages/vllm/model_executor/models/utils.py:382 _load_module
   /usr/local/lib/python3.12/dist-packages/vllm/model_executor/models/utils.py:359 _load_module
   /usr/local/lib/python3.12/dist-packages/vllm/models/deepseek_v4_1/nvidia/model.py:1102 load_weights
   /usr/local/lib/python3.12/dist-packages/vllm/model_executor/model_loader/reload/torchao_decorator.py:50 patched_model_load_weights
   /usr/local/lib/python3.12/dist-packages/vllm/model_executor/models/utils.py:444 load_weights
   /usr/local/lib/python3.12/dist-packages/vllm/model_executor/models/utils.py:382 _load_module
   /usr/local/lib/python3.12/dist-packages/vllm/model_executor/models/utils.py:359 _load_module
   /usr/local/lib/python3.12/dist-packages/vllm/models/deepseek_v4_1/nvidia/model.py:769 load_weights
   /usr/local/lib/python3.12/dist-packages/cuda_exl3/moe.py:83 _exl3_moe_weight_loader
   /usr/local/lib/python3.12/dist-packages/cuda_exl3/moe.py:347 _place
=== 17:34:23 anon 3.0 file 4.4 shmem 4.7 GiB
   /usr/local/lib/python3.12/dist-packages/vllm/model_executor/model_loader/default_loader.py:427 load_weights
   /usr/local/lib/python3.12/dist-packages/vllm/models/deepseek_v4_1/nvidia/vl_model.py:360 load_weights
   /usr/local/lib/python3.12/dist-packages/vllm/model_executor/model_loader/reload/torchao_decorator.py:50 patched_model_load_weights
   /usr/local/lib/python3.12/dist-packages/vllm/model_executor/models/utils.py:444 load_weights
   /usr/local/lib/python3.12/dist-packages/vllm/model_executor/models/utils.py:382 _load_module
   /usr/local/lib/python3.12/dist-packages/vllm/model_executor/models/utils.py:359 _load_module
   /usr/local/lib/python3.12/dist-packages/vllm/models/deepseek_v4_1/nvidia/model.py:1102 load_weights
   /usr/local/lib/python3.12/dist-packages/vllm/model_executor/model_loader/reload/torchao_decorator.py:50 patched_model_load_weights
   /usr/local/lib/python3.12/dist-packages/vllm/model_executor/models/utils.py:444 load_weights
   /usr/local/lib/python3.12/dist-packages/vllm/model_executor/models/utils.py:382 _load_module
   /usr/local/lib/python3.12/dist-packages/vllm/model_executor/models/utils.py:359 _load_module
   /usr/local/lib/python3.12/dist-packages/vllm/models/deepseek_v4_1/nvidia/model.py:769 load_weights
   /usr/local/lib/python3.12/dist-packages/cuda_exl3/moe.py:83 _exl3_moe_weight_loader
   /usr/local/lib/python3.12/dist-packages/cuda_exl3/moe.py:347 _place
=== 17:34:28 anon 3.4 file 6.2 shmem 4.7 GiB
   /usr/local/lib/python3.12/dist-packages/vllm/model_executor/model_loader/default_loader.py:427 load_weights
   /usr/local/lib/python3.12/dist-packages/vllm/models/deepseek_v4_1/nvidia/vl_model.py:360 load_weights
   /usr/local/lib/python3.12/dist-packages/vllm/model_executor/model_loader/reload/torchao_decorator.py:50 patched_model_load_weights
   /usr/local/lib/python3.12/dist-packages/vllm/model_executor/models/utils.py:444 load_weights
   /usr/local/lib/python3.12/dist-packages/vllm/model_executor/models/utils.py:382 _load_module
   /usr/local/lib/python3.12/dist-packages/vllm/model_executor/models/utils.py:359 _load_module
   /usr/local/lib/python3.12/dist-packages/vllm/models/deepseek_v4_1/nvidia/model.py:1102 load_weights
   /usr/local/lib/python3.12/dist-packages/vllm/model_executor/model_loader/reload/torchao_decorator.py:50 patched_model_load_weights
   /usr/local/lib/python3.12/dist-packages/vllm/model_executor/models/utils.py:444 load_weights
   /usr/local/lib/python3.12/dist-packages/vllm/model_executor/models/utils.py:382 _load_module
   /usr/local/lib/python3.12/dist-packages/vllm/model_executor/models/utils.py:359 _load_module
   /usr/local/lib/python3.12/dist-packages/vllm/models/deepseek_v4_1/nvidia/model.py:769 load_weights
   /usr/local/lib/python3.12/dist-packages/cuda_exl3/moe.py:83 _exl3_moe_weight_loader
   /usr/local/lib/python3.12/dist-packages/cuda_exl3/moe.py:366 _place
=== 17:34:33 anon 2.9 file 3.7 shmem 4.7 GiB
   /usr/local/lib/python3.12/dist-packages/vllm/model_executor/model_loader/default_loader.py:427 load_weights
   /usr/local/lib/python3.12/dist-packages/vllm/models/deepseek_v4_1/nvidia/vl_model.py:360 load_weights
   /usr/local/lib/python3.12/dist-packages/vllm/model_executor/model_loader/reload/torchao_decorator.py:50 patched_model_load_weights
   /usr/local/lib/python3.12/dist-packages/vllm/model_executor/models/utils.py:444 load_weights
   /usr/local/lib/python3.12/dist-packages/vllm/model_executor/models/utils.py:382 _load_module
   /usr/local/lib/python3.12/dist-packages/vllm/model_executor/models/utils.py:359 _load_module
   /usr/local/lib/python3.12/dist-packages/vllm/models/deepseek_v4_1/nvidia/model.py:1102 load_weights
   /usr/local/lib/python3.12/dist-packages/vllm/model_executor/model_loader/reload/torchao_decorator.py:50 patched_model_load_weights
   /usr/local/lib/python3.12/dist-packages/vllm/model_executor/models/utils.py:444 load_weights
   /usr/local/lib/python3.12/dist-packages/vllm/model_executor/models/utils.py:382 _load_module
   /usr/local/lib/python3.12/dist-packages/vllm/model_executor/models/utils.py:359 _load_module
   /usr/local/lib/python3.12/dist-packages/vllm/models/deepseek_v4_1/nvidia/model.py:715 load_weights
   /usr/local/lib/python3.12/dist-packages/cuda_exl3/moe.py:84 _exl3_moe_weight_loader
   /usr/local/lib/python3.12/dist-packages/cuda_exl3/moe.py:379 _place
=== 17:34:38 anon 3.3 file 5.5 shmem 4.7 GiB
   /usr/local/lib/python3.12/dist-packages/vllm/model_executor/model_loader/weight_utils.py:974 safetensors_weights_iterator
=== 17:34:44 anon 2.7 file 3.0 shmem 4.7 GiB
   /usr/local/lib/python3.12/dist-packages/vllm/model_executor/model_loader/default_loader.py:427 load_weights
   /usr/local/lib/python3.12/dist-packages/vllm/models/deepseek_v4_1/nvidia/vl_model.py:360 load_weights
   /usr/local/lib/python3.12/dist-packages/vllm/model_executor/model_loader/reload/torchao_decorator.py:50 patched_model_load_weights
   /usr/local/lib/python3.12/dist-packages/vllm/model_executor/models/utils.py:444 load_weights
   /usr/local/lib/python3.12/dist-packages/vllm/model_executor/models/utils.py:382 _load_module
   /usr/local/lib/python3.12/dist-packages/vllm/model_executor/models/utils.py:359 _load_module
   /usr/local/lib/python3.12/dist-packages/vllm/models/deepseek_v4_1/nvidia/model.py:1102 load_weights
   /usr/local/lib/python3.12/dist-packages/vllm/model_executor/model_loader/reload/torchao_decorator.py:50 patched_model_load_weights
   /usr/local/lib/python3.12/dist-packages/vllm/model_executor/models/utils.py:444 load_weights
   /usr/local/lib/python3.12/dist-packages/vllm/model_executor/models/utils.py:382 _load_module
   /usr/local/lib/python3.12/dist-packages/vllm/model_executor/models/utils.py:359 _load_module
   /usr/local/lib/python3.12/dist-packages/vllm/models/deepseek_v4_1/nvidia/model.py:769 load_weights
   /usr/local/lib/python3.12/dist-packages/cuda_exl3/moe.py:83 _exl3_moe_weight_loader
   /usr/local/lib/python3.12/dist-packages/cuda_exl3/moe.py:347 _place
=== 17:34:49 anon 3.1 file 4.8 shmem 4.7 GiB
   /usr/local/lib/python3.12/dist-packages/vllm/model_executor/model_loader/default_loader.py:427 load_weights
   /usr/local/lib/python3.12/dist-packages/vllm/models/deepseek_v4_1/nvidia/vl_model.py:360 load_weights
   /usr/local/lib/python3.12/dist-packages/vllm/model_executor/model_loader/reload/torchao_decorator.py:50 patched_model_load_weights
   /usr/local/lib/python3.12/dist-packages/vllm/model_executor/models/utils.py:444 load_weights
   /usr/local/lib/python3.12/dist-packages/vllm/model_executor/models/utils.py:382 _load_module
   /usr/local/lib/python3.12/dist-packages/vllm/model_executor/models/utils.py:359 _load_module
   /usr/local/lib/python3.12/dist-packages/vllm/models/deepseek_v4_1/nvidia/model.py:1102 load_weights
   /usr/local/lib/python3.12/dist-packages/vllm/model_executor/model_loader/reload/torchao_decorator.py:50 patched_model_load_weights
   /usr/local/lib/python3.12/dist-packages/vllm/model_executor/models/utils.py:444 load_weights
   /usr/local/lib/python3.12/dist-packages/vllm/model_executor/models/utils.py:382 _load_module
   /usr/local/lib/python3.12/dist-packages/vllm/model_executor/models/utils.py:359 _load_module
   /usr/local/lib/python3.12/dist-packages/vllm/models/deepseek_v4_1/nvidia/model.py:769 load_weights
   /usr/local/lib/python3.12/dist-packages/cuda_exl3/moe.py:83 _exl3_moe_weight_loader
   /usr/local/lib/python3.12/dist-packages/cuda_exl3/moe.py:366 _place
=== 17:34:54 anon 3.5 file 6.6 shmem 4.7 GiB
   /usr/local/lib/python3.12/dist-packages/vllm/model_executor/model_loader/default_loader.py:427 load_weights
   /usr/local/lib/python3.12/dist-packages/vllm/models/deepseek_v4_1/nvidia/vl_model.py:360 load_weights
   /usr/local/lib/python3.12/dist-packages/vllm/model_executor/model_loader/reload/torchao_decorator.py:50 patched_model_load_weights
   /usr/local/lib/python3.12/dist-packages/vllm/model_executor/models/utils.py:444 load_weights
   /usr/local/lib/python3.12/dist-packages/vllm/model_executor/models/utils.py:382 _load_module
   /usr/local/lib/python3.12/dist-packages/vllm/model_executor/models/utils.py:359 _load_module
   /usr/local/lib/python3.12/dist-packages/vllm/models/deepseek_v4_1/nvidia/model.py:1102 load_weights
   /usr/local/lib/python3.12/dist-packages/vllm/model_executor/model_loader/reload/torchao_decorator.py:50 patched_model_load_weights
   /usr/local/lib/python3.12/dist-packages/vllm/model_executor/models/utils.py:444 load_weights
   /usr/local/lib/python3.12/dist-packages/vllm/model_executor/models/utils.py:382 _load_module
   /usr/local/lib/python3.12/dist-packages/vllm/model_executor/models/utils.py:359 _load_module
   /usr/local/lib/python3.12/dist-packages/vllm/models/deepseek_v4_1/nvidia/model.py:769 load_weights
   /usr/local/lib/python3.12/dist-packages/cuda_exl3/moe.py:83 _exl3_moe_weight_loader
   /usr/local/lib/python3.12/dist-packages/cuda_exl3/moe.py:347 _place
=== 17:34:59 anon 3.0 file 4.0 shmem 4.7 GiB
   /usr/local/lib/python3.12/dist-packages/vllm/model_executor/model_loader/default_loader.py:427 load_weights
   /usr/local/lib/python3.12/dist-packages/vllm/models/deepseek_v4_1/nvidia/vl_model.py:360 load_weights
   /usr/local/lib/python3.12/dist-packages/vllm/model_executor/model_loader/reload/torchao_decorator.py:50 patched_model_load_weights
   /usr/local/lib/python3.12/dist-packages/vllm/model_executor/models/utils.py:444 load_weights
   /usr/local/lib/python3.12/dist-packages/vllm/model_executor/models/utils.py:382 _load_module
   /usr/local/lib/python3.12/dist-packages/vllm/model_executor/models/utils.py:359 _load_module
   /usr/local/lib/python3.12/dist-packages/vllm/models/deepseek_v4_1/nvidia/model.py:1102 load_weights
   /usr/local/lib/python3.12/dist-packages/vllm/model_executor/model_loader/reload/torchao_decorator.py:50 patched_model_load_weights
   /usr/local/lib/python3.12/dist-packages/vllm/model_executor/models/utils.py:444 load_weights
   /usr/local/lib/python3.12/dist-packages/vllm/model_executor/models/utils.py:382 _load_module
   /usr/local/lib/python3.12/dist-packages/vllm/model_executor/models/utils.py:359 _load_module
   /usr/local/lib/python3.12/dist-packages/vllm/models/deepseek_v4_1/nvidia/model.py:769 load_weights
   /usr/local/lib/python3.12/dist-packages/cuda_exl3/moe.py:83 _exl3_moe_weight_loader
   /usr/local/lib/python3.12/dist-packages/cuda_exl3/moe.py:347 _place
=== 17:35:04 anon 3.3 file 5.8 shmem 4.7 GiB
   /usr/local/lib/python3.12/dist-packages/vllm/model_executor/model_loader/default_loader.py:427 load_weights
   /usr/local/lib/python3.12/dist-packages/vllm/models/deepseek_v4_1/nvidia/vl_model.py:360 load_weights
   /usr/local/lib/python3.12/dist-packages/vllm/model_executor/model_loader/reload/torchao_decorator.py:50 patched_model_load_weights
   /usr/local/lib/python3.12/dist-packages/vllm/model_executor/models/utils.py:444 load_weights
   /usr/local/lib/python3.12/dist-packages/vllm/model_executor/models/utils.py:382 _load_module
   /usr/local/lib/python3.12/dist-packages/vllm/model_executor/models/utils.py:359 _load_module
   /usr/local/lib/python3.12/dist-packages/vllm/models/deepseek_v4_1/nvidia/model.py:1102 load_weights
   /usr/local/lib/python3.12/dist-packages/vllm/model_executor/model_loader/reload/torchao_decorator.py:50 patched_model_load_weights
   /usr/local/lib/python3.12/dist-packages/vllm/model_executor/models/utils.py:444 load_weights
   /usr/local/lib/python3.12/dist-packages/vllm/model_executor/models/utils.py:382 _load_module
   /usr/local/lib/python3.12/dist-packages/vllm/model_executor/models/utils.py:359 _load_module
   /usr/local/lib/python3.12/dist-packages/vllm/models/deepseek_v4_1/nvidia/model.py:769 load_weights
   /usr/local/lib/python3.12/dist-packages/cuda_exl3/moe.py:83 _exl3_moe_weight_loader
   /usr/local/lib/python3.12/dist-packages/cuda_exl3/moe.py:347 _place
=== 17:35:09 anon 2.8 file 3.3 shmem 4.7 GiB
   /usr/local/lib/python3.12/dist-packages/vllm/model_executor/model_loader/default_loader.py:427 load_weights
   /usr/local/lib/python3.12/dist-packages/vllm/models/deepseek_v4_1/nvidia/vl_model.py:360 load_weights
   /usr/local/lib/python3.12/dist-packages/vllm/model_executor/model_loader/reload/torchao_decorator.py:50 patched_model_load_weights
   /usr/local/lib/python3.12/dist-packages/vllm/model_executor/models/utils.py:444 load_weights
   /usr/local/lib/python3.12/dist-packages/vllm/model_executor/models/utils.py:382 _load_module
   /usr/local/lib/python3.12/dist-packages/vllm/model_executor/models/utils.py:359 _load_module
   /usr/local/lib/python3.12/dist-packages/vllm/models/deepseek_v4_1/nvidia/model.py:1102 load_weights
   /usr/local/lib/python3.12/dist-packages/vllm/model_executor/model_loader/reload/torchao_decorator.py:50 patched_model_load_weights
   /usr/local/lib/python3.12/dist-packages/vllm/model_executor/models/utils.py:444 load_weights
   /usr/local/lib/python3.12/dist-packages/vllm/model_executor/models/utils.py:382 _load_module
   /usr/local/lib/python3.12/dist-packages/vllm/model_executor/models/utils.py:359 _load_module
   /usr/local/lib/python3.12/dist-packages/vllm/models/deepseek_v4_1/nvidia/model.py:769 load_weights
   /usr/local/lib/python3.12/dist-packages/cuda_exl3/moe.py:83 _exl3_moe_weight_loader
   /usr/local/lib/python3.12/dist-packages/cuda_exl3/moe.py:366 _place
=== 17:35:14 anon 3.2 file 5.1 shmem 4.7 GiB
   /usr/local/lib/python3.12/dist-packages/vllm/model_executor/model_loader/default_loader.py:427 load_weights
   /usr/local/lib/python3.12/dist-packages/vllm/models/deepseek_v4_1/nvidia/vl_model.py:360 load_weights
   /usr/local/lib/python3.12/dist-packages/vllm/model_executor/model_loader/reload/torchao_decorator.py:50 patched_model_load_weights
   /usr/local/lib/python3.12/dist-packages/vllm/model_executor/models/utils.py:444 load_weights
   /usr/local/lib/python3.12/dist-packages/vllm/model_executor/models/utils.py:382 _load_module
   /usr/local/lib/python3.12/dist-packages/vllm/model_executor/models/utils.py:359 _load_module
   /usr/local/lib/python3.12/dist-packages/vllm/models/deepseek_v4_1/nvidia/model.py:1102 load_weights
   /usr/local/lib/python3.12/dist-packages/vllm/model_executor/model_loader/reload/torchao_decorator.py:50 patched_model_load_weights
   /usr/local/lib/python3.12/dist-packages/vllm/model_executor/models/utils.py:444 load_weights
   /usr/local/lib/python3.12/dist-packages/vllm/model_executor/models/utils.py:382 _load_module
   /usr/local/lib/python3.12/dist-packages/vllm/model_executor/models/utils.py:359 _load_module
   /usr/local/lib/python3.12/dist-packages/vllm/models/deepseek_v4_1/nvidia/model.py:769 load_weights
   /usr/local/lib/python3.12/dist-packages/cuda_exl3/moe.py:83 _exl3_moe_weight_loader
   /usr/local/lib/python3.12/dist-packages/cuda_exl3/moe.py:347 _place
=== 17:35:19 anon 2.7 file 2.4 shmem 4.7 GiB
   /usr/local/lib/python3.12/dist-packages/vllm/model_executor/model_loader/default_loader.py:427 load_weights
   /usr/local/lib/python3.12/dist-packages/vllm/models/deepseek_v4_1/nvidia/vl_model.py:360 load_weights
   /usr/local/lib/python3.12/dist-packages/vllm/model_executor/model_loader/reload/torchao_decorator.py:50 patched_model_load_weights
   /usr/local/lib/python3.12/dist-packages/vllm/model_executor/models/utils.py:444 load_weights
   /usr/local/lib/python3.12/dist-packages/vllm/model_executor/models/utils.py:382 _load_module
   /usr/local/lib/python3.12/dist-packages/vllm/model_executor/models/utils.py:359 _load_module
   /usr/local/lib/python3.12/dist-packages/vllm/models/deepseek_v4_1/nvidia/model.py:1102 load_weights
   /usr/local/lib/python3.12/dist-packages/vllm/model_executor/model_loader/reload/torchao_decorator.py:50 patched_model_load_weights
   /usr/local/lib/python3.12/dist-packages/vllm/model_executor/models/utils.py:444 load_weights
   /usr/local/lib/python3.12/dist-packages/vllm/model_executor/models/utils.py:382 _load_module
   /usr/local/lib/python3.12/dist-packages/vllm/model_executor/models/utils.py:359 _load_module
   /usr/local/lib/python3.12/dist-packages/vllm/models/deepseek_v4_1/nvidia/model.py:769 load_weights
   /usr/local/lib/python3.12/dist-packages/cuda_exl3/moe.py:83 _exl3_moe_weight_loader
   /usr/local/lib/python3.12/dist-packages/cuda_exl3/moe.py:378 _place
=== 17:35:24 anon 3.0 file 3.9 shmem 4.7 GiB
   /usr/local/lib/python3.12/dist-packages/vllm/tracing/otel.py:178 sync_wrapper
   /usr/local/lib/python3.12/dist-packages/vllm/model_executor/model_loader/default_loader.py:427 load_weights
   /usr/local/lib/python3.12/dist-packages/vllm/models/deepseek_v4_1/nvidia/vl_model.py:360 load_weights
   /usr/local/lib/python3.12/dist-packages/vllm/model_executor/model_loader/reload/torchao_decorator.py:50 patched_model_load_weights
   /usr/local/lib/python3.12/dist-packages/vllm/model_executor/models/utils.py:444 load_weights
   /usr/local/lib/python3.12/dist-packages/vllm/model_executor/models/utils.py:382 _load_module
   /usr/local/lib/python3.12/dist-packages/vllm/model_executor/models/utils.py:359 _load_module
   /usr/local/lib/python3.12/dist-packages/vllm/models/deepseek_v4_1/nvidia/model.py:1102 load_weights
   /usr/local/lib/python3.12/dist-packages/vllm/model_executor/model_loader/reload/torchao_decorator.py:50 patched_model_load_weights
   /usr/local/lib/python3.12/dist-packages/vllm/model_executor/models/utils.py:444 load_weights
   /usr/local/lib/python3.12/dist-packages/vllm/model_executor/models/utils.py:382 _load_module
   /usr/local/lib/python3.12/dist-packages/vllm/model_executor/models/utils.py:359 _load_module
   /usr/local/lib/python3.12/dist-packages/vllm/models/deepseek_v4_1/nvidia/model.py:804 load_weights
   /usr/local/lib/python3.12/dist-packages/vllm/model_executor/model_loader/weight_utils.py:1247 default_weight_loader
=== 17:35:29 anon 3.4 file 5.7 shmem 4.7 GiB
   /usr/local/lib/python3.12/dist-packages/vllm/model_executor/model_loader/default_loader.py:427 load_weights
   /usr/local/lib/python3.12/dist-packages/vllm/models/deepseek_v4_1/nvidia/vl_model.py:360 load_weights
   /usr/local/lib/python3.12/dist-packages/vllm/model_executor/model_loader/reload/torchao_decorator.py:50 patched_model_load_weights
   /usr/local/lib/python3.12/dist-packages/vllm/model_executor/models/utils.py:444 load_weights
   /usr/local/lib/python3.12/dist-packages/vllm/model_executor/models/utils.py:382 _load_module
   /usr/local/lib/python3.12/dist-packages/vllm/model_executor/models/utils.py:359 _load_module
   /usr/local/lib/python3.12/dist-packages/vllm/models/deepseek_v4_1/nvidia/model.py:1102 load_weights
   /usr/local/lib/python3.12/dist-packages/vllm/model_executor/model_loader/reload/torchao_decorator.py:50 patched_model_load_weights
   /usr/local/lib/python3.12/dist-packages/vllm/model_executor/models/utils.py:444 load_weights
   /usr/local/lib/python3.12/dist-packages/vllm/model_executor/models/utils.py:382 _load_module
   /usr/local/lib/python3.12/dist-packages/vllm/model_executor/models/utils.py:359 _load_module
   /usr/local/lib/python3.12/dist-packages/vllm/models/deepseek_v4_1/nvidia/model.py:769 load_weights
   /usr/local/lib/python3.12/dist-packages/cuda_exl3/moe.py:83 _exl3_moe_weight_loader
   /usr/local/lib/python3.12/dist-packages/cuda_exl3/moe.py:347 _place
=== 17:35:35 anon 3.0 file 4.3 shmem 4.7 GiB
   /usr/local/lib/python3.12/dist-packages/vllm/model_executor/model_loader/default_loader.py:427 load_weights
   /usr/local/lib/python3.12/dist-packages/vllm/models/deepseek_v4_1/nvidia/vl_model.py:360 load_weights
   /usr/local/lib/python3.12/dist-packages/vllm/model_executor/model_loader/reload/torchao_decorator.py:50 patched_model_load_weights
   /usr/local/lib/python3.12/dist-packages/vllm/model_executor/models/utils.py:444 load_weights
   /usr/local/lib/python3.12/dist-packages/vllm/model_executor/models/utils.py:382 _load_module
   /usr/local/lib/python3.12/dist-packages/vllm/model_executor/models/utils.py:359 _load_module
   /usr/local/lib/python3.12/dist-packages/vllm/models/deepseek_v4_1/nvidia/model.py:1102 load_weights
   /usr/local/lib/python3.12/dist-packages/vllm/model_executor/model_loader/reload/torchao_decorator.py:50 patched_model_load_weights
   /usr/local/lib/python3.12/dist-packages/vllm/model_executor/models/utils.py:444 load_weights
   /usr/local/lib/python3.12/dist-packages/vllm/model_executor/models/utils.py:382 _load_module
   /usr/local/lib/python3.12/dist-packages/vllm/model_executor/models/utils.py:359 _load_module
   /usr/local/lib/python3.12/dist-packages/vllm/models/deepseek_v4_1/nvidia/model.py:769 load_weights
   /usr/local/lib/python3.12/dist-packages/cuda_exl3/moe.py:83 _exl3_moe_weight_loader
   /usr/local/lib/python3.12/dist-packages/cuda_exl3/moe.py:347 _place
=== 17:35:40 anon 3.4 file 6.1 shmem 4.7 GiB
   /usr/local/lib/python3.12/dist-packages/vllm/model_executor/model_loader/default_loader.py:427 load_weights
   /usr/local/lib/python3.12/dist-packages/vllm/models/deepseek_v4_1/nvidia/vl_model.py:360 load_weights
   /usr/local/lib/python3.12/dist-packages/vllm/model_executor/model_loader/reload/torchao_decorator.py:50 patched_model_load_weights
   /usr/local/lib/python3.12/dist-packages/vllm/model_executor/models/utils.py:444 load_weights
   /usr/local/lib/python3.12/dist-packages/vllm/model_executor/models/utils.py:382 _load_module
   /usr/local/lib/python3.12/dist-packages/vllm/model_executor/models/utils.py:359 _load_module
   /usr/local/lib/python3.12/dist-packages/vllm/models/deepseek_v4_1/nvidia/model.py:1102 load_weights
   /usr/local/lib/python3.12/dist-packages/vllm/model_executor/model_loader/reload/torchao_decorator.py:50 patched_model_load_weights
   /usr/local/lib/python3.12/dist-packages/vllm/model_executor/models/utils.py:444 load_weights
   /usr/local/lib/python3.12/dist-packages/vllm/model_executor/models/utils.py:382 _load_module
   /usr/local/lib/python3.12/dist-packages/vllm/model_executor/models/utils.py:359 _load_module
   /usr/local/lib/python3.12/dist-packages/vllm/models/deepseek_v4_1/nvidia/model.py:769 load_weights
   /usr/local/lib/python3.12/dist-packages/cuda_exl3/moe.py:83 _exl3_moe_weight_loader
   /usr/local/lib/python3.12/dist-packages/cuda_exl3/moe.py:347 _place
=== 17:35:45 anon 2.9 file 3.5 shmem 4.7 GiB
   /usr/local/lib/python3.12/dist-packages/vllm/model_executor/model_loader/default_loader.py:427 load_weights
   /usr/local/lib/python3.12/dist-packages/vllm/models/deepseek_v4_1/nvidia/vl_model.py:360 load_weights
   /usr/local/lib/python3.12/dist-packages/vllm/model_executor/model_loader/reload/torchao_decorator.py:50 patched_model_load_weights
   /usr/local/lib/python3.12/dist-packages/vllm/model_executor/models/utils.py:444 load_weights
   /usr/local/lib/python3.12/dist-packages/vllm/model_executor/models/utils.py:382 _load_module
   /usr/local/lib/python3.12/dist-packages/vllm/model_executor/models/utils.py:359 _load_module
   /usr/local/lib/python3.12/dist-packages/vllm/models/deepseek_v4_1/nvidia/model.py:1102 load_weights
   /usr/local/lib/python3.12/dist-packages/vllm/model_executor/model_loader/reload/torchao_decorator.py:50 patched_model_load_weights
   /usr/local/lib/python3.12/dist-packages/vllm/model_executor/models/utils.py:444 load_weights
   /usr/local/lib/python3.12/dist-packages/vllm/model_executor/models/utils.py:382 _load_module
   /usr/local/lib/python3.12/dist-packages/vllm/model_executor/models/utils.py:359 _load_module
   /usr/local/lib/python3.12/dist-packages/vllm/models/deepseek_v4_1/nvidia/model.py:769 load_weights
   /usr/local/lib/python3.12/dist-packages/cuda_exl3/moe.py:83 _exl3_moe_weight_loader
   /usr/local/lib/python3.12/dist-packages/cuda_exl3/moe.py:366 _place
=== 17:35:50 anon 3.2 file 5.4 shmem 4.7 GiB
   /usr/local/lib/python3.12/dist-packages/vllm/model_executor/model_loader/default_loader.py:427 load_weights
   /usr/local/lib/python3.12/dist-packages/vllm/models/deepseek_v4_1/nvidia/vl_model.py:360 load_weights
   /usr/local/lib/python3.12/dist-packages/vllm/model_executor/model_loader/reload/torchao_decorator.py:50 patched_model_load_weights
   /usr/local/lib/python3.12/dist-packages/vllm/model_executor/models/utils.py:444 load_weights
   /usr/local/lib/python3.12/dist-packages/vllm/model_executor/models/utils.py:382 _load_module
   /usr/local/lib/python3.12/dist-packages/vllm/model_executor/models/utils.py:359 _load_module
   /usr/local/lib/python3.12/dist-packages/vllm/models/deepseek_v4_1/nvidia/model.py:1102 load_weights
   /usr/local/lib/python3.12/dist-packages/vllm/model_executor/model_loader/reload/torchao_decorator.py:50 patched_model_load_weights
   /usr/local/lib/python3.12/dist-packages/vllm/model_executor/models/utils.py:444 load_weights
   /usr/local/lib/python3.12/dist-packages/vllm/model_executor/models/utils.py:382 _load_module
   /usr/local/lib/python3.12/dist-packages/vllm/model_executor/models/utils.py:359 _load_module
   /usr/local/lib/python3.12/dist-packages/vllm/models/deepseek_v4_1/nvidia/model.py:769 load_weights
   /usr/local/lib/python3.12/dist-packages/cuda_exl3/moe.py:83 _exl3_moe_weight_loader
   /usr/local/lib/python3.12/dist-packages/cuda_exl3/moe.py:347 _place
=== 17:35:55 anon 2.7 file 2.9 shmem 4.7 GiB
   /usr/local/lib/python3.12/dist-packages/vllm/model_executor/models/utils.py:444 load_weights
   /usr/local/lib/python3.12/dist-packages/vllm/model_executor/models/utils.py:382 _load_module
   /usr/local/lib/python3.12/dist-packages/vllm/model_executor/models/utils.py:359 _load_module
   /usr/local/lib/python3.12/dist-packages/vllm/models/deepseek_v4_1/nvidia/model.py:1102 load_weights
   /usr/local/lib/python3.12/dist-packages/vllm/model_executor/model_loader/reload/torchao_decorator.py:50 patched_model_load_weights
   /usr/local/lib/python3.12/dist-packages/vllm/model_executor/models/utils.py:444 load_weights
   /usr/local/lib/python3.12/dist-packages/vllm/model_executor/models/utils.py:382 _load_module
   /usr/local/lib/python3.12/dist-packages/vllm/model_executor/models/utils.py:359 _load_module
   /usr/local/lib/python3.12/dist-packages/vllm/models/deepseek_v4_1/nvidia/model.py:715 load_weights
   /usr/local/lib/python3.12/dist-packages/vllm/model_executor/models/utils.py:261 <genexpr>
   /usr/local/lib/python3.12/dist-packages/vllm/model_executor/models/utils.py:251 <genexpr>
   /usr/local/lib/python3.12/dist-packages/vllm/model_executor/models/utils.py:451 _filter_skipped
   /usr/local/lib/python3.12/dist-packages/vllm/model_executor/models/utils.py:141 apply
   /usr/local/lib/python3.12/dist-packages/vllm/model_executor/models/utils.py:102 _map_name_with_shard
=== 17:36:00 anon 3.1 file 4.7 shmem 4.7 GiB
   /usr/local/lib/python3.12/dist-packages/vllm/model_executor/model_loader/default_loader.py:427 load_weights
   /usr/local/lib/python3.12/dist-packages/vllm/models/deepseek_v4_1/nvidia/vl_model.py:360 load_weights
   /usr/local/lib/python3.12/dist-packages/vllm/model_executor/model_loader/reload/torchao_decorator.py:50 patched_model_load_weights
   /usr/local/lib/python3.12/dist-packages/vllm/model_executor/models/utils.py:444 load_weights
   /usr/local/lib/python3.12/dist-packages/vllm/model_executor/models/utils.py:382 _load_module
   /usr/local/lib/python3.12/dist-packages/vllm/model_executor/models/utils.py:359 _load_module
   /usr/local/lib/python3.12/dist-packages/vllm/models/deepseek_v4_1/nvidia/model.py:1102 load_weights
   /usr/local/lib/python3.12/dist-packages/vllm/model_executor/model_loader/reload/torchao_decorator.py:50 patched_model_load_weights
   /usr/local/lib/python3.12/dist-packages/vllm/model_executor/models/utils.py:444 load_weights
   /usr/local/lib/python3.12/dist-packages/vllm/model_executor/models/utils.py:382 _load_module
   /usr/local/lib/python3.12/dist-packages/vllm/model_executor/models/utils.py:359 _load_module
   /usr/local/lib/python3.12/dist-packages/vllm/models/deepseek_v4_1/nvidia/model.py:769 load_weights
   /usr/local/lib/python3.12/dist-packages/cuda_exl3/moe.py:83 _exl3_moe_weight_loader
   /usr/local/lib/python3.12/dist-packages/cuda_exl3/moe.py:347 _place
=== 17:36:05 anon 3.5 file 6.3 shmem 4.7 GiB
   /usr/local/lib/python3.12/dist-packages/vllm/model_executor/model_loader/default_loader.py:427 load_weights
   /usr/local/lib/python3.12/dist-packages/vllm/models/deepseek_v4_1/nvidia/vl_model.py:360 load_weights
   /usr/local/lib/python3.12/dist-packages/vllm/model_executor/model_loader/reload/torchao_decorator.py:50 patched_model_load_weights
   /usr/local/lib/python3.12/dist-packages/vllm/model_executor/models/utils.py:444 load_weights
   /usr/local/lib/python3.12/dist-packages/vllm/model_executor/models/utils.py:382 _load_module
   /usr/local/lib/python3.12/dist-packages/vllm/model_executor/models/utils.py:359 _load_module
   /usr/local/lib/python3.12/dist-packages/vllm/models/deepseek_v4_1/nvidia/model.py:1102 load_weights
   /usr/local/lib/python3.12/dist-packages/vllm/model_executor/model_loader/reload/torchao_decorator.py:50 patched_model_load_weights
   /usr/local/lib/python3.12/dist-packages/vllm/model_executor/models/utils.py:444 load_weights
   /usr/local/lib/python3.12/dist-packages/vllm/model_executor/models/utils.py:382 _load_module
   /usr/local/lib/python3.12/dist-packages/vllm/model_executor/models/utils.py:359 _load_module
   /usr/local/lib/python3.12/dist-packages/vllm/models/deepseek_v4_1/nvidia/model.py:769 load_weights
   /usr/local/lib/python3.12/dist-packages/cuda_exl3/moe.py:83 _exl3_moe_weight_loader
   /usr/local/lib/python3.12/dist-packages/cuda_exl3/moe.py:347 _place
=== 17:36:10 anon 2.9 file 3.6 shmem 4.7 GiB
   /usr/local/lib/python3.12/dist-packages/vllm/model_executor/model_loader/default_loader.py:427 load_weights
   /usr/local/lib/python3.12/dist-packages/vllm/models/deepseek_v4_1/nvidia/vl_model.py:360 load_weights
   /usr/local/lib/python3.12/dist-packages/vllm/model_executor/model_loader/reload/torchao_decorator.py:50 patched_model_load_weights
   /usr/local/lib/python3.12/dist-packages/vllm/model_executor/models/utils.py:444 load_weights
   /usr/local/lib/python3.12/dist-packages/vllm/model_executor/models/utils.py:382 _load_module
   /usr/local/lib/python3.12/dist-packages/vllm/model_executor/models/utils.py:359 _load_module
   /usr/local/lib/python3.12/dist-packages/vllm/models/deepseek_v4_1/nvidia/model.py:1102 load_weights
   /usr/local/lib/python3.12/dist-packages/vllm/model_executor/model_loader/reload/torchao_decorator.py:50 patched_model_load_weights
   /usr/local/lib/python3.12/dist-packages/vllm/model_executor/models/utils.py:444 load_weights
   /usr/local/lib/python3.12/dist-packages/vllm/model_executor/models/utils.py:382 _load_module
   /usr/local/lib/python3.12/dist-packages/vllm/model_executor/models/utils.py:359 _load_module
   /usr/local/lib/python3.12/dist-packages/vllm/models/deepseek_v4_1/nvidia/model.py:769 load_weights
   /usr/local/lib/python3.12/dist-packages/cuda_exl3/moe.py:83 _exl3_moe_weight_loader
   /usr/local/lib/python3.12/dist-packages/cuda_exl3/moe.py:366 _place
=== 17:36:15 anon 3.3 file 5.0 shmem 4.7 GiB
   /usr/local/lib/python3.12/dist-packages/vllm/model_executor/model_loader/default_loader.py:427 load_weights
   /usr/local/lib/python3.12/dist-packages/vllm/models/deepseek_v4_1/nvidia/vl_model.py:360 load_weights
   /usr/local/lib/python3.12/dist-packages/vllm/model_executor/model_loader/reload/torchao_decorator.py:50 patched_model_load_weights
   /usr/local/lib/python3.12/dist-packages/vllm/model_executor/models/utils.py:444 load_weights
   /usr/local/lib/python3.12/dist-packages/vllm/model_executor/models/utils.py:382 _load_module
   /usr/local/lib/python3.12/dist-packages/vllm/model_executor/models/utils.py:359 _load_module
   /usr/local/lib/python3.12/dist-packages/vllm/models/deepseek_v4_1/nvidia/model.py:1102 load_weights
   /usr/local/lib/python3.12/dist-packages/vllm/model_executor/model_loader/reload/torchao_decorator.py:50 patched_model_load_weights
   /usr/local/lib/python3.12/dist-packages/vllm/model_executor/models/utils.py:444 load_weights
   /usr/local/lib/python3.12/dist-packages/vllm/model_executor/models/utils.py:382 _load_module
   /usr/local/lib/python3.12/dist-packages/vllm/model_executor/models/utils.py:359 _load_module
   /usr/local/lib/python3.12/dist-packages/vllm/models/deepseek_v4_1/nvidia/model.py:769 load_weights
   /usr/local/lib/python3.12/dist-packages/cuda_exl3/moe.py:83 _exl3_moe_weight_loader
   /usr/local/lib/python3.12/dist-packages/cuda_exl3/moe.py:347 _place
=== 17:36:20 anon 3.0 file 3.2 shmem 4.7 GiB
   /usr/local/lib/python3.12/dist-packages/vllm/model_executor/model_loader/default_loader.py:427 load_weights
   /usr/local/lib/python3.12/dist-packages/vllm/models/deepseek_v4_1/nvidia/vl_model.py:360 load_weights
   /usr/local/lib/python3.12/dist-packages/vllm/model_executor/model_loader/reload/torchao_decorator.py:50 patched_model_load_weights
   /usr/local/lib/python3.12/dist-packages/vllm/model_executor/models/utils.py:444 load_weights
   /usr/local/lib/python3.12/dist-packages/vllm/model_executor/models/utils.py:382 _load_module
   /usr/local/lib/python3.12/dist-packages/vllm/model_executor/models/utils.py:359 _load_module
   /usr/local/lib/python3.12/dist-packages/vllm/models/deepseek_v4_1/nvidia/model.py:1102 load_weights
   /usr/local/lib/python3.12/dist-packages/vllm/model_executor/model_loader/reload/torchao_decorator.py:50 patched_model_load_weights
   /usr/local/lib/python3.12/dist-packages/vllm/model_executor/models/utils.py:444 load_weights
   /usr/local/lib/python3.12/dist-packages/vllm/model_executor/models/utils.py:382 _load_module
   /usr/local/lib/python3.12/dist-packages/vllm/model_executor/models/utils.py:359 _load_module
   /usr/local/lib/python3.12/dist-packages/vllm/models/deepseek_v4_1/nvidia/model.py:769 load_weights
   /usr/local/lib/python3.12/dist-packages/cuda_exl3/moe.py:83 _exl3_moe_weight_loader
   /usr/local/lib/python3.12/dist-packages/cuda_exl3/moe.py:347 _place
=== 17:36:25 anon 3.3 file 4.8 shmem 4.7 GiB
   /usr/local/lib/python3.12/dist-packages/vllm/model_executor/model_loader/default_loader.py:427 load_weights
   /usr/local/lib/python3.12/dist-packages/vllm/models/deepseek_v4_1/nvidia/vl_model.py:360 load_weights
   /usr/local/lib/python3.12/dist-packages/vllm/model_executor/model_loader/reload/torchao_decorator.py:50 patched_model_load_weights
   /usr/local/lib/python3.12/dist-packages/vllm/model_executor/models/utils.py:444 load_weights
   /usr/local/lib/python3.12/dist-packages/vllm/model_executor/models/utils.py:382 _load_module
   /usr/local/lib/python3.12/dist-packages/vllm/model_executor/models/utils.py:359 _load_module
   /usr/local/lib/python3.12/dist-packages/vllm/models/deepseek_v4_1/nvidia/model.py:1102 load_weights
   /usr/local/lib/python3.12/dist-packages/vllm/model_executor/model_loader/reload/torchao_decorator.py:50 patched_model_load_weights
   /usr/local/lib/python3.12/dist-packages/vllm/model_executor/models/utils.py:444 load_weights
   /usr/local/lib/python3.12/dist-packages/vllm/model_executor/models/utils.py:382 _load_module
   /usr/local/lib/python3.12/dist-packages/vllm/model_executor/models/utils.py:359 _load_module
   /usr/local/lib/python3.12/dist-packages/vllm/models/deepseek_v4_1/nvidia/model.py:769 load_weights
   /usr/local/lib/python3.12/dist-packages/cuda_exl3/moe.py:83 _exl3_moe_weight_loader
   /usr/local/lib/python3.12/dist-packages/cuda_exl3/moe.py:366 _place
=== 17:36:31 anon 2.8 file 3.3 shmem 4.7 GiB
   /usr/local/lib/python3.12/dist-packages/vllm/model_executor/model_loader/default_loader.py:427 load_weights
   /usr/local/lib/python3.12/dist-packages/vllm/models/deepseek_v4_1/nvidia/vl_model.py:360 load_weights
   /usr/local/lib/python3.12/dist-packages/vllm/model_executor/model_loader/reload/torchao_decorator.py:50 patched_model_load_weights
   /usr/local/lib/python3.12/dist-packages/vllm/model_executor/models/utils.py:444 load_weights
   /usr/local/lib/python3.12/dist-packages/vllm/model_executor/models/utils.py:382 _load_module
   /usr/local/lib/python3.12/dist-packages/vllm/model_executor/models/utils.py:359 _load_module
   /usr/local/lib/python3.12/dist-packages/vllm/models/deepseek_v4_1/nvidia/model.py:1102 load_weights
   /usr/local/lib/python3.12/dist-packages/vllm/model_executor/model_loader/reload/torchao_decorator.py:50 patched_model_load_weights
   /usr/local/lib/python3.12/dist-packages/vllm/model_executor/models/utils.py:444 load_weights
   /usr/local/lib/python3.12/dist-packages/vllm/model_executor/models/utils.py:382 _load_module
   /usr/local/lib/python3.12/dist-packages/vllm/model_executor/models/utils.py:359 _load_module
   /usr/local/lib/python3.12/dist-packages/vllm/models/deepseek_v4_1/nvidia/model.py:769 load_weights
   /usr/local/lib/python3.12/dist-packages/cuda_exl3/moe.py:83 _exl3_moe_weight_loader
   /usr/local/lib/python3.12/dist-packages/cuda_exl3/moe.py:347 _place
=== 17:36:36 anon 3.2 file 5.1 shmem 4.7 GiB
   /usr/local/lib/python3.12/dist-packages/vllm/model_executor/model_loader/default_loader.py:427 load_weights
   /usr/local/lib/python3.12/dist-packages/vllm/models/deepseek_v4_1/nvidia/vl_model.py:360 load_weights
   /usr/local/lib/python3.12/dist-packages/vllm/model_executor/model_loader/reload/torchao_decorator.py:50 patched_model_load_weights
   /usr/local/lib/python3.12/dist-packages/vllm/model_executor/models/utils.py:444 load_weights
   /usr/local/lib/python3.12/dist-packages/vllm/model_executor/models/utils.py:382 _load_module
   /usr/local/lib/python3.12/dist-packages/vllm/model_executor/models/utils.py:359 _load_module
   /usr/local/lib/python3.12/dist-packages/vllm/models/deepseek_v4_1/nvidia/model.py:1102 load_weights
   /usr/local/lib/python3.12/dist-packages/vllm/model_executor/model_loader/reload/torchao_decorator.py:50 patched_model_load_weights
   /usr/local/lib/python3.12/dist-packages/vllm/model_executor/models/utils.py:444 load_weights
   /usr/local/lib/python3.12/dist-packages/vllm/model_executor/models/utils.py:382 _load_module
   /usr/local/lib/python3.12/dist-packages/vllm/model_executor/models/utils.py:359 _load_module
   /usr/local/lib/python3.12/dist-packages/vllm/models/deepseek_v4_1/nvidia/model.py:769 load_weights
   /usr/local/lib/python3.12/dist-packages/cuda_exl3/moe.py:83 _exl3_moe_weight_loader
   /usr/local/lib/python3.12/dist-packages/cuda_exl3/moe.py:366 _place
=== 17:36:41 anon 2.7 file 2.2 shmem 4.7 GiB
   /usr/local/lib/python3.12/dist-packages/vllm/model_executor/model_loader/default_loader.py:427 load_weights
   /usr/local/lib/python3.12/dist-packages/vllm/models/deepseek_v4_1/nvidia/vl_model.py:360 load_weights
   /usr/local/lib/python3.12/dist-packages/vllm/model_executor/model_loader/reload/torchao_decorator.py:50 patched_model_load_weights
   /usr/local/lib/python3.12/dist-packages/vllm/model_executor/models/utils.py:444 load_weights
   /usr/local/lib/python3.12/dist-packages/vllm/model_executor/models/utils.py:382 _load_module
   /usr/local/lib/python3.12/dist-packages/vllm/model_executor/models/utils.py:359 _load_module
   /usr/local/lib/python3.12/dist-packages/vllm/models/deepseek_v4_1/nvidia/model.py:1102 load_weights
   /usr/local/lib/python3.12/dist-packages/vllm/model_executor/model_loader/reload/torchao_decorator.py:50 patched_model_load_weights
   /usr/local/lib/python3.12/dist-packages/vllm/model_executor/models/utils.py:444 load_weights
   /usr/local/lib/python3.12/dist-packages/vllm/model_executor/models/utils.py:382 _load_module
   /usr/local/lib/python3.12/dist-packages/vllm/model_executor/models/utils.py:359 _load_module
   /usr/local/lib/python3.12/dist-packages/vllm/models/deepseek_v4_1/nvidia/model.py:769 load_weights
   /usr/local/lib/python3.12/dist-packages/cuda_exl3/moe.py:83 _exl3_moe_weight_loader
   /usr/local/lib/python3.12/dist-packages/cuda_exl3/moe.py:366 _place
=== 17:36:46 anon 3.1 file 3.6 shmem 4.7 GiB
   /usr/local/lib/python3.12/dist-packages/vllm/model_executor/model_loader/default_loader.py:427 load_weights
   /usr/local/lib/python3.12/dist-packages/vllm/models/deepseek_v4_1/nvidia/vl_model.py:360 load_weights
   /usr/local/lib/python3.12/dist-packages/vllm/model_executor/model_loader/reload/torchao_decorator.py:50 patched_model_load_weights
   /usr/local/lib/python3.12/dist-packages/vllm/model_executor/models/utils.py:444 load_weights
   /usr/local/lib/python3.12/dist-packages/vllm/model_executor/models/utils.py:382 _load_module
   /usr/local/lib/python3.12/dist-packages/vllm/model_executor/models/utils.py:359 _load_module
   /usr/local/lib/python3.12/dist-packages/vllm/models/deepseek_v4_1/nvidia/model.py:1102 load_weights
   /usr/local/lib/python3.12/dist-packages/vllm/model_executor/model_loader/reload/torchao_decorator.py:50 patched_model_load_weights
   /usr/local/lib/python3.12/dist-packages/vllm/model_executor/models/utils.py:444 load_weights
   /usr/local/lib/python3.12/dist-packages/vllm/model_executor/models/utils.py:382 _load_module
   /usr/local/lib/python3.12/dist-packages/vllm/model_executor/models/utils.py:359 _load_module
   /usr/local/lib/python3.12/dist-packages/vllm/models/deepseek_v4_1/nvidia/model.py:769 load_weights
   /usr/local/lib/python3.12/dist-packages/cuda_exl3/moe.py:83 _exl3_moe_weight_loader
   /usr/local/lib/python3.12/dist-packages/cuda_exl3/moe.py:347 _place
=== 17:36:51 anon 3.4 file 5.1 shmem 4.7 GiB
   /usr/local/lib/python3.12/dist-packages/vllm/model_executor/model_loader/default_loader.py:427 load_weights
   /usr/local/lib/python3.12/dist-packages/vllm/models/deepseek_v4_1/nvidia/vl_model.py:360 load_weights
   /usr/local/lib/python3.12/dist-packages/vllm/model_executor/model_loader/reload/torchao_decorator.py:50 patched_model_load_weights
   /usr/local/lib/python3.12/dist-packages/vllm/model_executor/models/utils.py:444 load_weights
   /usr/local/lib/python3.12/dist-packages/vllm/model_executor/models/utils.py:382 _load_module
   /usr/local/lib/python3.12/dist-packages/vllm/model_executor/models/utils.py:359 _load_module
   /usr/local/lib/python3.12/dist-packages/vllm/models/deepseek_v4_1/nvidia/model.py:1102 load_weights
   /usr/local/lib/python3.12/dist-packages/vllm/model_executor/model_loader/reload/torchao_decorator.py:50 patched_model_load_weights
   /usr/local/lib/python3.12/dist-packages/vllm/model_executor/models/utils.py:444 load_weights
   /usr/local/lib/python3.12/dist-packages/vllm/model_executor/models/utils.py:382 _load_module
   /usr/local/lib/python3.12/dist-packages/vllm/model_executor/models/utils.py:359 _load_module
   /usr/local/lib/python3.12/dist-packages/vllm/models/deepseek_v4_1/nvidia/model.py:769 load_weights
   /usr/local/lib/python3.12/dist-packages/cuda_exl3/moe.py:83 _exl3_moe_weight_loader
   /usr/local/lib/python3.12/dist-packages/cuda_exl3/moe.py:347 _place
=== 17:36:56 anon 2.9 file 3.4 shmem 4.7 GiB
   /usr/local/lib/python3.12/dist-packages/vllm/model_executor/model_loader/default_loader.py:427 load_weights
   /usr/local/lib/python3.12/dist-packages/vllm/models/deepseek_v4_1/nvidia/vl_model.py:360 load_weights
   /usr/local/lib/python3.12/dist-packages/vllm/model_executor/model_loader/reload/torchao_decorator.py:50 patched_model_load_weights
   /usr/local/lib/python3.12/dist-packages/vllm/model_executor/models/utils.py:444 load_weights
   /usr/local/lib/python3.12/dist-packages/vllm/model_executor/models/utils.py:382 _load_module
   /usr/local/lib/python3.12/dist-packages/vllm/model_executor/models/utils.py:359 _load_module
   /usr/local/lib/python3.12/dist-packages/vllm/models/deepseek_v4_1/nvidia/model.py:1102 load_weights
   /usr/local/lib/python3.12/dist-packages/vllm/model_executor/model_loader/reload/torchao_decorator.py:50 patched_model_load_weights
   /usr/local/lib/python3.12/dist-packages/vllm/model_executor/models/utils.py:444 load_weights
   /usr/local/lib/python3.12/dist-packages/vllm/model_executor/models/utils.py:382 _load_module
   /usr/local/lib/python3.12/dist-packages/vllm/model_executor/models/utils.py:359 _load_module
   /usr/local/lib/python3.12/dist-packages/vllm/models/deepseek_v4_1/nvidia/model.py:769 load_weights
   /usr/local/lib/python3.12/dist-packages/cuda_exl3/moe.py:83 _exl3_moe_weight_loader
   /usr/local/lib/python3.12/dist-packages/cuda_exl3/moe.py:347 _place
=== 17:37:01 anon 3.3 file 4.9 shmem 4.7 GiB
   /usr/local/lib/python3.12/dist-packages/vllm/model_executor/model_loader/default_loader.py:427 load_weights
   /usr/local/lib/python3.12/dist-packages/vllm/models/deepseek_v4_1/nvidia/vl_model.py:360 load_weights
   /usr/local/lib/python3.12/dist-packages/vllm/model_executor/model_loader/reload/torchao_decorator.py:50 patched_model_load_weights
   /usr/local/lib/python3.12/dist-packages/vllm/model_executor/models/utils.py:444 load_weights
   /usr/local/lib/python3.12/dist-packages/vllm/model_executor/models/utils.py:382 _load_module
   /usr/local/lib/python3.12/dist-packages/vllm/model_executor/models/utils.py:359 _load_module
   /usr/local/lib/python3.12/dist-packages/vllm/models/deepseek_v4_1/nvidia/model.py:1102 load_weights
   /usr/local/lib/python3.12/dist-packages/vllm/model_executor/model_loader/reload/torchao_decorator.py:50 patched_model_load_weights
   /usr/local/lib/python3.12/dist-packages/vllm/model_executor/models/utils.py:444 load_weights
   /usr/local/lib/python3.12/dist-packages/vllm/model_executor/models/utils.py:382 _load_module
   /usr/local/lib/python3.12/dist-packages/vllm/model_executor/models/utils.py:359 _load_module
   /usr/local/lib/python3.12/dist-packages/vllm/models/deepseek_v4_1/nvidia/model.py:769 load_weights
   /usr/local/lib/python3.12/dist-packages/cuda_exl3/moe.py:83 _exl3_moe_weight_loader
   /usr/local/lib/python3.12/dist-packages/cuda_exl3/moe.py:347 _place
=== 17:37:06 anon 2.9 file 3.1 shmem 4.7 GiB
   /usr/local/lib/python3.12/dist-packages/vllm/model_executor/model_loader/default_loader.py:427 load_weights
   /usr/local/lib/python3.12/dist-packages/vllm/models/deepseek_v4_1/nvidia/vl_model.py:360 load_weights
   /usr/local/lib/python3.12/dist-packages/vllm/model_executor/model_loader/reload/torchao_decorator.py:50 patched_model_load_weights
   /usr/local/lib/python3.12/dist-packages/vllm/model_executor/models/utils.py:444 load_weights
   /usr/local/lib/python3.12/dist-packages/vllm/model_executor/models/utils.py:382 _load_module
   /usr/local/lib/python3.12/dist-packages/vllm/model_executor/models/utils.py:359 _load_module
   /usr/local/lib/python3.12/dist-packages/vllm/models/deepseek_v4_1/nvidia/model.py:1102 load_weights
   /usr/local/lib/python3.12/dist-packages/vllm/model_executor/model_loader/reload/torchao_decorator.py:50 patched_model_load_weights
   /usr/local/lib/python3.12/dist-packages/vllm/model_executor/models/utils.py:444 load_weights
   /usr/local/lib/python3.12/dist-packages/vllm/model_executor/models/utils.py:382 _load_module
   /usr/local/lib/python3.12/dist-packages/vllm/model_executor/models/utils.py:359 _load_module
   /usr/local/lib/python3.12/dist-packages/vllm/models/deepseek_v4_1/nvidia/model.py:769 load_weights
   /usr/local/lib/python3.12/dist-packages/cuda_exl3/moe.py:83 _exl3_moe_weight_loader
   /usr/local/lib/python3.12/dist-packages/cuda_exl3/moe.py:347 _place
=== 17:37:11 anon 3.3 file 4.6 shmem 4.7 GiB
   /usr/local/lib/python3.12/dist-packages/vllm/model_executor/model_loader/default_loader.py:427 load_weights
   /usr/local/lib/python3.12/dist-packages/vllm/models/deepseek_v4_1/nvidia/vl_model.py:360 load_weights
   /usr/local/lib/python3.12/dist-packages/vllm/model_executor/model_loader/reload/torchao_decorator.py:50 patched_model_load_weights
   /usr/local/lib/python3.12/dist-packages/vllm/model_executor/models/utils.py:444 load_weights
   /usr/local/lib/python3.12/dist-packages/vllm/model_executor/models/utils.py:382 _load_module
   /usr/local/lib/python3.12/dist-packages/vllm/model_executor/models/utils.py:359 _load_module
   /usr/local/lib/python3.12/dist-packages/vllm/models/deepseek_v4_1/nvidia/model.py:1102 load_weights
   /usr/local/lib/python3.12/dist-packages/vllm/model_executor/model_loader/reload/torchao_decorator.py:50 patched_model_load_weights
   /usr/local/lib/python3.12/dist-packages/vllm/model_executor/models/utils.py:444 load_weights
   /usr/local/lib/python3.12/dist-packages/vllm/model_executor/models/utils.py:382 _load_module
   /usr/local/lib/python3.12/dist-packages/vllm/model_executor/models/utils.py:359 _load_module
   /usr/local/lib/python3.12/dist-packages/vllm/models/deepseek_v4_1/nvidia/model.py:769 load_weights
   /usr/local/lib/python3.12/dist-packages/cuda_exl3/moe.py:83 _exl3_moe_weight_loader
   /usr/local/lib/python3.12/dist-packages/cuda_exl3/moe.py:347 _place
=== 17:37:16 anon 2.8 file 2.9 shmem 4.7 GiB
   /usr/local/lib/python3.12/dist-packages/vllm/model_executor/model_loader/default_loader.py:427 load_weights
   /usr/local/lib/python3.12/dist-packages/vllm/models/deepseek_v4_1/nvidia/vl_model.py:360 load_weights
   /usr/local/lib/python3.12/dist-packages/vllm/model_executor/model_loader/reload/torchao_decorator.py:50 patched_model_load_weights
   /usr/local/lib/python3.12/dist-packages/vllm/model_executor/models/utils.py:444 load_weights
   /usr/local/lib/python3.12/dist-packages/vllm/model_executor/models/utils.py:382 _load_module
   /usr/local/lib/python3.12/dist-packages/vllm/model_executor/models/utils.py:359 _load_module
   /usr/local/lib/python3.12/dist-packages/vllm/models/deepseek_v4_1/nvidia/model.py:1102 load_weights
   /usr/local/lib/python3.12/dist-packages/vllm/model_executor/model_loader/reload/torchao_decorator.py:50 patched_model_load_weights
   /usr/local/lib/python3.12/dist-packages/vllm/model_executor/models/utils.py:444 load_weights
   /usr/local/lib/python3.12/dist-packages/vllm/model_executor/models/utils.py:382 _load_module
   /usr/local/lib/python3.12/dist-packages/vllm/model_executor/models/utils.py:359 _load_module
   /usr/local/lib/python3.12/dist-packages/vllm/models/deepseek_v4_1/nvidia/model.py:769 load_weights
   /usr/local/lib/python3.12/dist-packages/cuda_exl3/moe.py:83 _exl3_moe_weight_loader
   /usr/local/lib/python3.12/dist-packages/cuda_exl3/moe.py:347 _place
=== 17:37:21 anon 3.1 file 4.5 shmem 4.7 GiB
   /usr/local/lib/python3.12/dist-packages/vllm/model_executor/model_loader/default_loader.py:427 load_weights
   /usr/local/lib/python3.12/dist-packages/vllm/models/deepseek_v4_1/nvidia/vl_model.py:360 load_weights
   /usr/local/lib/python3.12/dist-packages/vllm/model_executor/model_loader/reload/torchao_decorator.py:50 patched_model_load_weights
   /usr/local/lib/python3.12/dist-packages/vllm/model_executor/models/utils.py:444 load_weights
   /usr/local/lib/python3.12/dist-packages/vllm/model_executor/models/utils.py:382 _load_module
   /usr/local/lib/python3.12/dist-packages/vllm/model_executor/models/utils.py:359 _load_module
   /usr/local/lib/python3.12/dist-packages/vllm/models/deepseek_v4_1/nvidia/model.py:1102 load_weights
   /usr/local/lib/python3.12/dist-packages/vllm/model_executor/model_loader/reload/torchao_decorator.py:50 patched_model_load_weights
   /usr/local/lib/python3.12/dist-packages/vllm/model_executor/models/utils.py:444 load_weights
   /usr/local/lib/python3.12/dist-packages/vllm/model_executor/models/utils.py:382 _load_module
   /usr/local/lib/python3.12/dist-packages/vllm/model_executor/models/utils.py:359 _load_module
   /usr/local/lib/python3.12/dist-packages/vllm/models/deepseek_v4_1/nvidia/model.py:769 load_weights
   /usr/local/lib/python3.12/dist-packages/cuda_exl3/moe.py:83 _exl3_moe_weight_loader
   /usr/local/lib/python3.12/dist-packages/cuda_exl3/moe.py:366 _place
=== 17:37:27 anon 2.8 file 2.9 shmem 4.7 GiB
   /usr/local/lib/python3.12/dist-packages/vllm/model_executor/model_loader/default_loader.py:427 load_weights
   /usr/local/lib/python3.12/dist-packages/vllm/models/deepseek_v4_1/nvidia/vl_model.py:360 load_weights
   /usr/local/lib/python3.12/dist-packages/vllm/model_executor/model_loader/reload/torchao_decorator.py:50 patched_model_load_weights
   /usr/local/lib/python3.12/dist-packages/vllm/model_executor/models/utils.py:444 load_weights
   /usr/local/lib/python3.12/dist-packages/vllm/model_executor/models/utils.py:382 _load_module
   /usr/local/lib/python3.12/dist-packages/vllm/model_executor/models/utils.py:359 _load_module
   /usr/local/lib/python3.12/dist-packages/vllm/models/deepseek_v4_1/nvidia/model.py:1102 load_weights
   /usr/local/lib/python3.12/dist-packages/vllm/model_executor/model_loader/reload/torchao_decorator.py:50 patched_model_load_weights
   /usr/local/lib/python3.12/dist-packages/vllm/model_executor/models/utils.py:444 load_weights
   /usr/local/lib/python3.12/dist-packages/vllm/model_executor/models/utils.py:382 _load_module
   /usr/local/lib/python3.12/dist-packages/vllm/model_executor/models/utils.py:359 _load_module
   /usr/local/lib/python3.12/dist-packages/vllm/models/deepseek_v4_1/nvidia/model.py:769 load_weights
   /usr/local/lib/python3.12/dist-packages/cuda_exl3/moe.py:83 _exl3_moe_weight_loader
   /usr/local/lib/python3.12/dist-packages/cuda_exl3/moe.py:347 _place
=== 17:37:32 anon 3.1 file 4.5 shmem 4.7 GiB
   /usr/local/lib/python3.12/dist-packages/vllm/model_executor/model_loader/default_loader.py:427 load_weights
   /usr/local/lib/python3.12/dist-packages/vllm/models/deepseek_v4_1/nvidia/vl_model.py:360 load_weights
   /usr/local/lib/python3.12/dist-packages/vllm/model_executor/model_loader/reload/torchao_decorator.py:50 patched_model_load_weights
   /usr/local/lib/python3.12/dist-packages/vllm/model_executor/models/utils.py:444 load_weights
   /usr/local/lib/python3.12/dist-packages/vllm/model_executor/models/utils.py:382 _load_module
   /usr/local/lib/python3.12/dist-packages/vllm/model_executor/models/utils.py:359 _load_module
   /usr/local/lib/python3.12/dist-packages/vllm/models/deepseek_v4_1/nvidia/model.py:1102 load_weights
   /usr/local/lib/python3.12/dist-packages/vllm/model_executor/model_loader/reload/torchao_decorator.py:50 patched_model_load_weights
   /usr/local/lib/python3.12/dist-packages/vllm/model_executor/models/utils.py:444 load_weights
   /usr/local/lib/python3.12/dist-packages/vllm/model_executor/models/utils.py:382 _load_module
   /usr/local/lib/python3.12/dist-packages/vllm/model_executor/models/utils.py:359 _load_module
   /usr/local/lib/python3.12/dist-packages/vllm/models/deepseek_v4_1/nvidia/model.py:769 load_weights
   /usr/local/lib/python3.12/dist-packages/cuda_exl3/moe.py:83 _exl3_moe_weight_loader
   /usr/local/lib/python3.12/dist-packages/cuda_exl3/moe.py:347 _place
=== 17:37:37 anon 2.8 file 2.9 shmem 4.7 GiB
   /usr/local/lib/python3.12/dist-packages/vllm/model_executor/model_loader/default_loader.py:427 load_weights
   /usr/local/lib/python3.12/dist-packages/vllm/models/deepseek_v4_1/nvidia/vl_model.py:360 load_weights
   /usr/local/lib/python3.12/dist-packages/vllm/model_executor/model_loader/reload/torchao_decorator.py:50 patched_model_load_weights
   /usr/local/lib/python3.12/dist-packages/vllm/model_executor/models/utils.py:444 load_weights
   /usr/local/lib/python3.12/dist-packages/vllm/model_executor/models/utils.py:382 _load_module
   /usr/local/lib/python3.12/dist-packages/vllm/model_executor/models/utils.py:359 _load_module
   /usr/local/lib/python3.12/dist-packages/vllm/models/deepseek_v4_1/nvidia/model.py:1102 load_weights
   /usr/local/lib/python3.12/dist-packages/vllm/model_executor/model_loader/reload/torchao_decorator.py:50 patched_model_load_weights
   /usr/local/lib/python3.12/dist-packages/vllm/model_executor/models/utils.py:444 load_weights
   /usr/local/lib/python3.12/dist-packages/vllm/model_executor/models/utils.py:382 _load_module
   /usr/local/lib/python3.12/dist-packages/vllm/model_executor/models/utils.py:359 _load_module
   /usr/local/lib/python3.12/dist-packages/vllm/models/deepseek_v4_1/nvidia/model.py:769 load_weights
   /usr/local/lib/python3.12/dist-packages/cuda_exl3/moe.py:83 _exl3_moe_weight_loader
   /usr/local/lib/python3.12/dist-packages/cuda_exl3/moe.py:347 _place
=== 17:37:42 anon 3.1 file 4.5 shmem 4.7 GiB
   /usr/local/lib/python3.12/dist-packages/vllm/model_executor/model_loader/default_loader.py:427 load_weights
   /usr/local/lib/python3.12/dist-packages/vllm/models/deepseek_v4_1/nvidia/vl_model.py:360 load_weights
   /usr/local/lib/python3.12/dist-packages/vllm/model_executor/model_loader/reload/torchao_decorator.py:50 patched_model_load_weights
   /usr/local/lib/python3.12/dist-packages/vllm/model_executor/models/utils.py:444 load_weights
   /usr/local/lib/python3.12/dist-packages/vllm/model_executor/models/utils.py:382 _load_module
   /usr/local/lib/python3.12/dist-packages/vllm/model_executor/models/utils.py:359 _load_module
   /usr/local/lib/python3.12/dist-packages/vllm/models/deepseek_v4_1/nvidia/model.py:1102 load_weights
   /usr/local/lib/python3.12/dist-packages/vllm/model_executor/model_loader/reload/torchao_decorator.py:50 patched_model_load_weights
   /usr/local/lib/python3.12/dist-packages/vllm/model_executor/models/utils.py:444 load_weights
   /usr/local/lib/python3.12/dist-packages/vllm/model_executor/models/utils.py:382 _load_module
   /usr/local/lib/python3.12/dist-packages/vllm/model_executor/models/utils.py:359 _load_module
   /usr/local/lib/python3.12/dist-packages/vllm/models/deepseek_v4_1/nvidia/model.py:769 load_weights
   /usr/local/lib/python3.12/dist-packages/cuda_exl3/moe.py:83 _exl3_moe_weight_loader
   /usr/local/lib/python3.12/dist-packages/cuda_exl3/moe.py:366 _place
=== 17:37:47 anon 2.8 file 2.8 shmem 4.7 GiB
   /usr/local/lib/python3.12/dist-packages/vllm/model_executor/model_loader/default_loader.py:427 load_weights
   /usr/local/lib/python3.12/dist-packages/vllm/models/deepseek_v4_1/nvidia/vl_model.py:360 load_weights
   /usr/local/lib/python3.12/dist-packages/vllm/model_executor/model_loader/reload/torchao_decorator.py:50 patched_model_load_weights
   /usr/local/lib/python3.12/dist-packages/vllm/model_executor/models/utils.py:444 load_weights
   /usr/local/lib/python3.12/dist-packages/vllm/model_executor/models/utils.py:382 _load_module
   /usr/local/lib/python3.12/dist-packages/vllm/model_executor/models/utils.py:359 _load_module
   /usr/local/lib/python3.12/dist-packages/vllm/models/deepseek_v4_1/nvidia/model.py:1102 load_weights
   /usr/local/lib/python3.12/dist-packages/vllm/model_executor/model_loader/reload/torchao_decorator.py:50 patched_model_load_weights
   /usr/local/lib/python3.12/dist-packages/vllm/model_executor/models/utils.py:444 load_weights
   /usr/local/lib/python3.12/dist-packages/vllm/model_executor/models/utils.py:382 _load_module
   /usr/local/lib/python3.12/dist-packages/vllm/model_executor/models/utils.py:359 _load_module
   /usr/local/lib/python3.12/dist-packages/vllm/models/deepseek_v4_1/nvidia/model.py:769 load_weights
   /usr/local/lib/python3.12/dist-packages/cuda_exl3/moe.py:83 _exl3_moe_weight_loader
   /usr/local/lib/python3.12/dist-packages/cuda_exl3/moe.py:347 _place
=== 17:37:52 anon 3.1 file 4.5 shmem 4.7 GiB
   /usr/local/lib/python3.12/dist-packages/vllm/model_executor/model_loader/default_loader.py:427 load_weights
   /usr/local/lib/python3.12/dist-packages/vllm/models/deepseek_v4_1/nvidia/vl_model.py:360 load_weights
   /usr/local/lib/python3.12/dist-packages/vllm/model_executor/model_loader/reload/torchao_decorator.py:50 patched_model_load_weights
   /usr/local/lib/python3.12/dist-packages/vllm/model_executor/models/utils.py:444 load_weights
   /usr/local/lib/python3.12/dist-packages/vllm/model_executor/models/utils.py:382 _load_module
   /usr/local/lib/python3.12/dist-packages/vllm/model_executor/models/utils.py:359 _load_module
   /usr/local/lib/python3.12/dist-packages/vllm/models/deepseek_v4_1/nvidia/model.py:1102 load_weights
   /usr/local/lib/python3.12/dist-packages/vllm/model_executor/model_loader/reload/torchao_decorator.py:50 patched_model_load_weights
   /usr/local/lib/python3.12/dist-packages/vllm/model_executor/models/utils.py:444 load_weights
   /usr/local/lib/python3.12/dist-packages/vllm/model_executor/models/utils.py:382 _load_module
   /usr/local/lib/python3.12/dist-packages/vllm/model_executor/models/utils.py:359 _load_module
   /usr/local/lib/python3.12/dist-packages/vllm/models/deepseek_v4_1/nvidia/model.py:769 load_weights
   /usr/local/lib/python3.12/dist-packages/cuda_exl3/moe.py:83 _exl3_moe_weight_loader
   /usr/local/lib/python3.12/dist-packages/cuda_exl3/moe.py:366 _place
=== 17:37:57 anon 2.7 file 2.8 shmem 4.7 GiB
   /usr/local/lib/python3.12/dist-packages/vllm/model_executor/model_loader/default_loader.py:427 load_weights
   /usr/local/lib/python3.12/dist-packages/vllm/models/deepseek_v4_1/nvidia/vl_model.py:360 load_weights
   /usr/local/lib/python3.12/dist-packages/vllm/model_executor/model_loader/reload/torchao_decorator.py:50 patched_model_load_weights
   /usr/local/lib/python3.12/dist-packages/vllm/model_executor/models/utils.py:444 load_weights
   /usr/local/lib/python3.12/dist-packages/vllm/model_executor/models/utils.py:382 _load_module
   /usr/local/lib/python3.12/dist-packages/vllm/model_executor/models/utils.py:359 _load_module
   /usr/local/lib/python3.12/dist-packages/vllm/models/deepseek_v4_1/nvidia/model.py:1102 load_weights
   /usr/local/lib/python3.12/dist-packages/vllm/model_executor/model_loader/reload/torchao_decorator.py:50 patched_model_load_weights
   /usr/local/lib/python3.12/dist-packages/vllm/model_executor/models/utils.py:444 load_weights
   /usr/local/lib/python3.12/dist-packages/vllm/model_executor/models/utils.py:382 _load_module
   /usr/local/lib/python3.12/dist-packages/vllm/model_executor/models/utils.py:359 _load_module
   /usr/local/lib/python3.12/dist-packages/vllm/models/deepseek_v4_1/nvidia/model.py:769 load_weights
   /usr/local/lib/python3.12/dist-packages/cuda_exl3/moe.py:83 _exl3_moe_weight_loader
   /usr/local/lib/python3.12/dist-packages/cuda_exl3/moe.py:347 _place
=== 17:38:02 anon 3.1 file 4.4 shmem 4.7 GiB
   /usr/local/lib/python3.12/dist-packages/vllm/model_executor/model_loader/default_loader.py:427 load_weights
   /usr/local/lib/python3.12/dist-packages/vllm/models/deepseek_v4_1/nvidia/vl_model.py:360 load_weights
   /usr/local/lib/python3.12/dist-packages/vllm/model_executor/model_loader/reload/torchao_decorator.py:50 patched_model_load_weights
   /usr/local/lib/python3.12/dist-packages/vllm/model_executor/models/utils.py:444 load_weights
   /usr/local/lib/python3.12/dist-packages/vllm/model_executor/models/utils.py:382 _load_module
   /usr/local/lib/python3.12/dist-packages/vllm/model_executor/models/utils.py:359 _load_module
   /usr/local/lib/python3.12/dist-packages/vllm/models/deepseek_v4_1/nvidia/model.py:1102 load_weights
   /usr/local/lib/python3.12/dist-packages/vllm/model_executor/model_loader/reload/torchao_decorator.py:50 patched_model_load_weights
   /usr/local/lib/python3.12/dist-packages/vllm/model_executor/models/utils.py:444 load_weights
   /usr/local/lib/python3.12/dist-packages/vllm/model_executor/models/utils.py:382 _load_module
   /usr/local/lib/python3.12/dist-packages/vllm/model_executor/models/utils.py:359 _load_module
   /usr/local/lib/python3.12/dist-packages/vllm/models/deepseek_v4_1/nvidia/model.py:769 load_weights
   /usr/local/lib/python3.12/dist-packages/cuda_exl3/moe.py:83 _exl3_moe_weight_loader
   /usr/local/lib/python3.12/dist-packages/cuda_exl3/moe.py:347 _place
=== 17:38:07 anon 2.7 file 2.8 shmem 4.7 GiB
   /usr/local/lib/python3.12/dist-packages/vllm/model_executor/model_loader/default_loader.py:427 load_weights
   /usr/local/lib/python3.12/dist-packages/vllm/models/deepseek_v4_1/nvidia/vl_model.py:360 load_weights
   /usr/local/lib/python3.12/dist-packages/vllm/model_executor/model_loader/reload/torchao_decorator.py:50 patched_model_load_weights
   /usr/local/lib/python3.12/dist-packages/vllm/model_executor/models/utils.py:444 load_weights
   /usr/local/lib/python3.12/dist-packages/vllm/model_executor/models/utils.py:382 _load_module
   /usr/local/lib/python3.12/dist-packages/vllm/model_executor/models/utils.py:359 _load_module
   /usr/local/lib/python3.12/dist-packages/vllm/models/deepseek_v4_1/nvidia/model.py:1102 load_weights
   /usr/local/lib/python3.12/dist-packages/vllm/model_executor/model_loader/reload/torchao_decorator.py:50 patched_model_load_weights
   /usr/local/lib/python3.12/dist-packages/vllm/model_executor/models/utils.py:444 load_weights
   /usr/local/lib/python3.12/dist-packages/vllm/model_executor/models/utils.py:382 _load_module
   /usr/local/lib/python3.12/dist-packages/vllm/model_executor/models/utils.py:359 _load_module
   /usr/local/lib/python3.12/dist-packages/vllm/models/deepseek_v4_1/nvidia/model.py:769 load_weights
   /usr/local/lib/python3.12/dist-packages/cuda_exl3/moe.py:83 _exl3_moe_weight_loader
   /usr/local/lib/python3.12/dist-packages/cuda_exl3/moe.py:347 _place
=== 17:38:12 anon 3.1 file 4.4 shmem 4.7 GiB
   /usr/local/lib/python3.12/dist-packages/vllm/model_executor/model_loader/default_loader.py:427 load_weights
   /usr/local/lib/python3.12/dist-packages/vllm/models/deepseek_v4_1/nvidia/vl_model.py:360 load_weights
   /usr/local/lib/python3.12/dist-packages/vllm/model_executor/model_loader/reload/torchao_decorator.py:50 patched_model_load_weights
   /usr/local/lib/python3.12/dist-packages/vllm/model_executor/models/utils.py:444 load_weights
   /usr/local/lib/python3.12/dist-packages/vllm/model_executor/models/utils.py:382 _load_module
   /usr/local/lib/python3.12/dist-packages/vllm/model_executor/models/utils.py:359 _load_module
   /usr/local/lib/python3.12/dist-packages/vllm/models/deepseek_v4_1/nvidia/model.py:1102 load_weights
   /usr/local/lib/python3.12/dist-packages/vllm/model_executor/model_loader/reload/torchao_decorator.py:50 patched_model_load_weights
   /usr/local/lib/python3.12/dist-packages/vllm/model_executor/models/utils.py:444 load_weights
   /usr/local/lib/python3.12/dist-packages/vllm/model_executor/models/utils.py:382 _load_module
   /usr/local/lib/python3.12/dist-packages/vllm/model_executor/models/utils.py:359 _load_module
   /usr/local/lib/python3.12/dist-packages/vllm/models/deepseek_v4_1/nvidia/model.py:769 load_weights
   /usr/local/lib/python3.12/dist-packages/cuda_exl3/moe.py:83 _exl3_moe_weight_loader
   /usr/local/lib/python3.12/dist-packages/cuda_exl3/moe.py:378 _place
=== 17:38:17 anon 2.7 file 2.8 shmem 4.7 GiB
   /usr/local/lib/python3.12/dist-packages/vllm/model_executor/model_loader/default_loader.py:427 load_weights
   /usr/local/lib/python3.12/dist-packages/vllm/models/deepseek_v4_1/nvidia/vl_model.py:360 load_weights
   /usr/local/lib/python3.12/dist-packages/vllm/model_executor/model_loader/reload/torchao_decorator.py:50 patched_model_load_weights
   /usr/local/lib/python3.12/dist-packages/vllm/model_executor/models/utils.py:444 load_weights
   /usr/local/lib/python3.12/dist-packages/vllm/model_executor/models/utils.py:382 _load_module
   /usr/local/lib/python3.12/dist-packages/vllm/model_executor/models/utils.py:359 _load_module
   /usr/local/lib/python3.12/dist-packages/vllm/models/deepseek_v4_1/nvidia/model.py:1102 load_weights
   /usr/local/lib/python3.12/dist-packages/vllm/model_executor/model_loader/reload/torchao_decorator.py:50 patched_model_load_weights
   /usr/local/lib/python3.12/dist-packages/vllm/model_executor/models/utils.py:444 load_weights
   /usr/local/lib/python3.12/dist-packages/vllm/model_executor/models/utils.py:382 _load_module
   /usr/local/lib/python3.12/dist-packages/vllm/model_executor/models/utils.py:359 _load_module
   /usr/local/lib/python3.12/dist-packages/vllm/models/deepseek_v4_1/nvidia/model.py:769 load_weights
   /usr/local/lib/python3.12/dist-packages/cuda_exl3/moe.py:83 _exl3_moe_weight_loader
   /usr/local/lib/python3.12/dist-packages/cuda_exl3/moe.py:347 _place
=== 17:38:22 anon 3.1 file 4.4 shmem 4.7 GiB
   /usr/local/lib/python3.12/dist-packages/vllm/model_executor/model_loader/weight_utils.py:974 safetensors_weights_iterator
=== 17:38:28 anon 2.7 file 2.8 shmem 4.7 GiB
   /usr/local/lib/python3.12/dist-packages/vllm/model_executor/model_loader/default_loader.py:427 load_weights
   /usr/local/lib/python3.12/dist-packages/vllm/models/deepseek_v4_1/nvidia/vl_model.py:360 load_weights
   /usr/local/lib/python3.12/dist-packages/vllm/model_executor/model_loader/reload/torchao_decorator.py:50 patched_model_load_weights
   /usr/local/lib/python3.12/dist-packages/vllm/model_executor/models/utils.py:444 load_weights
   /usr/local/lib/python3.12/dist-packages/vllm/model_executor/models/utils.py:382 _load_module
   /usr/local/lib/python3.12/dist-packages/vllm/model_executor/models/utils.py:359 _load_module
   /usr/local/lib/python3.12/dist-packages/vllm/models/deepseek_v4_1/nvidia/model.py:1102 load_weights
   /usr/local/lib/python3.12/dist-packages/vllm/model_executor/model_loader/reload/torchao_decorator.py:50 patched_model_load_weights
   /usr/local/lib/python3.12/dist-packages/vllm/model_executor/models/utils.py:444 load_weights
   /usr/local/lib/python3.12/dist-packages/vllm/model_executor/models/utils.py:382 _load_module
   /usr/local/lib/python3.12/dist-packages/vllm/model_executor/models/utils.py:359 _load_module
   /usr/local/lib/python3.12/dist-packages/vllm/models/deepseek_v4_1/nvidia/model.py:769 load_weights
   /usr/local/lib/python3.12/dist-packages/cuda_exl3/moe.py:83 _exl3_moe_weight_loader
   /usr/local/lib/python3.12/dist-packages/cuda_exl3/moe.py:366 _place
=== 17:38:33 anon 3.1 file 4.4 shmem 4.7 GiB
   /usr/local/lib/python3.12/dist-packages/vllm/model_executor/model_loader/default_loader.py:427 load_weights
   /usr/local/lib/python3.12/dist-packages/vllm/models/deepseek_v4_1/nvidia/vl_model.py:360 load_weights
   /usr/local/lib/python3.12/dist-packages/vllm/model_executor/model_loader/reload/torchao_decorator.py:50 patched_model_load_weights
   /usr/local/lib/python3.12/dist-packages/vllm/model_executor/models/utils.py:444 load_weights
   /usr/local/lib/python3.12/dist-packages/vllm/model_executor/models/utils.py:382 _load_module
   /usr/local/lib/python3.12/dist-packages/vllm/model_executor/models/utils.py:359 _load_module
   /usr/local/lib/python3.12/dist-packages/vllm/models/deepseek_v4_1/nvidia/model.py:1102 load_weights
   /usr/local/lib/python3.12/dist-packages/vllm/model_executor/model_loader/reload/torchao_decorator.py:50 patched_model_load_weights
   /usr/local/lib/python3.12/dist-packages/vllm/model_executor/models/utils.py:444 load_weights
   /usr/local/lib/python3.12/dist-packages/vllm/model_executor/models/utils.py:382 _load_module
   /usr/local/lib/python3.12/dist-packages/vllm/model_executor/models/utils.py:359 _load_module
   /usr/local/lib/python3.12/dist-packages/vllm/models/deepseek_v4_1/nvidia/model.py:769 load_weights
   /usr/local/lib/python3.12/dist-packages/cuda_exl3/moe.py:83 _exl3_moe_weight_loader
   /usr/local/lib/python3.12/dist-packages/cuda_exl3/moe.py:366 _place
=== 17:38:38 anon 2.7 file 2.7 shmem 4.7 GiB
   /usr/local/lib/python3.12/dist-packages/vllm/model_executor/model_loader/default_loader.py:427 load_weights
   /usr/local/lib/python3.12/dist-packages/vllm/models/deepseek_v4_1/nvidia/vl_model.py:360 load_weights
   /usr/local/lib/python3.12/dist-packages/vllm/model_executor/model_loader/reload/torchao_decorator.py:50 patched_model_load_weights
   /usr/local/lib/python3.12/dist-packages/vllm/model_executor/models/utils.py:444 load_weights
   /usr/local/lib/python3.12/dist-packages/vllm/model_executor/models/utils.py:382 _load_module
   /usr/local/lib/python3.12/dist-packages/vllm/model_executor/models/utils.py:359 _load_module
   /usr/local/lib/python3.12/dist-packages/vllm/models/deepseek_v4_1/nvidia/model.py:1102 load_weights
   /usr/local/lib/python3.12/dist-packages/vllm/model_executor/model_loader/reload/torchao_decorator.py:50 patched_model_load_weights
   /usr/local/lib/python3.12/dist-packages/vllm/model_executor/models/utils.py:444 load_weights
   /usr/local/lib/python3.12/dist-packages/vllm/model_executor/models/utils.py:382 _load_module
   /usr/local/lib/python3.12/dist-packages/vllm/model_executor/models/utils.py:359 _load_module
   /usr/local/lib/python3.12/dist-packages/vllm/models/deepseek_v4_1/nvidia/model.py:769 load_weights
   /usr/local/lib/python3.12/dist-packages/cuda_exl3/moe.py:83 _exl3_moe_weight_loader
   /usr/local/lib/python3.12/dist-packages/cuda_exl3/moe.py:347 _place
=== 17:38:43 anon 3.1 file 4.3 shmem 4.7 GiB
   /usr/local/lib/python3.12/dist-packages/vllm/model_executor/model_loader/default_loader.py:427 load_weights
   /usr/local/lib/python3.12/dist-packages/vllm/models/deepseek_v4_1/nvidia/vl_model.py:360 load_weights
   /usr/local/lib/python3.12/dist-packages/vllm/model_executor/model_loader/reload/torchao_decorator.py:50 patched_model_load_weights
   /usr/local/lib/python3.12/dist-packages/vllm/model_executor/models/utils.py:444 load_weights
   /usr/local/lib/python3.12/dist-packages/vllm/model_executor/models/utils.py:382 _load_module
   /usr/local/lib/python3.12/dist-packages/vllm/model_executor/models/utils.py:359 _load_module
   /usr/local/lib/python3.12/dist-packages/vllm/models/deepseek_v4_1/nvidia/model.py:1102 load_weights
   /usr/local/lib/python3.12/dist-packages/vllm/model_executor/model_loader/reload/torchao_decorator.py:50 patched_model_load_weights
   /usr/local/lib/python3.12/dist-packages/vllm/model_executor/models/utils.py:444 load_weights
   /usr/local/lib/python3.12/dist-packages/vllm/model_executor/models/utils.py:382 _load_module
   /usr/local/lib/python3.12/dist-packages/vllm/model_executor/models/utils.py:359 _load_module
   /usr/local/lib/python3.12/dist-packages/vllm/models/deepseek_v4_1/nvidia/model.py:769 load_weights
   /usr/local/lib/python3.12/dist-packages/cuda_exl3/moe.py:83 _exl3_moe_weight_loader
   /usr/local/lib/python3.12/dist-packages/cuda_exl3/moe.py:347 _place
=== 17:38:48 anon 2.7 file 2.7 shmem 4.7 GiB
   /usr/local/lib/python3.12/dist-packages/vllm/model_executor/model_loader/default_loader.py:427 load_weights
   /usr/local/lib/python3.12/dist-packages/vllm/models/deepseek_v4_1/nvidia/vl_model.py:360 load_weights
   /usr/local/lib/python3.12/dist-packages/vllm/model_executor/model_loader/reload/torchao_decorator.py:50 patched_model_load_weights
   /usr/local/lib/python3.12/dist-packages/vllm/model_executor/models/utils.py:444 load_weights
   /usr/local/lib/python3.12/dist-packages/vllm/model_executor/models/utils.py:382 _load_module
   /usr/local/lib/python3.12/dist-packages/vllm/model_executor/models/utils.py:359 _load_module
   /usr/local/lib/python3.12/dist-packages/vllm/models/deepseek_v4_1/nvidia/model.py:1102 load_weights
   /usr/local/lib/python3.12/dist-packages/vllm/model_executor/model_loader/reload/torchao_decorator.py:50 patched_model_load_weights
   /usr/local/lib/python3.12/dist-packages/vllm/model_executor/models/utils.py:444 load_weights
   /usr/local/lib/python3.12/dist-packages/vllm/model_executor/models/utils.py:382 _load_module
   /usr/local/lib/python3.12/dist-packages/vllm/model_executor/models/utils.py:359 _load_module
   /usr/local/lib/python3.12/dist-packages/vllm/models/deepseek_v4_1/nvidia/model.py:769 load_weights
   /usr/local/lib/python3.12/dist-packages/cuda_exl3/moe.py:83 _exl3_moe_weight_loader
   /usr/local/lib/python3.12/dist-packages/cuda_exl3/moe.py:378 _place
=== 17:38:53 anon 3.1 file 4.3 shmem 4.7 GiB
   /usr/local/lib/python3.12/dist-packages/vllm/model_executor/models/utils.py:147 apply
   /usr/local/lib/python3.12/dist-packages/vllm/model_executor/models/utils.py:135 _map_name_with_shard
=== 17:38:58 anon 2.7 file 2.6 shmem 4.7 GiB
   /usr/local/lib/python3.12/dist-packages/vllm/model_executor/model_loader/default_loader.py:427 load_weights
   /usr/local/lib/python3.12/dist-packages/vllm/models/deepseek_v4_1/nvidia/vl_model.py:360 load_weights
   /usr/local/lib/python3.12/dist-packages/vllm/model_executor/model_loader/reload/torchao_decorator.py:50 patched_model_load_weights
   /usr/local/lib/python3.12/dist-packages/vllm/model_executor/models/utils.py:444 load_weights
   /usr/local/lib/python3.12/dist-packages/vllm/model_executor/models/utils.py:382 _load_module
   /usr/local/lib/python3.12/dist-packages/vllm/model_executor/models/utils.py:359 _load_module
   /usr/local/lib/python3.12/dist-packages/vllm/models/deepseek_v4_1/nvidia/model.py:1102 load_weights
   /usr/local/lib/python3.12/dist-packages/vllm/model_executor/model_loader/reload/torchao_decorator.py:50 patched_model_load_weights
   /usr/local/lib/python3.12/dist-packages/vllm/model_executor/models/utils.py:444 load_weights
   /usr/local/lib/python3.12/dist-packages/vllm/model_executor/models/utils.py:382 _load_module
   /usr/local/lib/python3.12/dist-packages/vllm/model_executor/models/utils.py:359 _load_module
   /usr/local/lib/python3.12/dist-packages/vllm/models/deepseek_v4_1/nvidia/model.py:769 load_weights
   /usr/local/lib/python3.12/dist-packages/cuda_exl3/moe.py:83 _exl3_moe_weight_loader
   /usr/local/lib/python3.12/dist-packages/cuda_exl3/moe.py:347 _place
=== 17:39:03 anon 3.1 file 4.2 shmem 4.7 GiB
   /usr/local/lib/python3.12/dist-packages/vllm/models/deepseek_v4_1/nvidia/model.py:715 load_weights
   /usr/local/lib/python3.12/dist-packages/vllm/model_executor/models/utils.py:261 <genexpr>
   /usr/local/lib/python3.12/dist-packages/vllm/model_executor/models/utils.py:251 <genexpr>
   /usr/local/lib/python3.12/dist-packages/vllm/model_executor/models/utils.py:451 _filter_skipped
   /usr/local/lib/python3.12/dist-packages/vllm/model_executor/models/utils.py:140 apply
   /usr/local/lib/python3.12/dist-packages/vllm/model_executor/models/utils.py:261 <genexpr>
   /usr/local/lib/python3.12/dist-packages/vllm/model_executor/models/utils.py:251 <genexpr>
   /usr/local/lib/python3.12/dist-packages/vllm/model_executor/models/utils.py:451 _filter_skipped
   /usr/local/lib/python3.12/dist-packages/vllm/model_executor/models/utils.py:140 apply
   /usr/local/lib/python3.12/dist-packages/vllm/models/deepseek_v4_1/nvidia/vl_model.py:353 _language_model_first
   /usr/local/lib/python3.12/dist-packages/vllm/model_executor/models/utils.py:140 apply
   /usr/local/lib/python3.12/dist-packages/vllm/model_executor/model_loader/default_loader.py:333 get_all_weights
   /usr/local/lib/python3.12/dist-packages/vllm/model_executor/model_loader/default_loader.py:319 <genexpr>
   /usr/local/lib/python3.12/dist-packages/vllm/model_executor/model_loader/weight_utils.py:973 safetensors_weights_iterator
=== 17:39:08 anon 2.7 file 2.6 shmem 4.7 GiB
   /usr/local/lib/python3.12/dist-packages/vllm/model_executor/model_loader/default_loader.py:427 load_weights
   /usr/local/lib/python3.12/dist-packages/vllm/models/deepseek_v4_1/nvidia/vl_model.py:360 load_weights
   /usr/local/lib/python3.12/dist-packages/vllm/model_executor/model_loader/reload/torchao_decorator.py:50 patched_model_load_weights
   /usr/local/lib/python3.12/dist-packages/vllm/model_executor/models/utils.py:444 load_weights
   /usr/local/lib/python3.12/dist-packages/vllm/model_executor/models/utils.py:382 _load_module
   /usr/local/lib/python3.12/dist-packages/vllm/model_executor/models/utils.py:359 _load_module
   /usr/local/lib/python3.12/dist-packages/vllm/models/deepseek_v4_1/nvidia/model.py:1102 load_weights
   /usr/local/lib/python3.12/dist-packages/vllm/model_executor/model_loader/reload/torchao_decorator.py:50 patched_model_load_weights
   /usr/local/lib/python3.12/dist-packages/vllm/model_executor/models/utils.py:444 load_weights
   /usr/local/lib/python3.12/dist-packages/vllm/model_executor/models/utils.py:382 _load_module
   /usr/local/lib/python3.12/dist-packages/vllm/model_executor/models/utils.py:359 _load_module
   /usr/local/lib/python3.12/dist-packages/vllm/models/deepseek_v4_1/nvidia/model.py:769 load_weights
   /usr/local/lib/python3.12/dist-packages/cuda_exl3/moe.py:83 _exl3_moe_weight_loader
   /usr/local/lib/python3.12/dist-packages/cuda_exl3/moe.py:347 _place
=== 17:39:13 anon 3.1 file 4.2 shmem 4.7 GiB
   /usr/local/lib/python3.12/dist-packages/vllm/model_executor/model_loader/default_loader.py:427 load_weights
   /usr/local/lib/python3.12/dist-packages/vllm/models/deepseek_v4_1/nvidia/vl_model.py:360 load_weights
   /usr/local/lib/python3.12/dist-packages/vllm/model_executor/model_loader/reload/torchao_decorator.py:50 patched_model_load_weights
   /usr/local/lib/python3.12/dist-packages/vllm/model_executor/models/utils.py:444 load_weights
   /usr/local/lib/python3.12/dist-packages/vllm/model_executor/models/utils.py:382 _load_module
   /usr/local/lib/python3.12/dist-packages/vllm/model_executor/models/utils.py:359 _load_module
   /usr/local/lib/python3.12/dist-packages/vllm/models/deepseek_v4_1/nvidia/model.py:1102 load_weights
   /usr/local/lib/python3.12/dist-packages/vllm/model_executor/model_loader/reload/torchao_decorator.py:50 patched_model_load_weights
   /usr/local/lib/python3.12/dist-packages/vllm/model_executor/models/utils.py:444 load_weights
   /usr/local/lib/python3.12/dist-packages/vllm/model_executor/models/utils.py:382 _load_module
   /usr/local/lib/python3.12/dist-packages/vllm/model_executor/models/utils.py:359 _load_module
   /usr/local/lib/python3.12/dist-packages/vllm/models/deepseek_v4_1/nvidia/model.py:769 load_weights
   /usr/local/lib/python3.12/dist-packages/cuda_exl3/moe.py:83 _exl3_moe_weight_loader
   /usr/local/lib/python3.12/dist-packages/cuda_exl3/moe.py:366 _place
=== 17:39:18 anon 2.7 file 2.5 shmem 4.7 GiB
   /usr/local/lib/python3.12/dist-packages/vllm/model_executor/model_loader/weight_utils.py:974 safetensors_weights_iterator
=== 17:39:23 anon 2.3 file 0.8 shmem 4.7 GiB
   /usr/local/lib/python3.12/dist-packages/vllm/model_executor/model_loader/default_loader.py:427 load_weights
   /usr/local/lib/python3.12/dist-packages/vllm/models/deepseek_v4_1/nvidia/vl_model.py:360 load_weights
   /usr/local/lib/python3.12/dist-packages/vllm/model_executor/model_loader/reload/torchao_decorator.py:50 patched_model_load_weights
   /usr/local/lib/python3.12/dist-packages/vllm/model_executor/models/utils.py:444 load_weights
   /usr/local/lib/python3.12/dist-packages/vllm/model_executor/models/utils.py:382 _load_module
   /usr/local/lib/python3.12/dist-packages/vllm/model_executor/models/utils.py:359 _load_module
   /usr/local/lib/python3.12/dist-packages/vllm/models/deepseek_v4_1/nvidia/model.py:1102 load_weights
   /usr/local/lib/python3.12/dist-packages/vllm/model_executor/model_loader/reload/torchao_decorator.py:50 patched_model_load_weights
   /usr/local/lib/python3.12/dist-packages/vllm/model_executor/models/utils.py:444 load_weights
   /usr/local/lib/python3.12/dist-packages/vllm/model_executor/models/utils.py:382 _load_module
   /usr/local/lib/python3.12/dist-packages/vllm/model_executor/models/utils.py:359 _load_module
   /usr/local/lib/python3.12/dist-packages/vllm/models/deepseek_v4_1/nvidia/model.py:769 load_weights
   /usr/local/lib/python3.12/dist-packages/cuda_exl3/moe.py:83 _exl3_moe_weight_loader
   /usr/local/lib/python3.12/dist-packages/cuda_exl3/moe.py:347 _place
=== 17:39:28 anon 2.7 file 2.4 shmem 4.7 GiB
   /usr/local/lib/python3.12/dist-packages/vllm/model_executor/model_loader/default_loader.py:427 load_weights
   /usr/local/lib/python3.12/dist-packages/vllm/models/deepseek_v4_1/nvidia/vl_model.py:360 load_weights
   /usr/local/lib/python3.12/dist-packages/vllm/model_executor/model_loader/reload/torchao_decorator.py:50 patched_model_load_weights
   /usr/local/lib/python3.12/dist-packages/vllm/model_executor/models/utils.py:444 load_weights
   /usr/local/lib/python3.12/dist-packages/vllm/model_executor/models/utils.py:382 _load_module
   /usr/local/lib/python3.12/dist-packages/vllm/model_executor/models/utils.py:359 _load_module
   /usr/local/lib/python3.12/dist-packages/vllm/models/deepseek_v4_1/nvidia/model.py:1102 load_weights
   /usr/local/lib/python3.12/dist-packages/vllm/model_executor/model_loader/reload/torchao_decorator.py:50 patched_model_load_weights
   /usr/local/lib/python3.12/dist-packages/vllm/model_executor/models/utils.py:444 load_weights
   /usr/local/lib/python3.12/dist-packages/vllm/model_executor/models/utils.py:382 _load_module
   /usr/local/lib/python3.12/dist-packages/vllm/model_executor/models/utils.py:359 _load_module
   /usr/local/lib/python3.12/dist-packages/vllm/models/deepseek_v4_1/nvidia/model.py:769 load_weights
   /usr/local/lib/python3.12/dist-packages/cuda_exl3/moe.py:83 _exl3_moe_weight_loader
   /usr/local/lib/python3.12/dist-packages/cuda_exl3/moe.py:347 _place
=== 17:39:33 anon 3.0 file 4.0 shmem 4.7 GiB
   /usr/local/lib/python3.12/dist-packages/vllm/model_executor/models/utils.py:147 apply
   /usr/local/lib/python3.12/dist-packages/vllm/model_executor/models/utils.py:135 _map_name_with_shard
=== 17:39:39 anon 2.6 file 2.3 shmem 4.7 GiB
   /usr/local/lib/python3.12/dist-packages/vllm/model_executor/model_loader/default_loader.py:427 load_weights
   /usr/local/lib/python3.12/dist-packages/vllm/models/deepseek_v4_1/nvidia/vl_model.py:360 load_weights
   /usr/local/lib/python3.12/dist-packages/vllm/model_executor/model_loader/reload/torchao_decorator.py:50 patched_model_load_weights
   /usr/local/lib/python3.12/dist-packages/vllm/model_executor/models/utils.py:444 load_weights
   /usr/local/lib/python3.12/dist-packages/vllm/model_executor/models/utils.py:382 _load_module
   /usr/local/lib/python3.12/dist-packages/vllm/model_executor/models/utils.py:359 _load_module
   /usr/local/lib/python3.12/dist-packages/vllm/models/deepseek_v4_1/nvidia/model.py:1102 load_weights
   /usr/local/lib/python3.12/dist-packages/vllm/model_executor/model_loader/reload/torchao_decorator.py:50 patched_model_load_weights
   /usr/local/lib/python3.12/dist-packages/vllm/model_executor/models/utils.py:444 load_weights
   /usr/local/lib/python3.12/dist-packages/vllm/model_executor/models/utils.py:382 _load_module
   /usr/local/lib/python3.12/dist-packages/vllm/model_executor/models/utils.py:359 _load_module
   /usr/local/lib/python3.12/dist-packages/vllm/models/deepseek_v4_1/nvidia/model.py:769 load_weights
   /usr/local/lib/python3.12/dist-packages/cuda_exl3/moe.py:83 _exl3_moe_weight_loader
   /usr/local/lib/python3.12/dist-packages/cuda_exl3/moe.py:366 _place
=== 17:39:44 anon 3.0 file 3.9 shmem 4.7 GiB
   /usr/local/lib/python3.12/dist-packages/vllm/tracing/otel.py:178 sync_wrapper
   /usr/local/lib/python3.12/dist-packages/vllm/model_executor/model_loader/default_loader.py:427 load_weights
   /usr/local/lib/python3.12/dist-packages/vllm/models/deepseek_v4_1/nvidia/vl_model.py:360 load_weights
   /usr/local/lib/python3.12/dist-packages/vllm/model_executor/model_loader/reload/torchao_decorator.py:50 patched_model_load_weights
   /usr/local/lib/python3.12/dist-packages/vllm/model_executor/models/utils.py:444 load_weights
   /usr/local/lib/python3.12/dist-packages/vllm/model_executor/models/utils.py:382 _load_module
   /usr/local/lib/python3.12/dist-packages/vllm/model_executor/models/utils.py:359 _load_module
   /usr/local/lib/python3.12/dist-packages/vllm/models/deepseek_v4_1/nvidia/model.py:1102 load_weights
   /usr/local/lib/python3.12/dist-packages/vllm/model_executor/model_loader/reload/torchao_decorator.py:50 patched_model_load_weights
   /usr/local/lib/python3.12/dist-packages/vllm/model_executor/models/utils.py:444 load_weights
   /usr/local/lib/python3.12/dist-packages/vllm/model_executor/models/utils.py:382 _load_module
   /usr/local/lib/python3.12/dist-packages/vllm/model_executor/models/utils.py:391 _load_module
   /usr/local/lib/python3.12/dist-packages/vllm/model_executor/models/utils.py:309 _load_param
   /usr/local/lib/python3.12/dist-packages/vllm/model_executor/layers/vocab_parallel_embedding.py:503 weight_loader
=== 17:39:49 anon 2.7 file 0.7 shmem 4.7 GiB
   /usr/local/lib/python3.12/dist-packages/vllm/models/deepseek_v4_1/nvidia/model.py:715 load_weights
   /usr/local/lib/python3.12/dist-packages/vllm/model_executor/models/utils.py:261 <genexpr>
   /usr/local/lib/python3.12/dist-packages/vllm/model_executor/models/utils.py:251 <genexpr>
   /usr/local/lib/python3.12/dist-packages/vllm/model_executor/models/utils.py:451 _filter_skipped
   /usr/local/lib/python3.12/dist-packages/vllm/model_executor/models/utils.py:140 apply
   /usr/local/lib/python3.12/dist-packages/vllm/model_executor/models/utils.py:261 <genexpr>
   /usr/local/lib/python3.12/dist-packages/vllm/model_executor/models/utils.py:251 <genexpr>
   /usr/local/lib/python3.12/dist-packages/vllm/model_executor/models/utils.py:451 _filter_skipped
   /usr/local/lib/python3.12/dist-packages/vllm/model_executor/models/utils.py:140 apply
   /usr/local/lib/python3.12/dist-packages/vllm/models/deepseek_v4_1/nvidia/vl_model.py:353 _language_model_first
   /usr/local/lib/python3.12/dist-packages/vllm/model_executor/models/utils.py:140 apply
   /usr/local/lib/python3.12/dist-packages/vllm/model_executor/model_loader/default_loader.py:333 get_all_weights
   /usr/local/lib/python3.12/dist-packages/vllm/model_executor/model_loader/default_loader.py:319 <genexpr>
   /usr/local/lib/python3.12/dist-packages/vllm/model_executor/model_loader/weight_utils.py:973 safetensors_weights_iterator
=== 17:39:54 anon 2.4 file 0.7 shmem 4.8 GiB
   /usr/local/lib/python3.12/dist-packages/torch/utils/_contextlib.py:124 decorate_context
   /usr/local/lib/python3.12/dist-packages/vllm/v1/worker/gpu/model_runner.py:879 profile_run
   /usr/local/lib/python3.12/dist-packages/torch/utils/_contextlib.py:124 decorate_context
   /usr/local/lib/python3.12/dist-packages/vllm/v1/worker/gpu/eplb_utils.py:27 wrapper
   /usr/local/lib/python3.12/dist-packages/vllm/v1/worker/gpu/model_runner.py:764 _dummy_run
   /usr/local/lib/python3.12/dist-packages/torch/utils/_contextlib.py:124 decorate_context
   /usr/local/lib/python3.12/dist-packages/vllm/v1/worker/gpu/model_runner.py:1728 execute_model
   /usr/local/lib/python3.12/dist-packages/vllm/models/deepseek_v4_1/nvidia/model_state.py:95 prepare_inputs
   /usr/local/lib/python3.12/dist-packages/triton/runtime/jit.py:370 <lambda>
   /usr/local/lib/python3.12/dist-packages/triton/runtime/jit.py:739 run
   /usr/local/lib/python3.12/dist-packages/triton/runtime/jit.py:884 _do_compile
   /usr/local/lib/python3.12/dist-packages/triton/compiler/compiler.py:246 compile
   /usr/local/lib/python3.12/dist-packages/triton/runtime/cache.py:316 get_cache_key
   /usr/local/lib/python3.12/dist-packages/triton/runtime/cache.py:302 triton_key
=== 17:39:59 anon 2.3 file 0.8 shmem 4.8 GiB
   /usr/local/lib/python3.12/dist-packages/vllm/models/deepseek_v4_1/attention.py:1236 forward
   /usr/local/lib/python3.12/dist-packages/vllm/models/deepseek_v4/common/ops/fused_indexer_q.py:434 fused_indexer_q_rope_quant
   /usr/local/lib/python3.12/dist-packages/vllm/models/deepseek_v4/nvidia/ops/fused_indexer_q_cutedsl.py:81 fused_indexer_q_rope_quant_fp8_cutedsl
   /usr/local/lib/python3.12/dist-packages/vllm/models/deepseek_v4/nvidia/ops/fused_indexer_q_cutedsl.py:603 compile
   /usr/local/lib/python3.12/dist-packages/nvidia_cutlass_dsl/dsl_packages/cutlass/base_dsl/compiler.py:1250 __call__
   /usr/local/lib/python3.12/dist-packages/nvidia_cutlass_dsl/dsl_packages/cutlass/base_dsl/compiler.py:1396 _compile
   /usr/local/lib/python3.12/dist-packages/nvidia_cutlass_dsl/dsl_packages/cutlass/base_dsl/dsl.py:2782 _func
   /usr/local/lib/python3.12/dist-packages/nvidia_cutlass_dsl/dsl_packages/cutlass/base_dsl/dsl.py:2795 _func_impl
   /usr/local/lib/python3.12/dist-packages/nvidia_cutlass_dsl/dsl_packages/cutlass/base_dsl/dsl.py:2397 generate_mlir
   /usr/local/lib/python3.12/dist-packages/nvidia_cutlass_dsl/dsl_packages/cutlass/cutlass_dsl/cutlass.py:868 compile_and_cache
   /usr/local/lib/python3.12/dist-packages/nvidia_cutlass_dsl/dsl_packages/cutlass/base_dsl/dsl.py:2127 compile_and_cache
   /usr/local/lib/python3.12/dist-packages/nvidia_cutlass_dsl/dsl_packages/cutlass/base_dsl/dsl.py:1647 compile_and_jit
   /usr/local/lib/python3.12/dist-packages/nvidia_cutlass_dsl/dsl_packages/cutlass/base_dsl/compiler.py:203 compile_and_jit
   /usr/local/lib/python3.12/dist-packages/nvidia_cutlass_dsl/dsl_packages/cutlass/base_dsl/compiler.py:139 compile
=== 17:40:04 anon 2.5 file 0.8 shmem 4.8 GiB
   /usr/local/lib/python3.12/dist-packages/vllm/model_executor/warmup/flashinfer_sparse_mla_warmup.py:140 _run_flashinfer_sparse_mla_decode_autotune
   /usr/local/lib/python3.12/dist-packages/vllm/v1/worker/gpu/warmup.py:201 run_mixed_prefill_decode_warmup
   /usr/local/lib/python3.12/dist-packages/torch/utils/_contextlib.py:124 decorate_context
   /usr/local/lib/python3.12/dist-packages/vllm/v1/worker/gpu_worker.py:1177 execute_model
   /usr/local/lib/python3.12/dist-packages/torch/utils/_contextlib.py:124 decorate_context
   /usr/local/lib/python3.12/dist-packages/vllm/v1/worker/gpu/model_runner.py:1609 execute_model
   /usr/local/lib/python3.12/dist-packages/vllm/v1/worker/gpu/model_runner.py:1305 prepare_inputs
   /usr/local/lib/python3.12/dist-packages/vllm/v1/worker/gpu/input_batch.py:469 combine_sampled_and_draft_tokens
   /usr/local/lib/python3.12/dist-packages/triton/runtime/jit.py:370 <lambda>
   /usr/local/lib/python3.12/dist-packages/triton/runtime/jit.py:739 run
   /usr/local/lib/python3.12/dist-packages/triton/runtime/jit.py:884 _do_compile
   /usr/local/lib/python3.12/dist-packages/triton/compiler/compiler.py:327 compile
   /usr/local/lib/python3.12/dist-packages/triton/backends/nvidia/compiler.py:553 <lambda>
   /usr/local/lib/python3.12/dist-packages/triton/backends/nvidia/compiler.py:447 make_ptx
=== 17:40:09 anon 2.7 file 0.9 shmem 4.8 GiB
   /usr/local/lib/python3.12/dist-packages/vllm/utils/flashinfer.py:920 mm_mxfp8
   /usr/local/lib/python3.12/dist-packages/flashinfer/utils.py:1561 wrapper
   /usr/local/lib/python3.12/dist-packages/flashinfer/api_logging.py:2348 _auto_dump_wrapper
   /usr/local/lib/python3.12/dist-packages/flashinfer/gemm/gemm_base.py:6267 mm_mxfp8
   /usr/local/lib/python3.12/dist-packages/flashinfer/autotuner/autotuner.py:2299 choose_one
   /usr/local/lib/python3.12/dist-packages/flashinfer/autotuner/autotuner.py:2785 _profile_single_kernel
   /usr/local/lib/python3.12/dist-packages/flashinfer/autotuner/autotuner.py:2706 pure_profile
   /usr/local/lib/python3.12/dist-packages/flashinfer/tllm_utils.py:12 delay_kernel
   /usr/local/lib/python3.12/dist-packages/flashinfer/tllm_utils.py:8 get_trtllm_utils_module
   /usr/local/lib/python3.12/dist-packages/flashinfer/jit/core.py:330 build_and_load
   /usr/local/lib/python3.12/dist-packages/flashinfer/jit/core.py:452 build
   /usr/local/lib/python3.12/dist-packages/flashinfer/jit/cpp_ext.py:404 run_ninja
   /usr/lib/python3.12/subprocess.py:550 run
   /usr/lib/python3.12/subprocess.py:1196 communicate
=== 17:40:14 anon 2.8 file 0.9 shmem 4.8 GiB
   /usr/local/lib/python3.12/dist-packages/vllm/models/deepseek_v4/nvidia/model.py:1029 forward
   /usr/local/lib/python3.12/dist-packages/vllm/models/deepseek_v4/nvidia/model.py:1072 _forward_fused_moe
   /usr/local/lib/python3.12/dist-packages/torch/nn/modules/module.py:1778 _wrapped_call_impl
   /usr/local/lib/python3.12/dist-packages/torch/nn/modules/module.py:1789 _call_impl
   /usr/local/lib/python3.12/dist-packages/vllm/model_executor/layers/fused_moe/runner/moe_runner.py:728 forward
   /usr/local/lib/python3.12/dist-packages/torch/_ops.py:1279 __call__
   /usr/local/lib/python3.12/dist-packages/vllm/model_executor/layers/fused_moe/runner/moe_runner.py:164 _moe_forward_shared
   /usr/local/lib/python3.12/dist-packages/vllm/model_executor/layers/fused_moe/runner/moe_runner.py:913 _forward_impl
   /usr/local/lib/python3.12/dist-packages/vllm/model_executor/layers/fused_moe/runner/moe_runner.py:630 _apply_quant_method
   /usr/local/lib/python3.12/dist-packages/vllm/model_executor/layers/fused_moe/routed_experts.py:1252 forward_modular
   /usr/local/lib/python3.12/dist-packages/cuda_exl3/moe.py:562 apply
   /usr/local/lib/python3.12/dist-packages/vllm/model_executor/layers/fused_moe/moe_align_block_size.py:103 moe_align_block_size
   /usr/local/lib/python3.12/dist-packages/vllm/_custom_ops.py:2327 moe_align_block_size
   /usr/local/lib/python3.12/dist-packages/torch/_ops.py:1279 __call__
=== 17:40:19 anon 2.8 file 0.9 shmem 4.8 GiB
   /usr/local/lib/python3.12/dist-packages/torch/_library/custom_ops.py:863 __call__
   /usr/local/lib/python3.12/dist-packages/torch/_ops.py:875 __call__
   /usr/local/lib/python3.12/dist-packages/torch/_library/custom_ops.py:441 backend_impl
   /usr/local/lib/python3.12/dist-packages/torch/_compile.py:54 inner
   /usr/local/lib/python3.12/dist-packages/torch/_dynamo/eval_frame.py:1446 _fn
   /usr/local/lib/python3.12/dist-packages/torch/_library/custom_ops.py:502 wrapped_fn
   /usr/local/lib/python3.12/dist-packages/vllm/utils/flashinfer.py:920 mm_mxfp8
   /usr/local/lib/python3.12/dist-packages/flashinfer/utils.py:1561 wrapper
   /usr/local/lib/python3.12/dist-packages/flashinfer/api_logging.py:2348 _auto_dump_wrapper
   /usr/local/lib/python3.12/dist-packages/flashinfer/gemm/gemm_base.py:6267 mm_mxfp8
   /usr/local/lib/python3.12/dist-packages/flashinfer/autotuner/autotuner.py:2299 choose_one
   /usr/local/lib/python3.12/dist-packages/flashinfer/autotuner/autotuner.py:2804 _profile_single_kernel
   /usr/local/lib/python3.12/dist-packages/torch/distributed/c10d_logger.py:83 wrapper
   /usr/local/lib/python3.12/dist-packages/torch/distributed/distributed_c10d.py:3252 all_reduce
=== 17:40:24 anon 2.8 file 0.9 shmem 4.8 GiB
   /usr/local/lib/python3.12/dist-packages/torch/_library/custom_ops.py:863 __call__
   /usr/local/lib/python3.12/dist-packages/torch/_ops.py:875 __call__
   /usr/local/lib/python3.12/dist-packages/torch/_library/custom_ops.py:441 backend_impl
   /usr/local/lib/python3.12/dist-packages/torch/_compile.py:54 inner
   /usr/local/lib/python3.12/dist-packages/torch/_dynamo/eval_frame.py:1446 _fn
   /usr/local/lib/python3.12/dist-packages/torch/_library/custom_ops.py:502 wrapped_fn
   /usr/local/lib/python3.12/dist-packages/vllm/utils/flashinfer.py:920 mm_mxfp8
   /usr/local/lib/python3.12/dist-packages/flashinfer/utils.py:1561 wrapper
   /usr/local/lib/python3.12/dist-packages/flashinfer/api_logging.py:2348 _auto_dump_wrapper
   /usr/local/lib/python3.12/dist-packages/flashinfer/gemm/gemm_base.py:6267 mm_mxfp8
   /usr/local/lib/python3.12/dist-packages/flashinfer/autotuner/autotuner.py:2299 choose_one
   /usr/local/lib/python3.12/dist-packages/flashinfer/autotuner/autotuner.py:2785 _profile_single_kernel
   /usr/local/lib/python3.12/dist-packages/flashinfer/autotuner/autotuner.py:2682 pure_profile
   /usr/local/lib/python3.12/dist-packages/torch/cuda/streams.py:108 synchronize
=== 17:40:29 anon 2.8 file 0.9 shmem 4.8 GiB
   /usr/lib/python3.12/multiprocessing/process.py:108 run
   /usr/local/lib/python3.12/dist-packages/vllm/v1/executor/multiproc_executor.py:935 worker_main
   /usr/local/lib/python3.12/dist-packages/vllm/v1/executor/multiproc_executor.py:1033 worker_busy_loop
   /usr/local/lib/python3.12/dist-packages/vllm/v1/executor/multiproc_executor.py:1047 _execute_worker_rpc
   /usr/local/lib/python3.12/dist-packages/vllm/tracing/otel.py:178 sync_wrapper
   /usr/local/lib/python3.12/dist-packages/vllm/v1/worker/gpu_worker.py:873 compile_or_warm_up_model
   /usr/local/lib/python3.12/dist-packages/torch/utils/_contextlib.py:124 decorate_context
   /usr/local/lib/python3.12/dist-packages/vllm/v1/worker/gpu/warmup.py:330 warmup_kernels
   /usr/local/lib/python3.12/dist-packages/vllm/v1/worker/utils.py:253 warmup
   /usr/local/lib/python3.12/dist-packages/vllm/v1/worker/utils.py:242 zero_block_ids
   /usr/local/lib/python3.12/dist-packages/triton/runtime/jit.py:370 <lambda>
   /usr/local/lib/python3.12/dist-packages/triton/runtime/jit.py:763 run
   /usr/local/lib/python3.12/dist-packages/triton/compiler/compiler.py:488 launch_metadata
   /usr/local/lib/python3.12/dist-packages/triton/compiler/compiler.py:474 _init_handles
=== 17:40:34 anon 2.9 file 0.9 shmem 4.8 GiB
   <string>:1 <module>
   /usr/lib/python3.12/multiprocessing/spawn.py:122 spawn_main
   /usr/lib/python3.12/multiprocessing/spawn.py:135 _main
   /usr/lib/python3.12/multiprocessing/process.py:314 _bootstrap
   /usr/lib/python3.12/multiprocessing/process.py:108 run
   /usr/local/lib/python3.12/dist-packages/vllm/v1/executor/multiproc_executor.py:935 worker_main
   /usr/local/lib/python3.12/dist-packages/vllm/v1/executor/multiproc_executor.py:1033 worker_busy_loop
   /usr/local/lib/python3.12/dist-packages/vllm/distributed/device_communicators/shm_broadcast.py:889 dequeue
   /usr/lib/python3.12/contextlib.py:137 __enter__
   /usr/local/lib/python3.12/dist-packages/vllm/distributed/device_communicators/shm_broadcast.py:794 acquire_read
   /usr/local/lib/python3.12/dist-packages/vllm/distributed/device_communicators/shm_broadcast.py:206 wait
   /usr/local/lib/python3.12/dist-packages/zmq/sugar/poll.py:106 poll
=== 17:40:39 anon 2.9 file 0.9 shmem 4.8 GiB
   /usr/local/lib/python3.12/dist-packages/vllm/v1/worker/gpu/model_runner.py:1796 execute_model
   /usr/local/lib/python3.12/dist-packages/torch/nn/modules/module.py:1778 _wrapped_call_impl
   /usr/local/lib/python3.12/dist-packages/torch/nn/modules/module.py:1789 _call_impl
   /usr/local/lib/python3.12/dist-packages/vllm/models/deepseek_v4_1/nvidia/vl_model.py:317 forward
   /usr/local/lib/python3.12/dist-packages/torch/nn/modules/module.py:1778 _wrapped_call_impl
   /usr/local/lib/python3.12/dist-packages/torch/nn/modules/module.py:1789 _call_impl
   /usr/local/lib/python3.12/dist-packages/vllm/models/deepseek_v4_1/nvidia/model.py:1085 forward
   /usr/local/lib/python3.12/dist-packages/torch/nn/modules/module.py:1778 _wrapped_call_impl
   /usr/local/lib/python3.12/dist-packages/torch/nn/modules/module.py:1789 _call_impl
   /usr/local/lib/python3.12/dist-packages/vllm/models/deepseek_v4_1/nvidia/model.py:626 forward
   /usr/local/lib/python3.12/dist-packages/torch/nn/modules/module.py:1778 _wrapped_call_impl
   /usr/local/lib/python3.12/dist-packages/torch/nn/modules/module.py:1789 _call_impl
   /usr/local/lib/python3.12/dist-packages/vllm/models/deepseek_v4_1/nvidia/model.py:337 forward
   /usr/local/lib/python3.12/dist-packages/vllm/model_executor/kernels/mhc/tilelang.py:613 mhc_post_tilelang
=== 17:40:44 anon 2.9 file 0.9 shmem 4.8 GiB
   /usr/local/lib/python3.12/dist-packages/vllm/models/deepseek_v4_1/attention.py:732 _prepare_and_attn
   /usr/local/lib/python3.12/dist-packages/vllm/compilation/breakable_cudagraph.py:104 wrapper
   /usr/local/lib/python3.12/dist-packages/vllm/models/deepseek_v4_1/attention.py:836 _sparse_indexer_and_attn
   /usr/local/lib/python3.12/dist-packages/vllm/models/deepseek_v4_1/nvidia/flashinfer_sparse.py:742 forward_mqa
   /usr/local/lib/python3.12/dist-packages/vllm/models/deepseek_v4_1/nvidia/flashinfer_sparse.py:682 _forward_sparse_impl
   /usr/local/lib/python3.12/dist-packages/vllm/models/deepseek_v4_1/nvidia/flashinfer_sparse.py:815 _forward_decode
   /usr/local/lib/python3.12/dist-packages/vllm/utils/flashinfer.py:179 wrapper
   /usr/local/lib/python3.12/dist-packages/flashinfer/mla/_core.py:2258 trtllm_batch_decode_sparse_mla_dsv4
   /usr/local/lib/python3.12/dist-packages/flashinfer/mla/_core.py:1527 _trtllm_batch_decode_sparse_mla_dsv4_sm120
   /usr/local/lib/python3.12/dist-packages/flashinfer/mla/_core.py:689 _trtllm_batch_decode_sparse_mla_sm120
   /usr/local/lib/python3.12/dist-packages/flashinfer/mla/_sparse_mla_sm120.py:1355 run
   /usr/local/lib/python3.12/dist-packages/flashinfer/mla/_sparse_mla_sm120.py:893 _sparse_mla_sm120_paged_attention
   /usr/local/lib/python3.12/dist-packages/flashinfer/mla/_sparse_mla_sm120.py:722 _paged_attention
   /usr/local/lib/python3.12/dist-packages/flashinfer/mla/_sparse_mla_sm120.py:1594 sparse_mla_sm120_decode_dsv4
=== 17:40:49 anon 2.9 file 0.9 shmem 4.8 GiB
   /usr/local/lib/python3.12/dist-packages/vllm/models/deepseek_v4_1/attention.py:732 _prepare_and_attn
   /usr/local/lib/python3.12/dist-packages/vllm/compilation/breakable_cudagraph.py:104 wrapper
   /usr/local/lib/python3.12/dist-packages/vllm/models/deepseek_v4_1/attention.py:836 _sparse_indexer_and_attn
   /usr/local/lib/python3.12/dist-packages/vllm/models/deepseek_v4_1/nvidia/flashinfer_sparse.py:742 forward_mqa
   /usr/local/lib/python3.12/dist-packages/vllm/models/deepseek_v4_1/nvidia/flashinfer_sparse.py:682 _forward_sparse_impl
   /usr/local/lib/python3.12/dist-packages/vllm/models/deepseek_v4_1/nvidia/flashinfer_sparse.py:815 _forward_decode
   /usr/local/lib/python3.12/dist-packages/vllm/utils/flashinfer.py:179 wrapper
   /usr/local/lib/python3.12/dist-packages/flashinfer/mla/_core.py:2258 trtllm_batch_decode_sparse_mla_dsv4
   /usr/local/lib/python3.12/dist-packages/flashinfer/mla/_core.py:1527 _trtllm_batch_decode_sparse_mla_dsv4_sm120
   /usr/local/lib/python3.12/dist-packages/flashinfer/mla/_core.py:689 _trtllm_batch_decode_sparse_mla_sm120
   /usr/local/lib/python3.12/dist-packages/flashinfer/mla/_sparse_mla_sm120.py:1355 run
   /usr/local/lib/python3.12/dist-packages/flashinfer/mla/_sparse_mla_sm120.py:893 _sparse_mla_sm120_paged_attention
   /usr/local/lib/python3.12/dist-packages/flashinfer/mla/_sparse_mla_sm120.py:722 _paged_attention
   /usr/local/lib/python3.12/dist-packages/flashinfer/mla/_sparse_mla_sm120.py:1594 sparse_mla_sm120_decode_dsv4
=== 17:40:54 anon 2.9 file 0.9 shmem 4.8 GiB
   /usr/local/lib/python3.12/dist-packages/torch/nn/modules/module.py:1789 _call_impl
   /usr/local/lib/python3.12/dist-packages/vllm/models/deepseek_v4_1/nvidia/model.py:1085 forward
   /usr/local/lib/python3.12/dist-packages/torch/nn/modules/module.py:1778 _wrapped_call_impl
   /usr/local/lib/python3.12/dist-packages/torch/nn/modules/module.py:1789 _call_impl
   /usr/local/lib/python3.12/dist-packages/vllm/models/deepseek_v4_1/nvidia/model.py:626 forward
   /usr/local/lib/python3.12/dist-packages/torch/nn/modules/module.py:1778 _wrapped_call_impl
   /usr/local/lib/python3.12/dist-packages/torch/nn/modules/module.py:1789 _call_impl
   /usr/local/lib/python3.12/dist-packages/vllm/models/deepseek_v4_1/nvidia/model.py:385 forward
   /usr/local/lib/python3.12/dist-packages/vllm/model_executor/kernels/mhc/tilelang.py:619 mhc_post_tilelang
   /usr/local/lib/python3.12/dist-packages/vllm/utils/jit_monitor.py:510 _call_with_monitor
   /usr/local/lib/python3.12/dist-packages/vllm/utils/jit_monitor.py:401 _tilelang_cache_miss_key
   /usr/local/lib/python3.12/dist-packages/tilelang/language/eager/builder.py:1450 parse_args
   /usr/local/lib/python3.12/dist-packages/tilelang/language/eager/builder.py:1095 _parse_phase2_key
   /usr/local/lib/python3.12/dist-packages/tvm_ffi/container.py:507 __iter__
=== 17:40:59 anon 2.9 file 0.9 shmem 4.8 GiB
   /usr/local/lib/python3.12/dist-packages/torch/nn/modules/module.py:1789 _call_impl
   /usr/local/lib/python3.12/dist-packages/vllm/models/deepseek_v4_1/nvidia/model.py:1085 forward
   /usr/local/lib/python3.12/dist-packages/torch/nn/modules/module.py:1778 _wrapped_call_impl
   /usr/local/lib/python3.12/dist-packages/torch/nn/modules/module.py:1789 _call_impl
   /usr/local/lib/python3.12/dist-packages/vllm/models/deepseek_v4_1/nvidia/model.py:626 forward
   /usr/local/lib/python3.12/dist-packages/torch/nn/modules/module.py:1778 _wrapped_call_impl
   /usr/local/lib/python3.12/dist-packages/torch/nn/modules/module.py:1789 _call_impl
   /usr/local/lib/python3.12/dist-packages/vllm/models/deepseek_v4_1/nvidia/model.py:385 forward
   /usr/local/lib/python3.12/dist-packages/vllm/model_executor/kernels/mhc/tilelang.py:619 mhc_post_tilelang
   /usr/local/lib/python3.12/dist-packages/vllm/utils/jit_monitor.py:510 _call_with_monitor
   /usr/local/lib/python3.12/dist-packages/tilelang/jit/__init__.py:538 __call__
   /usr/local/lib/python3.12/dist-packages/tilelang/jit/kernel.py:202 __call__
   /usr/local/lib/python3.12/dist-packages/tilelang/jit/adapter/tvm_ffi.py:292 func
   /usr/local/lib/python3.12/dist-packages/tvm_ffi/module.py:299 __call__
=== 17:41:04 anon 2.9 file 0.9 shmem 4.8 GiB
   /usr/local/lib/python3.12/dist-packages/vllm/v1/executor/multiproc_executor.py:1033 worker_busy_loop
   /usr/local/lib/python3.12/dist-packages/vllm/v1/executor/multiproc_executor.py:1047 _execute_worker_rpc
   /usr/local/lib/python3.12/dist-packages/vllm/v1/worker/worker_base.py:375 execute_model
   /usr/local/lib/python3.12/dist-packages/torch/utils/_contextlib.py:124 decorate_context
   /usr/local/lib/python3.12/dist-packages/vllm/v1/worker/gpu_worker.py:1177 execute_model
   /usr/local/lib/python3.12/dist-packages/torch/utils/_contextlib.py:124 decorate_context
   /usr/local/lib/python3.12/dist-packages/vllm/v1/worker/gpu/model_runner.py:1728 execute_model
   /usr/local/lib/python3.12/dist-packages/vllm/models/deepseek_v4_1/nvidia/model_state.py:110 prepare_inputs
   /usr/local/lib/python3.12/dist-packages/torch/utils/_contextlib.py:124 decorate_context
   /usr/local/lib/python3.12/dist-packages/vllm/models/deepseek_v4_1/common/engram.py:1405 stage
   /usr/local/lib/python3.12/dist-packages/vllm/models/deepseek_v4_1/common/engram.py:818 gather_dequant_many
   /usr/local/lib/python3.12/dist-packages/vllm/models/deepseek_v4_1/common/engram.py:681 _kai_parallel_read
   /usr/lib/python3.12/concurrent/futures/_base.py:461 result
   /usr/lib/python3.12/threading.py:365 wait
=== 17:41:09 anon 2.8 file 0.9 shmem 4.8 GiB
   /usr/local/lib/python3.12/dist-packages/torch/nn/modules/module.py:1778 _wrapped_call_impl
   /usr/local/lib/python3.12/dist-packages/torch/nn/modules/module.py:1789 _call_impl
   /usr/local/lib/python3.12/dist-packages/vllm/models/deepseek_v4_1/nvidia/model.py:1085 forward
   /usr/local/lib/python3.12/dist-packages/torch/nn/modules/module.py:1778 _wrapped_call_impl
   /usr/local/lib/python3.12/dist-packages/torch/nn/modules/module.py:1789 _call_impl
   /usr/local/lib/python3.12/dist-packages/vllm/models/deepseek_v4_1/nvidia/model.py:626 forward
   /usr/local/lib/python3.12/dist-packages/torch/nn/modules/module.py:1778 _wrapped_call_impl
   /usr/local/lib/python3.12/dist-packages/torch/nn/modules/module.py:1789 _call_impl
   /usr/local/lib/python3.12/dist-packages/vllm/models/deepseek_v4_1/nvidia/model.py:384 forward
   /usr/local/lib/python3.12/dist-packages/torch/nn/modules/module.py:1778 _wrapped_call_impl
   /usr/local/lib/python3.12/dist-packages/torch/nn/modules/module.py:1789 _call_impl
   /usr/local/lib/python3.12/dist-packages/vllm/models/deepseek_v4_1/attention.py:587 forward
   /usr/local/lib/python3.12/dist-packages/vllm/models/deepseek_v4_1/nvidia/flashinfer_sparse.py:601 _o_proj
   /usr/local/lib/python3.12/dist-packages/vllm/models/deepseek_v4/nvidia/ops/o_proj.py:87 deep_gemm_fp8_o_proj
=== 17:41:15 anon 2.8 file 0.9 shmem 4.8 GiB
   /usr/local/lib/python3.12/dist-packages/vllm/models/deepseek_v4_1/nvidia/model.py:1085 forward
   /usr/local/lib/python3.12/dist-packages/torch/nn/modules/module.py:1778 _wrapped_call_impl
   /usr/local/lib/python3.12/dist-packages/torch/nn/modules/module.py:1789 _call_impl
   /usr/local/lib/python3.12/dist-packages/vllm/models/deepseek_v4_1/nvidia/model.py:626 forward
   /usr/local/lib/python3.12/dist-packages/torch/nn/modules/module.py:1778 _wrapped_call_impl
   /usr/local/lib/python3.12/dist-packages/torch/nn/modules/module.py:1789 _call_impl
   /usr/local/lib/python3.12/dist-packages/vllm/models/deepseek_v4_1/nvidia/model.py:385 forward
   /usr/local/lib/python3.12/dist-packages/torch/nn/modules/module.py:1778 _wrapped_call_impl
   /usr/local/lib/python3.12/dist-packages/torch/nn/modules/module.py:1789 _call_impl
   /usr/local/lib/python3.12/dist-packages/vllm/models/deepseek_v4/nvidia/model.py:1029 forward
   /usr/local/lib/python3.12/dist-packages/vllm/models/deepseek_v4/nvidia/model.py:1078 _forward_fused_moe
   /usr/local/lib/python3.12/dist-packages/torch/nn/modules/module.py:1778 _wrapped_call_impl
   /usr/local/lib/python3.12/dist-packages/torch/nn/modules/module.py:1789 _call_impl
   /usr/local/lib/python3.12/dist-packages/vllm/model_executor/layers/fused_moe/runner/moe_runner.py:788 forward
=== 17:41:20 anon 2.8 file 0.9 shmem 4.8 GiB
   /usr/local/lib/python3.12/dist-packages/torch/nn/modules/module.py:1789 _call_impl
   /usr/local/lib/python3.12/dist-packages/vllm/models/deepseek_v4_1/nvidia/model.py:1085 forward
   /usr/local/lib/python3.12/dist-packages/torch/nn/modules/module.py:1778 _wrapped_call_impl
   /usr/local/lib/python3.12/dist-packages/torch/nn/modules/module.py:1789 _call_impl
   /usr/local/lib/python3.12/dist-packages/vllm/models/deepseek_v4_1/nvidia/model.py:626 forward
   /usr/local/lib/python3.12/dist-packages/torch/nn/modules/module.py:1778 _wrapped_call_impl
   /usr/local/lib/python3.12/dist-packages/torch/nn/modules/module.py:1789 _call_impl
   /usr/local/lib/python3.12/dist-packages/vllm/models/deepseek_v4_1/nvidia/model.py:365 forward
   /usr/local/lib/python3.12/dist-packages/vllm/model_executor/kernels/mhc/tilelang.py:619 mhc_post_tilelang
   /usr/local/lib/python3.12/dist-packages/vllm/utils/jit_monitor.py:510 _call_with_monitor
   /usr/local/lib/python3.12/dist-packages/vllm/utils/jit_monitor.py:401 _tilelang_cache_miss_key
   /usr/local/lib/python3.12/dist-packages/tilelang/language/eager/builder.py:1450 parse_args
   /usr/local/lib/python3.12/dist-packages/tilelang/language/eager/builder.py:1095 _parse_phase2_key
   /usr/local/lib/python3.12/dist-packages/tvm_ffi/container.py:507 __iter__
=== 17:41:25 anon 2.8 file 0.9 shmem 4.8 GiB
   /usr/local/lib/python3.12/dist-packages/torch/nn/modules/module.py:1778 _wrapped_call_impl
   /usr/local/lib/python3.12/dist-packages/torch/nn/modules/module.py:1789 _call_impl
   /usr/local/lib/python3.12/dist-packages/vllm/models/deepseek_v4/nvidia/model.py:1029 forward
   /usr/local/lib/python3.12/dist-packages/vllm/models/deepseek_v4/nvidia/model.py:1078 _forward_fused_moe
   /usr/local/lib/python3.12/dist-packages/torch/nn/modules/module.py:1778 _wrapped_call_impl
   /usr/local/lib/python3.12/dist-packages/torch/nn/modules/module.py:1789 _call_impl
   /usr/local/lib/python3.12/dist-packages/vllm/model_executor/layers/fused_moe/runner/moe_runner.py:788 forward
   /usr/local/lib/python3.12/dist-packages/torch/_ops.py:1279 __call__
   /usr/local/lib/python3.12/dist-packages/vllm/model_executor/layers/fused_moe/runner/moe_runner.py:162 _moe_forward_shared
   /usr/local/lib/python3.12/dist-packages/vllm/model_executor/layers/fused_moe/runner/moe_runner.py:904 _forward_impl
   /usr/local/lib/python3.12/dist-packages/vllm/model_executor/layers/fused_moe/runner/moe_runner.py:642 _apply_quant_method
   /usr/local/lib/python3.12/dist-packages/vllm/model_executor/layers/fused_moe/routed_experts.py:1252 forward_modular
   /usr/local/lib/python3.12/dist-packages/cuda_exl3/moe.py:567 apply
   /usr/local/lib/python3.12/dist-packages/cuda_exl3/moe.py:157 _glu_had_in
=== 17:41:30 anon 2.8 file 0.9 shmem 4.8 GiB
   /usr/lib/python3.12/multiprocessing/process.py:314 _bootstrap
   /usr/lib/python3.12/multiprocessing/process.py:108 run
   /usr/local/lib/python3.12/dist-packages/vllm/v1/executor/multiproc_executor.py:935 worker_main
   /usr/local/lib/python3.12/dist-packages/vllm/v1/executor/multiproc_executor.py:1033 worker_busy_loop
   /usr/local/lib/python3.12/dist-packages/vllm/v1/executor/multiproc_executor.py:1047 _execute_worker_rpc
   /usr/local/lib/python3.12/dist-packages/vllm/v1/worker/worker_base.py:375 execute_model
   /usr/local/lib/python3.12/dist-packages/torch/utils/_contextlib.py:124 decorate_context
   /usr/local/lib/python3.12/dist-packages/vllm/v1/worker/gpu_worker.py:1177 execute_model
   /usr/local/lib/python3.12/dist-packages/torch/utils/_contextlib.py:124 decorate_context
   /usr/local/lib/python3.12/dist-packages/vllm/v1/worker/gpu/model_runner.py:1728 execute_model
   /usr/local/lib/python3.12/dist-packages/vllm/models/deepseek_v4_1/nvidia/model_state.py:110 prepare_inputs
   /usr/local/lib/python3.12/dist-packages/torch/utils/_contextlib.py:124 decorate_context
   /usr/local/lib/python3.12/dist-packages/vllm/models/deepseek_v4_1/common/engram.py:1399 stage
   /usr/local/lib/python3.12/dist-packages/torch/cuda/streams.py:254 synchronize
=== 17:41:35 anon 2.8 file 0.9 shmem 4.8 GiB
   /usr/local/lib/python3.12/dist-packages/vllm/models/deepseek_v4_1/nvidia/model.py:1092 forward
   /usr/local/lib/python3.12/dist-packages/torch/nn/modules/module.py:1778 _wrapped_call_impl
   /usr/local/lib/python3.12/dist-packages/torch/nn/modules/module.py:1789 _call_impl
   /usr/local/lib/python3.12/dist-packages/vllm/models/deepseek_v4_1/nvidia/model.py:681 forward
   /usr/local/lib/python3.12/dist-packages/torch/nn/modules/module.py:1778 _wrapped_call_impl
   /usr/local/lib/python3.12/dist-packages/torch/nn/modules/module.py:1789 _call_impl
   /usr/local/lib/python3.12/dist-packages/vllm/model_executor/custom_op.py:136 forward
   /usr/local/lib/python3.12/dist-packages/vllm/model_executor/layers/layernorm.py:115 forward_cuda
   /usr/local/lib/python3.12/dist-packages/vllm/model_executor/layers/layernorm.py:81 forward_native
   /usr/local/lib/python3.12/dist-packages/vllm/ir/op.py:370 __call__
   /usr/local/lib/python3.12/dist-packages/vllm/ir/op.py:313 _inner_call
   /usr/local/lib/python3.12/dist-packages/vllm/ir/op.py:656 func_impl_fn
   /usr/local/lib/python3.12/dist-packages/vllm/kernels/vllm_c.py:44 rms_norm
   /usr/local/lib/python3.12/dist-packages/torch/_ops.py:1279 __call__
=== 17:41:40 anon 2.8 file 0.9 shmem 4.8 GiB
   /usr/local/lib/python3.12/dist-packages/vllm/models/deepseek_v4_1/nvidia/model.py:385 forward
   /usr/local/lib/python3.12/dist-packages/torch/nn/modules/module.py:1778 _wrapped_call_impl
   /usr/local/lib/python3.12/dist-packages/torch/nn/modules/module.py:1789 _call_impl
   /usr/local/lib/python3.12/dist-packages/vllm/models/deepseek_v4/nvidia/model.py:1029 forward
   /usr/local/lib/python3.12/dist-packages/vllm/models/deepseek_v4/nvidia/model.py:1078 _forward_fused_moe
   /usr/local/lib/python3.12/dist-packages/torch/nn/modules/module.py:1778 _wrapped_call_impl
   /usr/local/lib/python3.12/dist-packages/torch/nn/modules/module.py:1789 _call_impl
   /usr/local/lib/python3.12/dist-packages/vllm/model_executor/layers/fused_moe/runner/moe_runner.py:788 forward
   /usr/local/lib/python3.12/dist-packages/torch/_ops.py:1279 __call__
   /usr/local/lib/python3.12/dist-packages/vllm/model_executor/layers/fused_moe/runner/moe_runner.py:162 _moe_forward_shared
   /usr/local/lib/python3.12/dist-packages/vllm/model_executor/layers/fused_moe/runner/moe_runner.py:904 _forward_impl
   /usr/local/lib/python3.12/dist-packages/vllm/model_executor/layers/fused_moe/runner/moe_runner.py:642 _apply_quant_method
   /usr/local/lib/python3.12/dist-packages/vllm/model_executor/layers/fused_moe/routed_experts.py:1252 forward_modular
   /usr/local/lib/python3.12/dist-packages/cuda_exl3/moe.py:567 apply
=== 17:41:45 anon 2.8 file 0.9 shmem 4.8 GiB
   /usr/local/lib/python3.12/dist-packages/torch/nn/modules/module.py:1789 _call_impl
   /usr/local/lib/python3.12/dist-packages/vllm/models/deepseek_v4_1/nvidia/model.py:1085 forward
   /usr/local/lib/python3.12/dist-packages/torch/nn/modules/module.py:1778 _wrapped_call_impl
   /usr/local/lib/python3.12/dist-packages/torch/nn/modules/module.py:1789 _call_impl
   /usr/local/lib/python3.12/dist-packages/vllm/models/deepseek_v4_1/nvidia/model.py:626 forward
   /usr/local/lib/python3.12/dist-packages/torch/nn/modules/module.py:1778 _wrapped_call_impl
   /usr/local/lib/python3.12/dist-packages/torch/nn/modules/module.py:1789 _call_impl
   /usr/local/lib/python3.12/dist-packages/vllm/models/deepseek_v4_1/nvidia/model.py:365 forward
   /usr/local/lib/python3.12/dist-packages/vllm/model_executor/kernels/mhc/tilelang.py:619 mhc_post_tilelang
   /usr/local/lib/python3.12/dist-packages/vllm/utils/jit_monitor.py:510 _call_with_monitor
   /usr/local/lib/python3.12/dist-packages/vllm/utils/jit_monitor.py:401 _tilelang_cache_miss_key
   /usr/local/lib/python3.12/dist-packages/tilelang/language/eager/builder.py:1450 parse_args
   /usr/local/lib/python3.12/dist-packages/tilelang/language/eager/builder.py:1095 _parse_phase2_key
   /usr/local/lib/python3.12/dist-packages/tvm_ffi/container.py:507 __iter__
=== 17:41:50 anon 2.8 file 0.9 shmem 4.8 GiB
   /usr/local/lib/python3.12/dist-packages/torch/utils/_contextlib.py:124 decorate_context
   /usr/local/lib/python3.12/dist-packages/vllm/v1/worker/gpu/model_runner.py:1796 execute_model
   /usr/local/lib/python3.12/dist-packages/torch/nn/modules/module.py:1778 _wrapped_call_impl
   /usr/local/lib/python3.12/dist-packages/torch/nn/modules/module.py:1789 _call_impl
   /usr/local/lib/python3.12/dist-packages/vllm/models/deepseek_v4_1/nvidia/vl_model.py:317 forward
   /usr/local/lib/python3.12/dist-packages/torch/nn/modules/module.py:1778 _wrapped_call_impl
   /usr/local/lib/python3.12/dist-packages/torch/nn/modules/module.py:1789 _call_impl
   /usr/local/lib/python3.12/dist-packages/vllm/models/deepseek_v4_1/nvidia/model.py:1085 forward
   /usr/local/lib/python3.12/dist-packages/torch/nn/modules/module.py:1778 _wrapped_call_impl
   /usr/local/lib/python3.12/dist-packages/torch/nn/modules/module.py:1789 _call_impl
   /usr/local/lib/python3.12/dist-packages/vllm/models/deepseek_v4_1/nvidia/model.py:626 forward
   /usr/local/lib/python3.12/dist-packages/torch/nn/modules/module.py:1778 _wrapped_call_impl
   /usr/local/lib/python3.12/dist-packages/torch/nn/modules/module.py:1789 _call_impl
   /usr/local/lib/python3.12/dist-packages/vllm/models/deepseek_v4_1/nvidia/model.py:370 forward
=== 17:41:55 anon 2.8 file 0.9 shmem 4.8 GiB
   /usr/local/lib/python3.12/dist-packages/vllm/model_executor/layers/quantization/modelopt.py:2451 <lambda>
   /usr/local/lib/python3.12/dist-packages/vllm/model_executor/kernels/linear/mxfp8/flashinfer.py:114 apply_weights
   /usr/local/lib/python3.12/dist-packages/torch/_library/custom_ops.py:863 __call__
   /usr/local/lib/python3.12/dist-packages/torch/_ops.py:875 __call__
   /usr/local/lib/python3.12/dist-packages/torch/_library/custom_ops.py:482 backend_impl
   /usr/local/lib/python3.12/dist-packages/torch/_compile.py:54 inner
   /usr/local/lib/python3.12/dist-packages/torch/_dynamo/eval_frame.py:1450 _fn
   /usr/local/lib/python3.12/dist-packages/torch/_library/custom_ops.py:502 wrapped_fn
   /usr/local/lib/python3.12/dist-packages/vllm/utils/flashinfer.py:920 mm_mxfp8
   /usr/local/lib/python3.12/dist-packages/flashinfer/utils.py:1561 wrapper
   /usr/local/lib/python3.12/dist-packages/flashinfer/api_logging.py:2348 _auto_dump_wrapper
   /usr/local/lib/python3.12/dist-packages/flashinfer/gemm/gemm_base.py:6275 mm_mxfp8
   /usr/local/lib/python3.12/dist-packages/flashinfer/autotuner/autotuner.py:764 __call__
   /usr/local/lib/python3.12/dist-packages/flashinfer/gemm/gemm_base.py:5282 forward
=== 17:42:00 anon 2.8 file 0.9 shmem 4.8 GiB
   /usr/local/lib/python3.12/dist-packages/torch/nn/modules/module.py:1789 _call_impl
   /usr/local/lib/python3.12/dist-packages/vllm/model_executor/layers/linear.py:610 forward
   /usr/local/lib/python3.12/dist-packages/vllm/model_executor/layers/quantization/modelopt.py:2447 apply
   /usr/local/lib/python3.12/dist-packages/vllm/model_executor/layers/quantization/modelopt.py:2296 apply
   /usr/local/lib/python3.12/dist-packages/vllm/model_executor/layers/quantization/modelopt.py:2451 <lambda>
   /usr/local/lib/python3.12/dist-packages/vllm/model_executor/kernels/linear/mxfp8/flashinfer.py:114 apply_weights
   /usr/local/lib/python3.12/dist-packages/vllm/model_executor/layers/quantization/utils/mxfp8_utils.py:227 mxfp8_e4m3_quantize
   /usr/local/lib/python3.12/dist-packages/torch/_ops.py:1279 __call__
   /usr/local/lib/python3.12/dist-packages/vllm/model_executor/layers/quantization/utils/mxfp8_utils.py:206 _mxfp8_e4m3_quantize_impl
   /usr/local/lib/python3.12/dist-packages/flashinfer/api_logging.py:2348 _auto_dump_wrapper
   /usr/local/lib/python3.12/dist-packages/flashinfer/quantization/fp8_quantization.py:246 mxfp8_quantize
   /usr/local/lib/python3.12/dist-packages/flashinfer/quantization/kernels/mxfp8_quantize.py:980 mxfp8_quantize_cute_dsl
   /usr/local/lib/python3.12/dist-packages/nvidia_cutlass_dsl/dsl_packages/cutlass/cutlass_dsl/tvm_ffi_provider.py:685 __call__
   <string>:3 wrapper
=== 17:42:05 anon 2.8 file 0.9 shmem 4.8 GiB
   /usr/local/lib/python3.12/dist-packages/vllm/v1/worker/worker_base.py:375 execute_model
   /usr/local/lib/python3.12/dist-packages/torch/utils/_contextlib.py:124 decorate_context
   /usr/local/lib/python3.12/dist-packages/vllm/v1/worker/gpu_worker.py:1177 execute_model
   /usr/local/lib/python3.12/dist-packages/torch/utils/_contextlib.py:124 decorate_context
   /usr/local/lib/python3.12/dist-packages/vllm/v1/worker/gpu/model_runner.py:1796 execute_model
   /usr/local/lib/python3.12/dist-packages/torch/nn/modules/module.py:1778 _wrapped_call_impl
   /usr/local/lib/python3.12/dist-packages/torch/nn/modules/module.py:1789 _call_impl
   /usr/local/lib/python3.12/dist-packages/vllm/models/deepseek_v4_1/nvidia/vl_model.py:317 forward
   /usr/local/lib/python3.12/dist-packages/torch/nn/modules/module.py:1778 _wrapped_call_impl
   /usr/local/lib/python3.12/dist-packages/torch/nn/modules/module.py:1789 _call_impl
   /usr/local/lib/python3.12/dist-packages/vllm/models/deepseek_v4_1/nvidia/model.py:1085 forward
   /usr/local/lib/python3.12/dist-packages/torch/nn/modules/module.py:1778 _wrapped_call_impl
   /usr/local/lib/python3.12/dist-packages/torch/nn/modules/module.py:1789 _call_impl
   /usr/local/lib/python3.12/dist-packages/vllm/models/deepseek_v4_1/nvidia/model.py:626 forward
=== 17:42:10 anon 2.8 file 0.9 shmem 4.8 GiB
   /usr/local/lib/python3.12/dist-packages/vllm/models/deepseek_v4_1/nvidia/model.py:384 forward
   /usr/local/lib/python3.12/dist-packages/torch/nn/modules/module.py:1778 _wrapped_call_impl
   /usr/local/lib/python3.12/dist-packages/torch/nn/modules/module.py:1789 _call_impl
   /usr/local/lib/python3.12/dist-packages/vllm/models/deepseek_v4_1/attention.py:587 forward
   /usr/local/lib/python3.12/dist-packages/vllm/models/deepseek_v4_1/attention.py:732 _prepare_and_attn
   /usr/local/lib/python3.12/dist-packages/vllm/compilation/breakable_cudagraph.py:104 wrapper
   /usr/local/lib/python3.12/dist-packages/vllm/models/deepseek_v4_1/attention.py:836 _sparse_indexer_and_attn
   /usr/local/lib/python3.12/dist-packages/vllm/models/deepseek_v4_1/nvidia/flashinfer_sparse.py:742 forward_mqa
   /usr/local/lib/python3.12/dist-packages/vllm/models/deepseek_v4_1/nvidia/flashinfer_sparse.py:682 _forward_sparse_impl
   /usr/local/lib/python3.12/dist-packages/vllm/models/deepseek_v4_1/nvidia/flashinfer_sparse.py:815 _forward_decode
   /usr/local/lib/python3.12/dist-packages/vllm/utils/flashinfer.py:179 wrapper
   /usr/local/lib/python3.12/dist-packages/flashinfer/mla/_core.py:2258 trtllm_batch_decode_sparse_mla_dsv4
   /usr/local/lib/python3.12/dist-packages/flashinfer/mla/_core.py:1527 _trtllm_batch_decode_sparse_mla_dsv4_sm120
   /usr/local/lib/python3.12/dist-packages/flashinfer/mla/_core.py:689 _trtllm_batch_decode_sparse_mla_sm120
=== 17:42:15 anon 2.8 file 0.9 shmem 4.8 GiB
   /usr/lib/python3.12/multiprocessing/process.py:314 _bootstrap
   /usr/lib/python3.12/multiprocessing/process.py:108 run
   /usr/local/lib/python3.12/dist-packages/vllm/v1/executor/multiproc_executor.py:935 worker_main
   /usr/local/lib/python3.12/dist-packages/vllm/v1/executor/multiproc_executor.py:1033 worker_busy_loop
   /usr/local/lib/python3.12/dist-packages/vllm/v1/executor/multiproc_executor.py:1047 _execute_worker_rpc
   /usr/local/lib/python3.12/dist-packages/vllm/v1/worker/worker_base.py:375 execute_model
   /usr/local/lib/python3.12/dist-packages/torch/utils/_contextlib.py:124 decorate_context
   /usr/local/lib/python3.12/dist-packages/vllm/v1/worker/gpu_worker.py:1177 execute_model
   /usr/local/lib/python3.12/dist-packages/torch/utils/_contextlib.py:124 decorate_context
   /usr/local/lib/python3.12/dist-packages/vllm/v1/worker/gpu/model_runner.py:1728 execute_model
   /usr/local/lib/python3.12/dist-packages/vllm/models/deepseek_v4_1/nvidia/model_state.py:110 prepare_inputs
   /usr/local/lib/python3.12/dist-packages/torch/utils/_contextlib.py:124 decorate_context
   /usr/local/lib/python3.12/dist-packages/vllm/models/deepseek_v4_1/common/engram.py:1399 stage
   /usr/local/lib/python3.12/dist-packages/torch/cuda/streams.py:254 synchronize
=== 17:42:20 anon 2.8 file 0.9 shmem 4.8 GiB
   /usr/local/lib/python3.12/dist-packages/torch/nn/modules/module.py:1778 _wrapped_call_impl
   /usr/local/lib/python3.12/dist-packages/torch/nn/modules/module.py:1789 _call_impl
   /usr/local/lib/python3.12/dist-packages/vllm/models/deepseek_v4_1/nvidia/model.py:1085 forward
   /usr/local/lib/python3.12/dist-packages/torch/nn/modules/module.py:1778 _wrapped_call_impl
   /usr/local/lib/python3.12/dist-packages/torch/nn/modules/module.py:1789 _call_impl
   /usr/local/lib/python3.12/dist-packages/vllm/models/deepseek_v4_1/nvidia/model.py:626 forward
   /usr/local/lib/python3.12/dist-packages/torch/nn/modules/module.py:1778 _wrapped_call_impl
   /usr/local/lib/python3.12/dist-packages/torch/nn/modules/module.py:1789 _call_impl
   /usr/local/lib/python3.12/dist-packages/vllm/models/deepseek_v4_1/nvidia/model.py:384 forward
   /usr/local/lib/python3.12/dist-packages/vllm/model_executor/kernels/mhc/tilelang.py:217 mhc_pre_delayed_tilelang
   /usr/local/lib/python3.12/dist-packages/vllm/model_executor/kernels/mhc/warmup.py:71 __call__
   /usr/local/lib/python3.12/dist-packages/tilelang/jit/kernel.py:202 __call__
   /usr/local/lib/python3.12/dist-packages/tilelang/jit/adapter/tvm_ffi.py:292 func
   /usr/local/lib/python3.12/dist-packages/tvm_ffi/module.py:299 __call__
=== 17:42:25 anon 2.8 file 0.9 shmem 4.8 GiB
   /usr/local/lib/python3.12/dist-packages/torch/nn/modules/module.py:1778 _wrapped_call_impl
   /usr/local/lib/python3.12/dist-packages/torch/nn/modules/module.py:1789 _call_impl
   /usr/local/lib/python3.12/dist-packages/vllm/models/deepseek_v4_1/attention.py:587 forward
   /usr/local/lib/python3.12/dist-packages/vllm/models/deepseek_v4_1/attention.py:732 _prepare_and_attn
   /usr/local/lib/python3.12/dist-packages/vllm/utils/multi_stream_utils.py:62 maybe_execute_in_parallel
   /usr/local/lib/python3.12/dist-packages/vllm/models/deepseek_v4_1/attention.py:711 prepare_indexer
   /usr/local/lib/python3.12/dist-packages/torch/nn/modules/module.py:1778 _wrapped_call_impl
   /usr/local/lib/python3.12/dist-packages/torch/nn/modules/module.py:1789 _call_impl
   /usr/local/lib/python3.12/dist-packages/vllm/models/deepseek_v4_1/attention.py:1227 forward
   /usr/local/lib/python3.12/dist-packages/vllm/models/deepseek_v4_1/attention.py:1181 _produce_k
   /usr/local/lib/python3.12/dist-packages/vllm/models/deepseek_v4_1/common/ops/indexer_k_store.py:93 indexer_k_norm_rope_store
   /usr/local/lib/python3.12/dist-packages/triton/runtime/jit.py:370 <lambda>
   /usr/local/lib/python3.12/dist-packages/triton/runtime/jit.py:763 run
   /usr/local/lib/python3.12/dist-packages/triton/backends/nvidia/driver.py:328 __call__
=== 17:42:30 anon 2.8 file 0.9 shmem 4.8 GiB
   /usr/local/lib/python3.12/dist-packages/torch/nn/modules/module.py:1789 _call_impl
   /usr/local/lib/python3.12/dist-packages/vllm/models/deepseek_v4_1/nvidia/model.py:384 forward
   /usr/local/lib/python3.12/dist-packages/torch/nn/modules/module.py:1778 _wrapped_call_impl
   /usr/local/lib/python3.12/dist-packages/torch/nn/modules/module.py:1789 _call_impl
   /usr/local/lib/python3.12/dist-packages/vllm/models/deepseek_v4_1/attention.py:587 forward
   /usr/local/lib/python3.12/dist-packages/vllm/models/deepseek_v4_1/attention.py:732 _prepare_and_attn
   /usr/local/lib/python3.12/dist-packages/vllm/compilation/breakable_cudagraph.py:104 wrapper
   /usr/local/lib/python3.12/dist-packages/vllm/models/deepseek_v4_1/attention.py:836 _sparse_indexer_and_attn
   /usr/local/lib/python3.12/dist-packages/vllm/models/deepseek_v4_1/nvidia/flashinfer_sparse.py:742 forward_mqa
   /usr/local/lib/python3.12/dist-packages/vllm/models/deepseek_v4_1/nvidia/flashinfer_sparse.py:682 _forward_sparse_impl
   /usr/local/lib/python3.12/dist-packages/vllm/models/deepseek_v4_1/nvidia/flashinfer_sparse.py:815 _forward_decode
   /usr/local/lib/python3.12/dist-packages/vllm/utils/flashinfer.py:179 wrapper
   /usr/local/lib/python3.12/dist-packages/flashinfer/mla/_core.py:2258 trtllm_batch_decode_sparse_mla_dsv4
   /usr/local/lib/python3.12/dist-packages/flashinfer/mla/_core.py:1527 _trtllm_batch_decode_sparse_mla_dsv4_sm120
=== 17:42:35 anon 2.8 file 0.9 shmem 4.8 GiB
   /usr/local/lib/python3.12/dist-packages/vllm/models/deepseek_v4_1/nvidia/model.py:1085 forward
   /usr/local/lib/python3.12/dist-packages/torch/nn/modules/module.py:1778 _wrapped_call_impl
   /usr/local/lib/python3.12/dist-packages/torch/nn/modules/module.py:1789 _call_impl
   /usr/local/lib/python3.12/dist-packages/vllm/models/deepseek_v4_1/nvidia/model.py:626 forward
   /usr/local/lib/python3.12/dist-packages/torch/nn/modules/module.py:1778 _wrapped_call_impl
   /usr/local/lib/python3.12/dist-packages/torch/nn/modules/module.py:1789 _call_impl
   /usr/local/lib/python3.12/dist-packages/vllm/models/deepseek_v4_1/nvidia/model.py:385 forward
   /usr/local/lib/python3.12/dist-packages/torch/nn/modules/module.py:1778 _wrapped_call_impl
   /usr/local/lib/python3.12/dist-packages/torch/nn/modules/module.py:1789 _call_impl
   /usr/local/lib/python3.12/dist-packages/vllm/models/deepseek_v4/nvidia/model.py:1029 forward
   /usr/local/lib/python3.12/dist-packages/vllm/models/deepseek_v4/nvidia/model.py:1078 _forward_fused_moe
   /usr/local/lib/python3.12/dist-packages/torch/nn/modules/module.py:1778 _wrapped_call_impl
   /usr/local/lib/python3.12/dist-packages/torch/nn/modules/module.py:1789 _call_impl
   /usr/local/lib/python3.12/dist-packages/vllm/model_executor/layers/fused_moe/runner/moe_runner.py:788 forward
=== 17:42:40 anon 2.8 file 0.9 shmem 4.8 GiB
   /usr/local/lib/python3.12/dist-packages/vllm/models/deepseek_v4/nvidia/model.py:1029 forward
   /usr/local/lib/python3.12/dist-packages/vllm/models/deepseek_v4/nvidia/model.py:1078 _forward_fused_moe
   /usr/local/lib/python3.12/dist-packages/torch/nn/modules/module.py:1778 _wrapped_call_impl
   /usr/local/lib/python3.12/dist-packages/torch/nn/modules/module.py:1789 _call_impl
   /usr/local/lib/python3.12/dist-packages/vllm/model_executor/layers/fused_moe/runner/moe_runner.py:788 forward
   /usr/local/lib/python3.12/dist-packages/torch/_ops.py:1279 __call__
   /usr/local/lib/python3.12/dist-packages/vllm/model_executor/layers/fused_moe/runner/moe_runner.py:162 _moe_forward_shared
   /usr/local/lib/python3.12/dist-packages/vllm/model_executor/layers/fused_moe/runner/moe_runner.py:904 _forward_impl
   /usr/local/lib/python3.12/dist-packages/vllm/model_executor/layers/fused_moe/runner/moe_runner.py:642 _apply_quant_method
   /usr/local/lib/python3.12/dist-packages/vllm/model_executor/layers/fused_moe/routed_experts.py:1252 forward_modular
   /usr/local/lib/python3.12/dist-packages/cuda_exl3/moe.py:567 apply
   /usr/local/lib/python3.12/dist-packages/vllm/model_executor/layers/fused_moe/moe_align_block_size.py:103 moe_align_block_size
   /usr/local/lib/python3.12/dist-packages/vllm/_custom_ops.py:2327 moe_align_block_size
   /usr/local/lib/python3.12/dist-packages/torch/_ops.py:1279 __call__
=== 17:42:45 anon 2.8 file 0.9 shmem 4.8 GiB
   /usr/local/lib/python3.12/dist-packages/torch/utils/_contextlib.py:124 decorate_context
   /usr/local/lib/python3.12/dist-packages/vllm/v1/worker/gpu/model_runner.py:1796 execute_model
   /usr/local/lib/python3.12/dist-packages/torch/nn/modules/module.py:1778 _wrapped_call_impl
   /usr/local/lib/python3.12/dist-packages/torch/nn/modules/module.py:1789 _call_impl
   /usr/local/lib/python3.12/dist-packages/vllm/models/deepseek_v4_1/nvidia/vl_model.py:317 forward
   /usr/local/lib/python3.12/dist-packages/torch/nn/modules/module.py:1778 _wrapped_call_impl
   /usr/local/lib/python3.12/dist-packages/torch/nn/modules/module.py:1789 _call_impl
   /usr/local/lib/python3.12/dist-packages/vllm/models/deepseek_v4_1/nvidia/model.py:1085 forward
   /usr/local/lib/python3.12/dist-packages/torch/nn/modules/module.py:1778 _wrapped_call_impl
   /usr/local/lib/python3.12/dist-packages/torch/nn/modules/module.py:1789 _call_impl
   /usr/local/lib/python3.12/dist-packages/vllm/models/deepseek_v4_1/nvidia/model.py:626 forward
   /usr/local/lib/python3.12/dist-packages/torch/nn/modules/module.py:1778 _wrapped_call_impl
   /usr/local/lib/python3.12/dist-packages/torch/nn/modules/module.py:1789 _call_impl
   /usr/local/lib/python3.12/dist-packages/vllm/models/deepseek_v4_1/nvidia/model.py:384 forward
=== 17:42:50 anon 2.8 file 0.9 shmem 4.8 GiB
   /usr/local/lib/python3.12/dist-packages/vllm/models/deepseek_v4/nvidia/model.py:1029 forward
   /usr/local/lib/python3.12/dist-packages/vllm/models/deepseek_v4/nvidia/model.py:1078 _forward_fused_moe
   /usr/local/lib/python3.12/dist-packages/torch/nn/modules/module.py:1778 _wrapped_call_impl
   /usr/local/lib/python3.12/dist-packages/torch/nn/modules/module.py:1789 _call_impl
   /usr/local/lib/python3.12/dist-packages/vllm/model_executor/layers/fused_moe/runner/moe_runner.py:788 forward
   /usr/local/lib/python3.12/dist-packages/torch/_ops.py:1279 __call__
   /usr/local/lib/python3.12/dist-packages/vllm/model_executor/layers/fused_moe/runner/moe_runner.py:162 _moe_forward_shared
   /usr/local/lib/python3.12/dist-packages/vllm/model_executor/layers/fused_moe/runner/moe_runner.py:904 _forward_impl
   /usr/local/lib/python3.12/dist-packages/vllm/model_executor/layers/fused_moe/runner/moe_runner.py:642 _apply_quant_method
   /usr/local/lib/python3.12/dist-packages/vllm/model_executor/layers/fused_moe/routed_experts.py:1252 forward_modular
   /usr/local/lib/python3.12/dist-packages/cuda_exl3/moe.py:567 apply
   /usr/local/lib/python3.12/dist-packages/vllm/model_executor/layers/fused_moe/moe_align_block_size.py:103 moe_align_block_size
   /usr/local/lib/python3.12/dist-packages/vllm/_custom_ops.py:2327 moe_align_block_size
   /usr/local/lib/python3.12/dist-packages/torch/_ops.py:1279 __call__
=== 17:42:55 anon 2.8 file 0.9 shmem 4.8 GiB
   /usr/lib/python3.12/multiprocessing/process.py:314 _bootstrap
   /usr/lib/python3.12/multiprocessing/process.py:108 run
   /usr/local/lib/python3.12/dist-packages/vllm/v1/executor/multiproc_executor.py:935 worker_main
   /usr/local/lib/python3.12/dist-packages/vllm/v1/executor/multiproc_executor.py:1033 worker_busy_loop
   /usr/local/lib/python3.12/dist-packages/vllm/v1/executor/multiproc_executor.py:1047 _execute_worker_rpc
   /usr/local/lib/python3.12/dist-packages/vllm/v1/worker/worker_base.py:375 execute_model
   /usr/local/lib/python3.12/dist-packages/torch/utils/_contextlib.py:124 decorate_context
   /usr/local/lib/python3.12/dist-packages/vllm/v1/worker/gpu_worker.py:1177 execute_model
   /usr/local/lib/python3.12/dist-packages/torch/utils/_contextlib.py:124 decorate_context
   /usr/local/lib/python3.12/dist-packages/vllm/v1/worker/gpu/model_runner.py:1728 execute_model
   /usr/local/lib/python3.12/dist-packages/vllm/models/deepseek_v4_1/nvidia/model_state.py:110 prepare_inputs
   /usr/local/lib/python3.12/dist-packages/torch/utils/_contextlib.py:124 decorate_context
   /usr/local/lib/python3.12/dist-packages/vllm/models/deepseek_v4_1/common/engram.py:1399 stage
   /usr/local/lib/python3.12/dist-packages/torch/cuda/streams.py:254 synchronize
=== 17:43:00 anon 2.8 file 0.9 shmem 4.8 GiB
   /usr/local/lib/python3.12/dist-packages/torch/nn/modules/module.py:1778 _wrapped_call_impl
   /usr/local/lib/python3.12/dist-packages/torch/nn/modules/module.py:1789 _call_impl
   /usr/local/lib/python3.12/dist-packages/vllm/models/deepseek_v4_1/nvidia/model.py:626 forward
   /usr/local/lib/python3.12/dist-packages/torch/nn/modules/module.py:1778 _wrapped_call_impl
   /usr/local/lib/python3.12/dist-packages/torch/nn/modules/module.py:1789 _call_impl
   /usr/local/lib/python3.12/dist-packages/vllm/models/deepseek_v4_1/nvidia/model.py:384 forward
   /usr/local/lib/python3.12/dist-packages/torch/nn/modules/module.py:1778 _wrapped_call_impl
   /usr/local/lib/python3.12/dist-packages/torch/nn/modules/module.py:1789 _call_impl
   /usr/local/lib/python3.12/dist-packages/vllm/models/deepseek_v4_1/attention.py:587 forward
   /usr/local/lib/python3.12/dist-packages/vllm/models/deepseek_v4_1/nvidia/flashinfer_sparse.py:601 _o_proj
   /usr/local/lib/python3.12/dist-packages/vllm/models/deepseek_v4/nvidia/ops/o_proj.py:87 deep_gemm_fp8_o_proj
   /usr/local/lib/python3.12/dist-packages/vllm/models/deepseek_v4/common/ops/fused_inv_rope_fp8_quant.py:251 fused_inv_rope_fp8_quant
   /usr/local/lib/python3.12/dist-packages/torch/_ops.py:1279 __call__
   /usr/local/lib/python3.12/dist-packages/vllm/models/deepseek_v4/common/ops/fused_inv_rope_fp8_quant.py:323 _fused_inv_rope_fp8_quant_kernel_impl
=== 17:43:05 anon 2.8 file 0.9 shmem 4.8 GiB
   /usr/lib/python3.12/multiprocessing/process.py:314 _bootstrap
   /usr/lib/python3.12/multiprocessing/process.py:108 run
   /usr/local/lib/python3.12/dist-packages/vllm/v1/executor/multiproc_executor.py:935 worker_main
   /usr/local/lib/python3.12/dist-packages/vllm/v1/executor/multiproc_executor.py:1033 worker_busy_loop
   /usr/local/lib/python3.12/dist-packages/vllm/v1/executor/multiproc_executor.py:1047 _execute_worker_rpc
   /usr/local/lib/python3.12/dist-packages/vllm/v1/worker/worker_base.py:375 execute_model
   /usr/local/lib/python3.12/dist-packages/torch/utils/_contextlib.py:124 decorate_context
   /usr/local/lib/python3.12/dist-packages/vllm/v1/worker/gpu_worker.py:1177 execute_model
   /usr/local/lib/python3.12/dist-packages/torch/utils/_contextlib.py:124 decorate_context
   /usr/local/lib/python3.12/dist-packages/vllm/v1/worker/gpu/model_runner.py:1677 execute_model
   /usr/local/lib/python3.12/dist-packages/vllm/v1/worker/gpu/model_states/default.py:208 prepare_attn
   /usr/local/lib/python3.12/dist-packages/vllm/v1/worker/gpu/attn_utils.py:336 build_attn_metadata
   /usr/local/lib/python3.12/dist-packages/vllm/v1/attention/backends/mla/sparse_swa.py:695 build
   /usr/local/lib/python3.12/dist-packages/vllm/v1/attention/backend.py:525 token_to_req_indices
=== 17:43:10 anon 2.8 file 0.9 shmem 4.8 GiB
   /usr/lib/python3.12/multiprocessing/process.py:314 _bootstrap
   /usr/lib/python3.12/multiprocessing/process.py:108 run
   /usr/local/lib/python3.12/dist-packages/vllm/v1/executor/multiproc_executor.py:935 worker_main
   /usr/local/lib/python3.12/dist-packages/vllm/v1/executor/multiproc_executor.py:1033 worker_busy_loop
   /usr/local/lib/python3.12/dist-packages/vllm/v1/executor/multiproc_executor.py:1047 _execute_worker_rpc
   /usr/local/lib/python3.12/dist-packages/vllm/v1/worker/worker_base.py:375 execute_model
   /usr/local/lib/python3.12/dist-packages/torch/utils/_contextlib.py:124 decorate_context
   /usr/local/lib/python3.12/dist-packages/vllm/v1/worker/gpu_worker.py:1177 execute_model
   /usr/local/lib/python3.12/dist-packages/torch/utils/_contextlib.py:124 decorate_context
   /usr/local/lib/python3.12/dist-packages/vllm/v1/worker/gpu/model_runner.py:1728 execute_model
   /usr/local/lib/python3.12/dist-packages/vllm/models/deepseek_v4_1/nvidia/model_state.py:110 prepare_inputs
   /usr/local/lib/python3.12/dist-packages/torch/utils/_contextlib.py:124 decorate_context
   /usr/local/lib/python3.12/dist-packages/vllm/models/deepseek_v4_1/common/engram.py:1399 stage
   /usr/local/lib/python3.12/dist-packages/torch/cuda/streams.py:254 synchronize
=== 17:43:15 anon 2.8 file 0.9 shmem 4.8 GiB
   /usr/local/lib/python3.12/dist-packages/torch/nn/modules/module.py:1789 _call_impl
   /usr/local/lib/python3.12/dist-packages/vllm/models/deepseek_v4_1/nvidia/model.py:385 forward
   /usr/local/lib/python3.12/dist-packages/torch/nn/modules/module.py:1778 _wrapped_call_impl
   /usr/local/lib/python3.12/dist-packages/torch/nn/modules/module.py:1789 _call_impl
   /usr/local/lib/python3.12/dist-packages/vllm/models/deepseek_v4/nvidia/model.py:1029 forward
   /usr/local/lib/python3.12/dist-packages/vllm/models/deepseek_v4/nvidia/model.py:1078 _forward_fused_moe
   /usr/local/lib/python3.12/dist-packages/torch/nn/modules/module.py:1778 _wrapped_call_impl
   /usr/local/lib/python3.12/dist-packages/torch/nn/modules/module.py:1789 _call_impl
   /usr/local/lib/python3.12/dist-packages/vllm/model_executor/layers/fused_moe/runner/moe_runner.py:788 forward
   /usr/local/lib/python3.12/dist-packages/torch/_ops.py:1279 __call__
   /usr/local/lib/python3.12/dist-packages/vllm/model_executor/layers/fused_moe/runner/moe_runner.py:162 _moe_forward_shared
   /usr/local/lib/python3.12/dist-packages/vllm/model_executor/layers/fused_moe/runner/moe_runner.py:904 _forward_impl
   /usr/local/lib/python3.12/dist-packages/vllm/model_executor/layers/fused_moe/runner/moe_runner.py:642 _apply_quant_method
   /usr/local/lib/python3.12/dist-packages/vllm/model_executor/layers/fused_moe/routed_experts.py:1252 forward_modular
=== 17:43:20 anon 2.8 file 0.9 shmem 4.8 GiB
   /usr/local/lib/python3.12/dist-packages/vllm/models/deepseek_v4_1/attention.py:732 _prepare_and_attn
   /usr/local/lib/python3.12/dist-packages/vllm/compilation/breakable_cudagraph.py:104 wrapper
   /usr/local/lib/python3.12/dist-packages/vllm/models/deepseek_v4_1/attention.py:836 _sparse_indexer_and_attn
   /usr/local/lib/python3.12/dist-packages/vllm/models/deepseek_v4_1/nvidia/flashinfer_sparse.py:742 forward_mqa
   /usr/local/lib/python3.12/dist-packages/vllm/models/deepseek_v4_1/nvidia/flashinfer_sparse.py:682 _forward_sparse_impl
   /usr/local/lib/python3.12/dist-packages/vllm/models/deepseek_v4_1/nvidia/flashinfer_sparse.py:815 _forward_decode
   /usr/local/lib/python3.12/dist-packages/vllm/utils/flashinfer.py:179 wrapper
   /usr/local/lib/python3.12/dist-packages/flashinfer/mla/_core.py:2258 trtllm_batch_decode_sparse_mla_dsv4
   /usr/local/lib/python3.12/dist-packages/flashinfer/mla/_core.py:1527 _trtllm_batch_decode_sparse_mla_dsv4_sm120
   /usr/local/lib/python3.12/dist-packages/flashinfer/mla/_core.py:689 _trtllm_batch_decode_sparse_mla_sm120
   /usr/local/lib/python3.12/dist-packages/flashinfer/mla/_sparse_mla_sm120.py:1355 run
   /usr/local/lib/python3.12/dist-packages/flashinfer/mla/_sparse_mla_sm120.py:893 _sparse_mla_sm120_paged_attention
   /usr/local/lib/python3.12/dist-packages/flashinfer/mla/_sparse_mla_sm120.py:722 _paged_attention
   /usr/local/lib/python3.12/dist-packages/flashinfer/mla/_sparse_mla_sm120.py:1594 sparse_mla_sm120_decode_dsv4
=== 17:43:25 anon 2.8 file 0.9 shmem 4.8 GiB
   /usr/local/lib/python3.12/dist-packages/vllm/v1/executor/multiproc_executor.py:1047 _execute_worker_rpc
   /usr/local/lib/python3.12/dist-packages/vllm/v1/worker/worker_base.py:375 execute_model
   /usr/local/lib/python3.12/dist-packages/torch/utils/_contextlib.py:124 decorate_context
   /usr/local/lib/python3.12/dist-packages/vllm/v1/worker/gpu_worker.py:1177 execute_model
   /usr/local/lib/python3.12/dist-packages/torch/utils/_contextlib.py:124 decorate_context
   /usr/local/lib/python3.12/dist-packages/vllm/v1/worker/gpu/model_runner.py:1728 execute_model
   /usr/local/lib/python3.12/dist-packages/vllm/models/deepseek_v4_1/nvidia/model_state.py:110 prepare_inputs
   /usr/local/lib/python3.12/dist-packages/torch/utils/_contextlib.py:124 decorate_context
   /usr/local/lib/python3.12/dist-packages/vllm/models/deepseek_v4_1/common/engram.py:1405 stage
   /usr/local/lib/python3.12/dist-packages/vllm/models/deepseek_v4_1/common/engram.py:818 gather_dequant_many
   /usr/local/lib/python3.12/dist-packages/torch/_jit_internal.py:635 fn
   /usr/local/lib/python3.12/dist-packages/torch/_jit_internal.py:637 fn
   /usr/local/lib/python3.12/dist-packages/torch/functional.py:1121 _return_inverse
   /usr/local/lib/python3.12/dist-packages/torch/functional.py:979 _unique_impl
=== 17:43:30 anon 2.8 file 0.9 shmem 4.8 GiB
   /usr/local/lib/python3.12/dist-packages/vllm/v1/worker/gpu/model_runner.py:1796 execute_model
   /usr/local/lib/python3.12/dist-packages/torch/nn/modules/module.py:1778 _wrapped_call_impl
   /usr/local/lib/python3.12/dist-packages/torch/nn/modules/module.py:1789 _call_impl
   /usr/local/lib/python3.12/dist-packages/vllm/models/deepseek_v4_1/nvidia/vl_model.py:317 forward
   /usr/local/lib/python3.12/dist-packages/torch/nn/modules/module.py:1778 _wrapped_call_impl
   /usr/local/lib/python3.12/dist-packages/torch/nn/modules/module.py:1789 _call_impl
   /usr/local/lib/python3.12/dist-packages/vllm/models/deepseek_v4_1/nvidia/model.py:1085 forward
   /usr/local/lib/python3.12/dist-packages/torch/nn/modules/module.py:1778 _wrapped_call_impl
   /usr/local/lib/python3.12/dist-packages/torch/nn/modules/module.py:1789 _call_impl
   /usr/local/lib/python3.12/dist-packages/vllm/models/deepseek_v4_1/nvidia/model.py:626 forward
   /usr/local/lib/python3.12/dist-packages/torch/nn/modules/module.py:1778 _wrapped_call_impl
   /usr/local/lib/python3.12/dist-packages/torch/nn/modules/module.py:1789 _call_impl
   /usr/local/lib/python3.12/dist-packages/vllm/models/deepseek_v4_1/nvidia/model.py:365 forward
   /usr/local/lib/python3.12/dist-packages/vllm/model_executor/kernels/mhc/tilelang.py:217 mhc_pre_delayed_tilelang
=== 17:43:35 anon 2.8 file 0.9 shmem 4.8 GiB
   /usr/local/lib/python3.12/dist-packages/vllm/models/deepseek_v4/nvidia/model.py:1029 forward
   /usr/local/lib/python3.12/dist-packages/vllm/models/deepseek_v4/nvidia/model.py:1078 _forward_fused_moe
   /usr/local/lib/python3.12/dist-packages/torch/nn/modules/module.py:1778 _wrapped_call_impl
   /usr/local/lib/python3.12/dist-packages/torch/nn/modules/module.py:1789 _call_impl
   /usr/local/lib/python3.12/dist-packages/vllm/model_executor/layers/fused_moe/runner/moe_runner.py:788 forward
   /usr/local/lib/python3.12/dist-packages/torch/_ops.py:1279 __call__
   /usr/local/lib/python3.12/dist-packages/vllm/model_executor/layers/fused_moe/runner/moe_runner.py:162 _moe_forward_shared
   /usr/local/lib/python3.12/dist-packages/vllm/model_executor/layers/fused_moe/runner/moe_runner.py:904 _forward_impl
   /usr/local/lib/python3.12/dist-packages/vllm/model_executor/layers/fused_moe/runner/moe_runner.py:642 _apply_quant_method
   /usr/local/lib/python3.12/dist-packages/vllm/model_executor/layers/fused_moe/router/fused_moe_router.py:81 select_experts
   /usr/local/lib/python3.12/dist-packages/vllm/model_executor/layers/fused_moe/router/base_router.py:305 _select_experts
   /usr/local/lib/python3.12/dist-packages/vllm/model_executor/layers/fused_moe/router/fused_topk_bias_router.py:442 _compute_routing
   /usr/local/lib/python3.12/dist-packages/vllm/model_executor/layers/fused_moe/router/fused_topk_bias_router.py:163 fused_topk_bias
   /usr/local/lib/python3.12/dist-packages/vllm/model_executor/layers/fused_moe/router/dsv4_topk.py:151 dsv4_topk
=== 17:43:40 anon 2.8 file 0.9 shmem 4.8 GiB
   /usr/local/lib/python3.12/dist-packages/torch/nn/modules/module.py:1778 _wrapped_call_impl
   /usr/local/lib/python3.12/dist-packages/torch/nn/modules/module.py:1789 _call_impl
   /usr/local/lib/python3.12/dist-packages/vllm/models/deepseek_v4/nvidia/model.py:1029 forward
   /usr/local/lib/python3.12/dist-packages/vllm/models/deepseek_v4/nvidia/model.py:1078 _forward_fused_moe
   /usr/local/lib/python3.12/dist-packages/torch/nn/modules/module.py:1778 _wrapped_call_impl
   /usr/local/lib/python3.12/dist-packages/torch/nn/modules/module.py:1789 _call_impl
   /usr/local/lib/python3.12/dist-packages/vllm/model_executor/layers/fused_moe/runner/moe_runner.py:788 forward
   /usr/local/lib/python3.12/dist-packages/torch/_ops.py:1279 __call__
   /usr/local/lib/python3.12/dist-packages/vllm/model_executor/layers/fused_moe/runner/moe_runner.py:162 _moe_forward_shared
   /usr/local/lib/python3.12/dist-packages/vllm/model_executor/layers/fused_moe/runner/moe_runner.py:904 _forward_impl
   /usr/local/lib/python3.12/dist-packages/vllm/model_executor/layers/fused_moe/runner/moe_runner.py:642 _apply_quant_method
   /usr/local/lib/python3.12/dist-packages/vllm/model_executor/layers/fused_moe/routed_experts.py:1252 forward_modular
   /usr/local/lib/python3.12/dist-packages/cuda_exl3/moe.py:567 apply
   /usr/local/lib/python3.12/dist-packages/cuda_exl3/moe.py:157 _glu_had_in
=== 17:43:45 anon 2.8 file 0.9 shmem 4.8 GiB
   /usr/local/lib/python3.12/dist-packages/vllm/models/deepseek_v4_1/nvidia/model.py:384 forward
   /usr/local/lib/python3.12/dist-packages/torch/nn/modules/module.py:1778 _wrapped_call_impl
   /usr/local/lib/python3.12/dist-packages/torch/nn/modules/module.py:1789 _call_impl
   /usr/local/lib/python3.12/dist-packages/vllm/models/deepseek_v4_1/attention.py:587 forward
   /usr/local/lib/python3.12/dist-packages/vllm/models/deepseek_v4_1/attention.py:732 _prepare_and_attn
   /usr/local/lib/python3.12/dist-packages/vllm/compilation/breakable_cudagraph.py:104 wrapper
   /usr/local/lib/python3.12/dist-packages/vllm/models/deepseek_v4_1/attention.py:836 _sparse_indexer_and_attn
   /usr/local/lib/python3.12/dist-packages/vllm/models/deepseek_v4_1/nvidia/flashinfer_sparse.py:742 forward_mqa
   /usr/local/lib/python3.12/dist-packages/vllm/models/deepseek_v4_1/nvidia/flashinfer_sparse.py:682 _forward_sparse_impl
   /usr/local/lib/python3.12/dist-packages/vllm/models/deepseek_v4_1/nvidia/flashinfer_sparse.py:815 _forward_decode
   /usr/local/lib/python3.12/dist-packages/vllm/utils/flashinfer.py:179 wrapper
   /usr/local/lib/python3.12/dist-packages/flashinfer/mla/_core.py:2258 trtllm_batch_decode_sparse_mla_dsv4
   /usr/local/lib/python3.12/dist-packages/flashinfer/mla/_core.py:1527 _trtllm_batch_decode_sparse_mla_dsv4_sm120
   /usr/local/lib/python3.12/dist-packages/flashinfer/mla/_core.py:689 _trtllm_batch_decode_sparse_mla_sm120
=== 17:43:50 anon 2.8 file 0.9 shmem 4.8 GiB
   /usr/local/lib/python3.12/dist-packages/vllm/v1/worker/gpu/model_runner.py:1796 execute_model
   /usr/local/lib/python3.12/dist-packages/torch/nn/modules/module.py:1778 _wrapped_call_impl
   /usr/local/lib/python3.12/dist-packages/torch/nn/modules/module.py:1789 _call_impl
   /usr/local/lib/python3.12/dist-packages/vllm/models/deepseek_v4_1/nvidia/vl_model.py:317 forward
   /usr/local/lib/python3.12/dist-packages/torch/nn/modules/module.py:1778 _wrapped_call_impl
   /usr/local/lib/python3.12/dist-packages/torch/nn/modules/module.py:1789 _call_impl
   /usr/local/lib/python3.12/dist-packages/vllm/models/deepseek_v4_1/nvidia/model.py:1085 forward
   /usr/local/lib/python3.12/dist-packages/torch/nn/modules/module.py:1778 _wrapped_call_impl
   /usr/local/lib/python3.12/dist-packages/torch/nn/modules/module.py:1789 _call_impl
   /usr/local/lib/python3.12/dist-packages/vllm/models/deepseek_v4_1/nvidia/model.py:626 forward
   /usr/local/lib/python3.12/dist-packages/torch/nn/modules/module.py:1778 _wrapped_call_impl
   /usr/local/lib/python3.12/dist-packages/torch/nn/modules/module.py:1789 _call_impl
   /usr/local/lib/python3.12/dist-packages/vllm/models/deepseek_v4_1/nvidia/model.py:385 forward
   /usr/local/lib/python3.12/dist-packages/vllm/model_executor/kernels/mhc/tilelang.py:217 mhc_pre_delayed_tilelang
=== 17:43:55 anon 2.8 file 0.9 shmem 4.8 GiB
   /usr/lib/python3.12/multiprocessing/process.py:314 _bootstrap
   /usr/lib/python3.12/multiprocessing/process.py:108 run
   /usr/local/lib/python3.12/dist-packages/vllm/v1/executor/multiproc_executor.py:935 worker_main
   /usr/local/lib/python3.12/dist-packages/vllm/v1/executor/multiproc_executor.py:1033 worker_busy_loop
   /usr/local/lib/python3.12/dist-packages/vllm/v1/executor/multiproc_executor.py:1047 _execute_worker_rpc
   /usr/local/lib/python3.12/dist-packages/vllm/v1/worker/worker_base.py:375 execute_model
   /usr/local/lib/python3.12/dist-packages/torch/utils/_contextlib.py:124 decorate_context
   /usr/local/lib/python3.12/dist-packages/vllm/v1/worker/gpu_worker.py:1177 execute_model
   /usr/local/lib/python3.12/dist-packages/torch/utils/_contextlib.py:124 decorate_context
   /usr/local/lib/python3.12/dist-packages/vllm/v1/worker/gpu/model_runner.py:1728 execute_model
   /usr/local/lib/python3.12/dist-packages/vllm/models/deepseek_v4_1/nvidia/model_state.py:110 prepare_inputs
   /usr/local/lib/python3.12/dist-packages/torch/utils/_contextlib.py:124 decorate_context
   /usr/local/lib/python3.12/dist-packages/vllm/models/deepseek_v4_1/common/engram.py:1399 stage
   /usr/local/lib/python3.12/dist-packages/torch/cuda/streams.py:254 synchronize
=== 17:44:00 anon 2.8 file 0.9 shmem 4.8 GiB
   /usr/local/lib/python3.12/dist-packages/torch/nn/modules/module.py:1789 _call_impl
   /usr/local/lib/python3.12/dist-packages/vllm/models/deepseek_v4_1/nvidia/model.py:1085 forward
   /usr/local/lib/python3.12/dist-packages/torch/nn/modules/module.py:1778 _wrapped_call_impl
   /usr/local/lib/python3.12/dist-packages/torch/nn/modules/module.py:1789 _call_impl
   /usr/local/lib/python3.12/dist-packages/vllm/models/deepseek_v4_1/nvidia/model.py:626 forward
   /usr/local/lib/python3.12/dist-packages/torch/nn/modules/module.py:1778 _wrapped_call_impl
   /usr/local/lib/python3.12/dist-packages/torch/nn/modules/module.py:1789 _call_impl
   /usr/local/lib/python3.12/dist-packages/vllm/models/deepseek_v4_1/nvidia/model.py:385 forward
   /usr/local/lib/python3.12/dist-packages/vllm/model_executor/kernels/mhc/tilelang.py:619 mhc_post_tilelang
   /usr/local/lib/python3.12/dist-packages/vllm/utils/jit_monitor.py:510 _call_with_monitor
   /usr/local/lib/python3.12/dist-packages/vllm/utils/jit_monitor.py:401 _tilelang_cache_miss_key
   /usr/local/lib/python3.12/dist-packages/tilelang/language/eager/builder.py:1450 parse_args
   /usr/local/lib/python3.12/dist-packages/tilelang/language/eager/builder.py:1095 _parse_phase2_key
   /usr/local/lib/python3.12/dist-packages/tvm_ffi/container.py:507 __iter__
=== 17:44:05 anon 2.8 file 0.9 shmem 4.8 GiB
   /usr/lib/python3.12/multiprocessing/process.py:314 _bootstrap
   /usr/lib/python3.12/multiprocessing/process.py:108 run
   /usr/local/lib/python3.12/dist-packages/vllm/v1/executor/multiproc_executor.py:935 worker_main
   /usr/local/lib/python3.12/dist-packages/vllm/v1/executor/multiproc_executor.py:1033 worker_busy_loop
   /usr/local/lib/python3.12/dist-packages/vllm/v1/executor/multiproc_executor.py:1047 _execute_worker_rpc
   /usr/local/lib/python3.12/dist-packages/vllm/v1/worker/worker_base.py:375 execute_model
   /usr/local/lib/python3.12/dist-packages/torch/utils/_contextlib.py:124 decorate_context
   /usr/local/lib/python3.12/dist-packages/vllm/v1/worker/gpu_worker.py:1177 execute_model
   /usr/local/lib/python3.12/dist-packages/torch/utils/_contextlib.py:124 decorate_context
   /usr/local/lib/python3.12/dist-packages/vllm/v1/worker/gpu/model_runner.py:1728 execute_model
   /usr/local/lib/python3.12/dist-packages/vllm/models/deepseek_v4_1/nvidia/model_state.py:110 prepare_inputs
   /usr/local/lib/python3.12/dist-packages/torch/utils/_contextlib.py:124 decorate_context
   /usr/local/lib/python3.12/dist-packages/vllm/models/deepseek_v4_1/common/engram.py:1399 stage
   /usr/local/lib/python3.12/dist-packages/torch/cuda/streams.py:254 synchronize
=== 17:44:10 anon 2.8 file 0.9 shmem 4.8 GiB
   /usr/local/lib/python3.12/dist-packages/torch/nn/modules/module.py:1778 _wrapped_call_impl
   /usr/local/lib/python3.12/dist-packages/torch/nn/modules/module.py:1789 _call_impl
   /usr/local/lib/python3.12/dist-packages/vllm/models/deepseek_v4/nvidia/model.py:1029 forward
   /usr/local/lib/python3.12/dist-packages/vllm/models/deepseek_v4/nvidia/model.py:1078 _forward_fused_moe
   /usr/local/lib/python3.12/dist-packages/torch/nn/modules/module.py:1778 _wrapped_call_impl
   /usr/local/lib/python3.12/dist-packages/torch/nn/modules/module.py:1789 _call_impl
   /usr/local/lib/python3.12/dist-packages/vllm/model_executor/layers/fused_moe/runner/moe_runner.py:788 forward
   /usr/local/lib/python3.12/dist-packages/torch/_ops.py:1279 __call__
   /usr/local/lib/python3.12/dist-packages/vllm/model_executor/layers/fused_moe/runner/moe_runner.py:162 _moe_forward_shared
   /usr/local/lib/python3.12/dist-packages/vllm/model_executor/layers/fused_moe/runner/moe_runner.py:904 _forward_impl
   /usr/local/lib/python3.12/dist-packages/vllm/model_executor/layers/fused_moe/runner/moe_runner.py:642 _apply_quant_method
   /usr/local/lib/python3.12/dist-packages/vllm/model_executor/layers/fused_moe/routed_experts.py:1252 forward_modular
   /usr/local/lib/python3.12/dist-packages/cuda_exl3/moe.py:567 apply
   /usr/local/lib/python3.12/dist-packages/cuda_exl3/moe.py:157 _glu_had_in
=== 17:44:15 anon 2.8 file 0.9 shmem 4.8 GiB
   /usr/local/lib/python3.12/dist-packages/torch/nn/modules/module.py:1789 _call_impl
   /usr/local/lib/python3.12/dist-packages/vllm/models/deepseek_v4_1/nvidia/model.py:1085 forward
   /usr/local/lib/python3.12/dist-packages/torch/nn/modules/module.py:1778 _wrapped_call_impl
   /usr/local/lib/python3.12/dist-packages/torch/nn/modules/module.py:1789 _call_impl
   /usr/local/lib/python3.12/dist-packages/vllm/models/deepseek_v4_1/nvidia/model.py:626 forward
   /usr/local/lib/python3.12/dist-packages/torch/nn/modules/module.py:1778 _wrapped_call_impl
   /usr/local/lib/python3.12/dist-packages/torch/nn/modules/module.py:1789 _call_impl
   /usr/local/lib/python3.12/dist-packages/vllm/models/deepseek_v4_1/nvidia/model.py:385 forward
   /usr/local/lib/python3.12/dist-packages/vllm/model_executor/kernels/mhc/tilelang.py:619 mhc_post_tilelang
   /usr/local/lib/python3.12/dist-packages/vllm/utils/jit_monitor.py:510 _call_with_monitor
   /usr/local/lib/python3.12/dist-packages/tilelang/jit/__init__.py:538 __call__
   /usr/local/lib/python3.12/dist-packages/tilelang/language/eager/builder.py:1450 parse_args
   /usr/local/lib/python3.12/dist-packages/tilelang/language/eager/builder.py:1095 _parse_phase2_key
   /usr/local/lib/python3.12/dist-packages/tvm_ffi/container.py:507 __iter__
=== 17:44:20 anon 2.8 file 0.9 shmem 4.8 GiB
   /usr/local/lib/python3.12/dist-packages/torch/nn/modules/module.py:1789 _call_impl
   /usr/local/lib/python3.12/dist-packages/vllm/models/deepseek_v4_1/nvidia/model.py:384 forward
   /usr/local/lib/python3.12/dist-packages/torch/nn/modules/module.py:1778 _wrapped_call_impl
   /usr/local/lib/python3.12/dist-packages/torch/nn/modules/module.py:1789 _call_impl
   /usr/local/lib/python3.12/dist-packages/vllm/models/deepseek_v4_1/attention.py:587 forward
   /usr/local/lib/python3.12/dist-packages/vllm/models/deepseek_v4_1/attention.py:732 _prepare_and_attn
   /usr/local/lib/python3.12/dist-packages/vllm/compilation/breakable_cudagraph.py:104 wrapper
   /usr/local/lib/python3.12/dist-packages/vllm/models/deepseek_v4_1/attention.py:836 _sparse_indexer_and_attn
   /usr/local/lib/python3.12/dist-packages/vllm/models/deepseek_v4_1/nvidia/flashinfer_sparse.py:742 forward_mqa
   /usr/local/lib/python3.12/dist-packages/vllm/models/deepseek_v4_1/nvidia/flashinfer_sparse.py:682 _forward_sparse_impl
   /usr/local/lib/python3.12/dist-packages/vllm/models/deepseek_v4_1/nvidia/flashinfer_sparse.py:815 _forward_decode
   /usr/local/lib/python3.12/dist-packages/vllm/utils/flashinfer.py:179 wrapper
   /usr/local/lib/python3.12/dist-packages/flashinfer/mla/_core.py:2258 trtllm_batch_decode_sparse_mla_dsv4
   /usr/local/lib/python3.12/dist-packages/flashinfer/mla/_core.py:1527 _trtllm_batch_decode_sparse_mla_dsv4_sm120
=== 17:44:25 anon 2.8 file 0.9 shmem 4.8 GiB
   /usr/local/lib/python3.12/dist-packages/vllm/model_executor/layers/quantization/modelopt.py:2451 <lambda>
   /usr/local/lib/python3.12/dist-packages/vllm/model_executor/kernels/linear/mxfp8/flashinfer.py:114 apply_weights
   /usr/local/lib/python3.12/dist-packages/torch/_library/custom_ops.py:863 __call__
   /usr/local/lib/python3.12/dist-packages/torch/_ops.py:875 __call__
   /usr/local/lib/python3.12/dist-packages/torch/_library/custom_ops.py:482 backend_impl
   /usr/local/lib/python3.12/dist-packages/torch/_compile.py:54 inner
   /usr/local/lib/python3.12/dist-packages/torch/_dynamo/eval_frame.py:1450 _fn
   /usr/local/lib/python3.12/dist-packages/torch/_library/custom_ops.py:502 wrapped_fn
   /usr/local/lib/python3.12/dist-packages/vllm/utils/flashinfer.py:920 mm_mxfp8
   /usr/local/lib/python3.12/dist-packages/flashinfer/utils.py:1561 wrapper
   /usr/local/lib/python3.12/dist-packages/flashinfer/api_logging.py:2348 _auto_dump_wrapper
   /usr/local/lib/python3.12/dist-packages/flashinfer/gemm/gemm_base.py:6275 mm_mxfp8
   /usr/local/lib/python3.12/dist-packages/flashinfer/autotuner/autotuner.py:764 __call__
   /usr/local/lib/python3.12/dist-packages/flashinfer/gemm/gemm_base.py:5282 forward
=== 17:44:30 anon 2.8 file 0.9 shmem 4.8 GiB
   /usr/local/lib/python3.12/dist-packages/torch/nn/modules/module.py:1778 _wrapped_call_impl
   /usr/local/lib/python3.12/dist-packages/torch/nn/modules/module.py:1789 _call_impl
   /usr/local/lib/python3.12/dist-packages/vllm/models/deepseek_v4_1/nvidia/model.py:1085 forward
   /usr/local/lib/python3.12/dist-packages/torch/nn/modules/module.py:1778 _wrapped_call_impl
   /usr/local/lib/python3.12/dist-packages/torch/nn/modules/module.py:1789 _call_impl
   /usr/local/lib/python3.12/dist-packages/vllm/models/deepseek_v4_1/nvidia/model.py:626 forward
   /usr/local/lib/python3.12/dist-packages/torch/nn/modules/module.py:1778 _wrapped_call_impl
   /usr/local/lib/python3.12/dist-packages/torch/nn/modules/module.py:1789 _call_impl
   /usr/local/lib/python3.12/dist-packages/vllm/models/deepseek_v4_1/nvidia/model.py:384 forward
   /usr/local/lib/python3.12/dist-packages/torch/nn/modules/module.py:1778 _wrapped_call_impl
   /usr/local/lib/python3.12/dist-packages/torch/nn/modules/module.py:1789 _call_impl
   /usr/local/lib/python3.12/dist-packages/vllm/models/deepseek_v4_1/attention.py:587 forward
   /usr/local/lib/python3.12/dist-packages/vllm/models/deepseek_v4_1/nvidia/flashinfer_sparse.py:601 _o_proj
   /usr/local/lib/python3.12/dist-packages/vllm/models/deepseek_v4/nvidia/ops/o_proj.py:87 deep_gemm_fp8_o_proj
=== 17:44:35 anon 2.8 file 0.9 shmem 4.8 GiB
   /usr/local/lib/python3.12/dist-packages/vllm/models/deepseek_v4_1/nvidia/model.py:384 forward
   /usr/local/lib/python3.12/dist-packages/torch/nn/modules/module.py:1778 _wrapped_call_impl
   /usr/local/lib/python3.12/dist-packages/torch/nn/modules/module.py:1789 _call_impl
   /usr/local/lib/python3.12/dist-packages/vllm/models/deepseek_v4_1/attention.py:587 forward
   /usr/local/lib/python3.12/dist-packages/vllm/models/deepseek_v4_1/attention.py:732 _prepare_and_attn
   /usr/local/lib/python3.12/dist-packages/vllm/compilation/breakable_cudagraph.py:104 wrapper
   /usr/local/lib/python3.12/dist-packages/vllm/models/deepseek_v4_1/attention.py:836 _sparse_indexer_and_attn
   /usr/local/lib/python3.12/dist-packages/vllm/models/deepseek_v4_1/nvidia/flashinfer_sparse.py:742 forward_mqa
   /usr/local/lib/python3.12/dist-packages/vllm/models/deepseek_v4_1/nvidia/flashinfer_sparse.py:682 _forward_sparse_impl
   /usr/local/lib/python3.12/dist-packages/vllm/models/deepseek_v4_1/nvidia/flashinfer_sparse.py:815 _forward_decode
   /usr/local/lib/python3.12/dist-packages/vllm/utils/flashinfer.py:179 wrapper
   /usr/local/lib/python3.12/dist-packages/flashinfer/mla/_core.py:2258 trtllm_batch_decode_sparse_mla_dsv4
   /usr/local/lib/python3.12/dist-packages/flashinfer/mla/_core.py:1527 _trtllm_batch_decode_sparse_mla_dsv4_sm120
   /usr/local/lib/python3.12/dist-packages/flashinfer/mla/_core.py:689 _trtllm_batch_decode_sparse_mla_sm120
=== 17:44:40 anon 2.8 file 0.9 shmem 4.8 GiB
   /usr/local/lib/python3.12/dist-packages/torch/nn/modules/module.py:1778 _wrapped_call_impl
   /usr/local/lib/python3.12/dist-packages/torch/nn/modules/module.py:1789 _call_impl
   /usr/local/lib/python3.12/dist-packages/vllm/models/deepseek_v4_1/nvidia/model.py:626 forward
   /usr/local/lib/python3.12/dist-packages/torch/nn/modules/module.py:1778 _wrapped_call_impl
   /usr/local/lib/python3.12/dist-packages/torch/nn/modules/module.py:1789 _call_impl
   /usr/local/lib/python3.12/dist-packages/vllm/models/deepseek_v4_1/nvidia/model.py:384 forward
   /usr/local/lib/python3.12/dist-packages/torch/nn/modules/module.py:1778 _wrapped_call_impl
   /usr/local/lib/python3.12/dist-packages/torch/nn/modules/module.py:1789 _call_impl
   /usr/local/lib/python3.12/dist-packages/vllm/models/deepseek_v4_1/attention.py:587 forward
   /usr/local/lib/python3.12/dist-packages/vllm/models/deepseek_v4_1/attention.py:732 _prepare_and_attn
   /usr/local/lib/python3.12/dist-packages/vllm/compilation/breakable_cudagraph.py:104 wrapper
   /usr/local/lib/python3.12/dist-packages/vllm/models/deepseek_v4_1/attention.py:836 _sparse_indexer_and_attn
   /usr/local/lib/python3.12/dist-packages/vllm/models/deepseek_v4_1/nvidia/flashinfer_sparse.py:742 forward_mqa
   /usr/local/lib/python3.12/dist-packages/vllm/models/deepseek_v4_1/nvidia/flashinfer_sparse.py:682 _forward_sparse_impl
=== 17:44:45 anon 2.8 file 0.9 shmem 4.8 GiB
   /usr/local/lib/python3.12/dist-packages/vllm/models/deepseek_v4_1/attention.py:732 _prepare_and_attn
   /usr/local/lib/python3.12/dist-packages/vllm/compilation/breakable_cudagraph.py:104 wrapper
   /usr/local/lib/python3.12/dist-packages/vllm/models/deepseek_v4_1/attention.py:836 _sparse_indexer_and_attn
   /usr/local/lib/python3.12/dist-packages/vllm/models/deepseek_v4_1/nvidia/flashinfer_sparse.py:742 forward_mqa
   /usr/local/lib/python3.12/dist-packages/vllm/models/deepseek_v4_1/nvidia/flashinfer_sparse.py:682 _forward_sparse_impl
   /usr/local/lib/python3.12/dist-packages/vllm/models/deepseek_v4_1/nvidia/flashinfer_sparse.py:815 _forward_decode
   /usr/local/lib/python3.12/dist-packages/vllm/utils/flashinfer.py:179 wrapper
   /usr/local/lib/python3.12/dist-packages/flashinfer/mla/_core.py:2258 trtllm_batch_decode_sparse_mla_dsv4
   /usr/local/lib/python3.12/dist-packages/flashinfer/mla/_core.py:1527 _trtllm_batch_decode_sparse_mla_dsv4_sm120
   /usr/local/lib/python3.12/dist-packages/flashinfer/mla/_core.py:689 _trtllm_batch_decode_sparse_mla_sm120
   /usr/local/lib/python3.12/dist-packages/flashinfer/mla/_sparse_mla_sm120.py:1355 run
   /usr/local/lib/python3.12/dist-packages/flashinfer/mla/_sparse_mla_sm120.py:893 _sparse_mla_sm120_paged_attention
   /usr/local/lib/python3.12/dist-packages/flashinfer/mla/_sparse_mla_sm120.py:722 _paged_attention
   /usr/local/lib/python3.12/dist-packages/flashinfer/mla/_sparse_mla_sm120.py:1594 sparse_mla_sm120_decode_dsv4
=== 17:44:50 anon 2.8 file 0.9 shmem 4.8 GiB
   /usr/local/lib/python3.12/dist-packages/torch/nn/modules/module.py:1778 _wrapped_call_impl
   /usr/local/lib/python3.12/dist-packages/torch/nn/modules/module.py:1789 _call_impl
   /usr/local/lib/python3.12/dist-packages/vllm/models/deepseek_v4_1/nvidia/model.py:1085 forward
   /usr/local/lib/python3.12/dist-packages/torch/nn/modules/module.py:1778 _wrapped_call_impl
   /usr/local/lib/python3.12/dist-packages/torch/nn/modules/module.py:1789 _call_impl
   /usr/local/lib/python3.12/dist-packages/vllm/models/deepseek_v4_1/nvidia/model.py:626 forward
   /usr/local/lib/python3.12/dist-packages/torch/nn/modules/module.py:1778 _wrapped_call_impl
   /usr/local/lib/python3.12/dist-packages/torch/nn/modules/module.py:1789 _call_impl
   /usr/local/lib/python3.12/dist-packages/vllm/models/deepseek_v4_1/nvidia/model.py:385 forward
   /usr/local/lib/python3.12/dist-packages/vllm/model_executor/kernels/mhc/tilelang.py:217 mhc_pre_delayed_tilelang
   /usr/local/lib/python3.12/dist-packages/vllm/model_executor/kernels/mhc/warmup.py:71 __call__
   /usr/local/lib/python3.12/dist-packages/tilelang/jit/kernel.py:202 __call__
   /usr/local/lib/python3.12/dist-packages/tilelang/jit/adapter/tvm_ffi.py:292 func
   /usr/local/lib/python3.12/dist-packages/tvm_ffi/module.py:299 __call__
=== 17:44:55 anon 2.8 file 0.9 shmem 4.8 GiB
   /usr/local/lib/python3.12/dist-packages/torch/nn/modules/module.py:1789 _call_impl
   /usr/local/lib/python3.12/dist-packages/vllm/model_executor/layers/fused_moe/runner/moe_runner.py:788 forward
   /usr/local/lib/python3.12/dist-packages/torch/_ops.py:1279 __call__
   /usr/local/lib/python3.12/dist-packages/vllm/model_executor/layers/fused_moe/runner/moe_runner.py:162 _moe_forward_shared
   /usr/local/lib/python3.12/dist-packages/vllm/model_executor/layers/fused_moe/runner/moe_runner.py:904 _forward_impl
   /usr/local/lib/python3.12/dist-packages/vllm/model_executor/layers/fused_moe/runner/shared_experts.py:154 maybe_forward_async
   /usr/local/lib/python3.12/dist-packages/torch/nn/modules/module.py:1778 _wrapped_call_impl
   /usr/local/lib/python3.12/dist-packages/torch/nn/modules/module.py:1789 _call_impl
   /usr/local/lib/python3.12/dist-packages/vllm/models/deepseek_v4/nvidia/model.py:157 forward
   /usr/local/lib/python3.12/dist-packages/torch/nn/modules/module.py:1778 _wrapped_call_impl
   /usr/local/lib/python3.12/dist-packages/torch/nn/modules/module.py:1789 _call_impl
   /usr/local/lib/python3.12/dist-packages/vllm/model_executor/custom_op.py:136 forward
   /usr/local/lib/python3.12/dist-packages/vllm/model_executor/layers/activation.py:250 forward_cuda
   /usr/local/lib/python3.12/dist-packages/torch/_ops.py:1279 __call__
=== 17:45:00 anon 2.8 file 0.9 shmem 4.8 GiB
   /usr/local/lib/python3.12/dist-packages/torch/nn/modules/module.py:1789 _call_impl
   /usr/local/lib/python3.12/dist-packages/vllm/model_executor/layers/fused_moe/runner/moe_runner.py:788 forward
   /usr/local/lib/python3.12/dist-packages/torch/_ops.py:1279 __call__
   /usr/local/lib/python3.12/dist-packages/vllm/model_executor/layers/fused_moe/runner/moe_runner.py:162 _moe_forward_shared
   /usr/local/lib/python3.12/dist-packages/vllm/model_executor/layers/fused_moe/runner/moe_runner.py:904 _forward_impl
   /usr/local/lib/python3.12/dist-packages/vllm/model_executor/layers/fused_moe/runner/shared_experts.py:154 maybe_forward_async
   /usr/local/lib/python3.12/dist-packages/torch/nn/modules/module.py:1778 _wrapped_call_impl
   /usr/local/lib/python3.12/dist-packages/torch/nn/modules/module.py:1789 _call_impl
   /usr/local/lib/python3.12/dist-packages/vllm/models/deepseek_v4/nvidia/model.py:157 forward
   /usr/local/lib/python3.12/dist-packages/torch/nn/modules/module.py:1778 _wrapped_call_impl
   /usr/local/lib/python3.12/dist-packages/torch/nn/modules/module.py:1789 _call_impl
   /usr/local/lib/python3.12/dist-packages/vllm/model_executor/custom_op.py:136 forward
   /usr/local/lib/python3.12/dist-packages/vllm/model_executor/layers/activation.py:250 forward_cuda
   /usr/local/lib/python3.12/dist-packages/torch/_ops.py:1279 __call__
=== 17:45:05 anon 2.8 file 0.9 shmem 4.8 GiB
   /usr/local/lib/python3.12/dist-packages/torch/nn/modules/module.py:1789 _call_impl
   /usr/local/lib/python3.12/dist-packages/vllm/models/deepseek_v4_1/nvidia/model.py:1085 forward
   /usr/local/lib/python3.12/dist-packages/torch/nn/modules/module.py:1778 _wrapped_call_impl
   /usr/local/lib/python3.12/dist-packages/torch/nn/modules/module.py:1789 _call_impl
   /usr/local/lib/python3.12/dist-packages/vllm/models/deepseek_v4_1/nvidia/model.py:626 forward
   /usr/local/lib/python3.12/dist-packages/torch/nn/modules/module.py:1778 _wrapped_call_impl
   /usr/local/lib/python3.12/dist-packages/torch/nn/modules/module.py:1789 _call_impl
   /usr/local/lib/python3.12/dist-packages/vllm/models/deepseek_v4_1/nvidia/model.py:385 forward
   /usr/local/lib/python3.12/dist-packages/vllm/model_executor/kernels/mhc/tilelang.py:619 mhc_post_tilelang
   /usr/local/lib/python3.12/dist-packages/vllm/utils/jit_monitor.py:510 _call_with_monitor
   /usr/local/lib/python3.12/dist-packages/tilelang/jit/__init__.py:538 __call__
   /usr/local/lib/python3.12/dist-packages/tilelang/jit/kernel.py:202 __call__
   /usr/local/lib/python3.12/dist-packages/tilelang/jit/adapter/tvm_ffi.py:292 func
   /usr/local/lib/python3.12/dist-packages/tvm_ffi/module.py:299 __call__
=== 17:45:10 anon 2.8 file 0.9 shmem 4.8 GiB
   /usr/local/lib/python3.12/dist-packages/vllm/models/deepseek_v4_1/nvidia/model.py:1085 forward
   /usr/local/lib/python3.12/dist-packages/torch/nn/modules/module.py:1778 _wrapped_call_impl
   /usr/local/lib/python3.12/dist-packages/torch/nn/modules/module.py:1789 _call_impl
   /usr/local/lib/python3.12/dist-packages/vllm/models/deepseek_v4_1/nvidia/model.py:626 forward
   /usr/local/lib/python3.12/dist-packages/torch/nn/modules/module.py:1778 _wrapped_call_impl
   /usr/local/lib/python3.12/dist-packages/torch/nn/modules/module.py:1789 _call_impl
   /usr/local/lib/python3.12/dist-packages/vllm/models/deepseek_v4_1/nvidia/model.py:385 forward
   /usr/local/lib/python3.12/dist-packages/torch/nn/modules/module.py:1778 _wrapped_call_impl
   /usr/local/lib/python3.12/dist-packages/torch/nn/modules/module.py:1789 _call_impl
   /usr/local/lib/python3.12/dist-packages/vllm/models/deepseek_v4/nvidia/model.py:1029 forward
   /usr/local/lib/python3.12/dist-packages/vllm/models/deepseek_v4/nvidia/model.py:1078 _forward_fused_moe
   /usr/local/lib/python3.12/dist-packages/torch/nn/modules/module.py:1778 _wrapped_call_impl
   /usr/local/lib/python3.12/dist-packages/torch/nn/modules/module.py:1789 _call_impl
   /usr/local/lib/python3.12/dist-packages/vllm/model_executor/layers/fused_moe/runner/moe_runner.py:788 forward
=== 17:45:15 anon 2.8 file 0.9 shmem 4.8 GiB
   /usr/local/lib/python3.12/dist-packages/vllm/v1/executor/multiproc_executor.py:1033 worker_busy_loop
   /usr/local/lib/python3.12/dist-packages/vllm/v1/executor/multiproc_executor.py:1047 _execute_worker_rpc
   /usr/local/lib/python3.12/dist-packages/vllm/v1/worker/worker_base.py:375 execute_model
   /usr/local/lib/python3.12/dist-packages/torch/utils/_contextlib.py:124 decorate_context
   /usr/local/lib/python3.12/dist-packages/vllm/v1/worker/gpu_worker.py:1177 execute_model
   /usr/local/lib/python3.12/dist-packages/torch/utils/_contextlib.py:124 decorate_context
   /usr/local/lib/python3.12/dist-packages/vllm/v1/worker/gpu/model_runner.py:1728 execute_model
   /usr/local/lib/python3.12/dist-packages/vllm/models/deepseek_v4_1/nvidia/model_state.py:110 prepare_inputs
   /usr/local/lib/python3.12/dist-packages/torch/utils/_contextlib.py:124 decorate_context
   /usr/local/lib/python3.12/dist-packages/vllm/models/deepseek_v4_1/common/engram.py:1405 stage
   /usr/local/lib/python3.12/dist-packages/vllm/models/deepseek_v4_1/common/engram.py:815 gather_dequant_many
   /usr/local/lib/python3.12/dist-packages/vllm/models/deepseek_v4_1/common/engram.py:682 _kai_parallel_read
   /usr/lib/python3.12/concurrent/futures/_base.py:451 result
   /usr/lib/python3.12/threading.py:355 wait
=== 17:45:20 anon 2.8 file 0.9 shmem 4.8 GiB
   /usr/local/lib/python3.12/dist-packages/vllm/models/deepseek_v4_1/nvidia/model.py:626 forward
   /usr/local/lib/python3.12/dist-packages/torch/nn/modules/module.py:1778 _wrapped_call_impl
   /usr/local/lib/python3.12/dist-packages/torch/nn/modules/module.py:1789 _call_impl
   /usr/local/lib/python3.12/dist-packages/vllm/models/deepseek_v4_1/nvidia/model.py:384 forward
   /usr/local/lib/python3.12/dist-packages/torch/nn/modules/module.py:1778 _wrapped_call_impl
   /usr/local/lib/python3.12/dist-packages/torch/nn/modules/module.py:1789 _call_impl
   /usr/local/lib/python3.12/dist-packages/vllm/models/deepseek_v4_1/attention.py:587 forward
   /usr/local/lib/python3.12/dist-packages/vllm/models/deepseek_v4_1/attention.py:732 _prepare_and_attn
   /usr/local/lib/python3.12/dist-packages/vllm/compilation/breakable_cudagraph.py:104 wrapper
   /usr/local/lib/python3.12/dist-packages/vllm/models/deepseek_v4_1/attention.py:836 _sparse_indexer_and_attn
   /usr/local/lib/python3.12/dist-packages/vllm/models/deepseek_v4_1/nvidia/flashinfer_sparse.py:742 forward_mqa
   /usr/local/lib/python3.12/dist-packages/vllm/models/deepseek_v4_1/nvidia/flashinfer_sparse.py:682 _forward_sparse_impl
   /usr/local/lib/python3.12/dist-packages/vllm/models/deepseek_v4_1/nvidia/flashinfer_sparse.py:815 _forward_decode
   /usr/local/lib/python3.12/dist-packages/vllm/models/deepseek_v4_1/nvidia/flashinfer_sparse.py:594 _as_sparse_cache
=== 17:45:25 anon 2.8 file 0.9 shmem 4.8 GiB
   /usr/local/lib/python3.12/dist-packages/vllm/model_executor/layers/quantization/modelopt.py:2451 <lambda>
   /usr/local/lib/python3.12/dist-packages/vllm/model_executor/kernels/linear/mxfp8/flashinfer.py:114 apply_weights
   /usr/local/lib/python3.12/dist-packages/torch/_library/custom_ops.py:863 __call__
   /usr/local/lib/python3.12/dist-packages/torch/_ops.py:875 __call__
   /usr/local/lib/python3.12/dist-packages/torch/_library/custom_ops.py:482 backend_impl
   /usr/local/lib/python3.12/dist-packages/torch/_compile.py:54 inner
   /usr/local/lib/python3.12/dist-packages/torch/_dynamo/eval_frame.py:1450 _fn
   /usr/local/lib/python3.12/dist-packages/torch/_library/custom_ops.py:502 wrapped_fn
   /usr/local/lib/python3.12/dist-packages/vllm/utils/flashinfer.py:920 mm_mxfp8
   /usr/local/lib/python3.12/dist-packages/flashinfer/utils.py:1561 wrapper
   /usr/local/lib/python3.12/dist-packages/flashinfer/api_logging.py:2348 _auto_dump_wrapper
   /usr/local/lib/python3.12/dist-packages/flashinfer/gemm/gemm_base.py:6275 mm_mxfp8
   /usr/local/lib/python3.12/dist-packages/flashinfer/autotuner/autotuner.py:764 __call__
   /usr/local/lib/python3.12/dist-packages/flashinfer/gemm/gemm_base.py:5282 forward
=== 17:45:30 anon 2.8 file 0.9 shmem 4.8 GiB
   /usr/local/lib/python3.12/dist-packages/vllm/models/deepseek_v4_1/nvidia/model.py:626 forward
   /usr/local/lib/python3.12/dist-packages/torch/nn/modules/module.py:1778 _wrapped_call_impl
   /usr/local/lib/python3.12/dist-packages/torch/nn/modules/module.py:1789 _call_impl
   /usr/local/lib/python3.12/dist-packages/vllm/models/deepseek_v4_1/nvidia/model.py:384 forward
   /usr/local/lib/python3.12/dist-packages/torch/nn/modules/module.py:1778 _wrapped_call_impl
   /usr/local/lib/python3.12/dist-packages/torch/nn/modules/module.py:1789 _call_impl
   /usr/local/lib/python3.12/dist-packages/vllm/models/deepseek_v4_1/attention.py:587 forward
   /usr/local/lib/python3.12/dist-packages/vllm/models/deepseek_v4_1/attention.py:732 _prepare_and_attn
   /usr/local/lib/python3.12/dist-packages/vllm/compilation/breakable_cudagraph.py:104 wrapper
   /usr/local/lib/python3.12/dist-packages/vllm/models/deepseek_v4_1/attention.py:836 _sparse_indexer_and_attn
   /usr/local/lib/python3.12/dist-packages/vllm/models/deepseek_v4_1/nvidia/flashinfer_sparse.py:742 forward_mqa
   /usr/local/lib/python3.12/dist-packages/vllm/models/deepseek_v4_1/nvidia/flashinfer_sparse.py:682 _forward_sparse_impl
   /usr/local/lib/python3.12/dist-packages/vllm/models/deepseek_v4_1/nvidia/flashinfer_sparse.py:815 _forward_decode
   /usr/local/lib/python3.12/dist-packages/vllm/models/deepseek_v4_1/common/ops/cache_utils.py:470 compute_global_topk_indices_and_lens
=== 17:45:35 anon 2.8 file 0.9 shmem 4.8 GiB
   /usr/local/lib/python3.12/dist-packages/vllm/models/deepseek_v4_1/nvidia/model.py:385 forward
   /usr/local/lib/python3.12/dist-packages/torch/nn/modules/module.py:1778 _wrapped_call_impl
   /usr/local/lib/python3.12/dist-packages/torch/nn/modules/module.py:1789 _call_impl
   /usr/local/lib/python3.12/dist-packages/vllm/models/deepseek_v4/nvidia/model.py:1029 forward
   /usr/local/lib/python3.12/dist-packages/vllm/models/deepseek_v4/nvidia/model.py:1078 _forward_fused_moe
   /usr/local/lib/python3.12/dist-packages/torch/nn/modules/module.py:1778 _wrapped_call_impl
   /usr/local/lib/python3.12/dist-packages/torch/nn/modules/module.py:1789 _call_impl
   /usr/local/lib/python3.12/dist-packages/vllm/model_executor/layers/fused_moe/runner/moe_runner.py:788 forward
   /usr/local/lib/python3.12/dist-packages/torch/_ops.py:1279 __call__
   /usr/local/lib/python3.12/dist-packages/vllm/model_executor/layers/fused_moe/runner/moe_runner.py:162 _moe_forward_shared
   /usr/local/lib/python3.12/dist-packages/vllm/model_executor/layers/fused_moe/runner/moe_runner.py:904 _forward_impl
   /usr/local/lib/python3.12/dist-packages/vllm/model_executor/layers/fused_moe/runner/moe_runner.py:642 _apply_quant_method
   /usr/local/lib/python3.12/dist-packages/vllm/model_executor/layers/fused_moe/routed_experts.py:1252 forward_modular
   /usr/local/lib/python3.12/dist-packages/cuda_exl3/moe.py:567 apply
=== 17:45:40 anon 2.8 file 0.9 shmem 4.8 GiB
   /usr/local/lib/python3.12/dist-packages/vllm/model_executor/layers/quantization/modelopt.py:2451 <lambda>
   /usr/local/lib/python3.12/dist-packages/vllm/model_executor/kernels/linear/mxfp8/flashinfer.py:114 apply_weights
   /usr/local/lib/python3.12/dist-packages/torch/_library/custom_ops.py:863 __call__
   /usr/local/lib/python3.12/dist-packages/torch/_ops.py:875 __call__
   /usr/local/lib/python3.12/dist-packages/torch/_library/custom_ops.py:482 backend_impl
   /usr/local/lib/python3.12/dist-packages/torch/_compile.py:54 inner
   /usr/local/lib/python3.12/dist-packages/torch/_dynamo/eval_frame.py:1450 _fn
   /usr/local/lib/python3.12/dist-packages/torch/_library/custom_ops.py:502 wrapped_fn
   /usr/local/lib/python3.12/dist-packages/vllm/utils/flashinfer.py:920 mm_mxfp8
   /usr/local/lib/python3.12/dist-packages/flashinfer/utils.py:1561 wrapper
   /usr/local/lib/python3.12/dist-packages/flashinfer/api_logging.py:2348 _auto_dump_wrapper
   /usr/local/lib/python3.12/dist-packages/flashinfer/gemm/gemm_base.py:6275 mm_mxfp8
   /usr/local/lib/python3.12/dist-packages/flashinfer/autotuner/autotuner.py:764 __call__
   /usr/local/lib/python3.12/dist-packages/flashinfer/gemm/gemm_base.py:5282 forward
=== 17:45:45 anon 2.8 file 0.9 shmem 4.8 GiB
   /usr/lib/python3.12/multiprocessing/process.py:314 _bootstrap
   /usr/lib/python3.12/multiprocessing/process.py:108 run
   /usr/local/lib/python3.12/dist-packages/vllm/v1/executor/multiproc_executor.py:935 worker_main
   /usr/local/lib/python3.12/dist-packages/vllm/v1/executor/multiproc_executor.py:1033 worker_busy_loop
   /usr/local/lib/python3.12/dist-packages/vllm/v1/executor/multiproc_executor.py:1047 _execute_worker_rpc
   /usr/local/lib/python3.12/dist-packages/vllm/v1/worker/worker_base.py:375 execute_model
   /usr/local/lib/python3.12/dist-packages/torch/utils/_contextlib.py:124 decorate_context
   /usr/local/lib/python3.12/dist-packages/vllm/v1/worker/gpu_worker.py:1177 execute_model
   /usr/local/lib/python3.12/dist-packages/torch/utils/_contextlib.py:124 decorate_context
   /usr/local/lib/python3.12/dist-packages/vllm/v1/worker/gpu/model_runner.py:1728 execute_model
   /usr/local/lib/python3.12/dist-packages/vllm/models/deepseek_v4_1/nvidia/model_state.py:110 prepare_inputs
   /usr/local/lib/python3.12/dist-packages/torch/utils/_contextlib.py:124 decorate_context
   /usr/local/lib/python3.12/dist-packages/vllm/models/deepseek_v4_1/common/engram.py:1399 stage
   /usr/local/lib/python3.12/dist-packages/torch/cuda/streams.py:254 synchronize
=== 17:45:50 anon 2.8 file 0.9 shmem 4.8 GiB
   /usr/local/lib/python3.12/dist-packages/torch/nn/modules/module.py:1789 _call_impl
   /usr/local/lib/python3.12/dist-packages/vllm/models/deepseek_v4_1/nvidia/model.py:385 forward
   /usr/local/lib/python3.12/dist-packages/torch/nn/modules/module.py:1778 _wrapped_call_impl
   /usr/local/lib/python3.12/dist-packages/torch/nn/modules/module.py:1789 _call_impl
   /usr/local/lib/python3.12/dist-packages/vllm/models/deepseek_v4/nvidia/model.py:1029 forward
   /usr/local/lib/python3.12/dist-packages/vllm/models/deepseek_v4/nvidia/model.py:1078 _forward_fused_moe
   /usr/local/lib/python3.12/dist-packages/torch/nn/modules/module.py:1778 _wrapped_call_impl
   /usr/local/lib/python3.12/dist-packages/torch/nn/modules/module.py:1789 _call_impl
   /usr/local/lib/python3.12/dist-packages/vllm/model_executor/layers/fused_moe/runner/moe_runner.py:788 forward
   /usr/local/lib/python3.12/dist-packages/torch/_ops.py:1279 __call__
   /usr/local/lib/python3.12/dist-packages/vllm/model_executor/layers/fused_moe/runner/moe_runner.py:162 _moe_forward_shared
   /usr/local/lib/python3.12/dist-packages/vllm/model_executor/layers/fused_moe/runner/moe_runner.py:904 _forward_impl
   /usr/local/lib/python3.12/dist-packages/vllm/model_executor/layers/fused_moe/runner/moe_runner.py:642 _apply_quant_method
   /usr/local/lib/python3.12/dist-packages/vllm/model_executor/layers/fused_moe/routed_experts.py:1252 forward_modular
=== 17:45:55 anon 2.8 file 0.9 shmem 4.8 GiB
   /usr/local/lib/python3.12/dist-packages/vllm/model_executor/layers/quantization/modelopt.py:2451 <lambda>
   /usr/local/lib/python3.12/dist-packages/vllm/model_executor/kernels/linear/mxfp8/flashinfer.py:114 apply_weights
   /usr/local/lib/python3.12/dist-packages/torch/_library/custom_ops.py:863 __call__
   /usr/local/lib/python3.12/dist-packages/torch/_ops.py:875 __call__
   /usr/local/lib/python3.12/dist-packages/torch/_library/custom_ops.py:482 backend_impl
   /usr/local/lib/python3.12/dist-packages/torch/_compile.py:54 inner
   /usr/local/lib/python3.12/dist-packages/torch/_dynamo/eval_frame.py:1450 _fn
   /usr/local/lib/python3.12/dist-packages/torch/_library/custom_ops.py:502 wrapped_fn
   /usr/local/lib/python3.12/dist-packages/vllm/utils/flashinfer.py:920 mm_mxfp8
   /usr/local/lib/python3.12/dist-packages/flashinfer/utils.py:1561 wrapper
   /usr/local/lib/python3.12/dist-packages/flashinfer/api_logging.py:2348 _auto_dump_wrapper
   /usr/local/lib/python3.12/dist-packages/flashinfer/gemm/gemm_base.py:6275 mm_mxfp8
   /usr/local/lib/python3.12/dist-packages/flashinfer/autotuner/autotuner.py:764 __call__
   /usr/local/lib/python3.12/dist-packages/flashinfer/gemm/gemm_base.py:5282 forward
=== 17:46:00 anon 2.8 file 0.9 shmem 4.8 GiB
   /usr/lib/python3.12/multiprocessing/process.py:314 _bootstrap
   /usr/lib/python3.12/multiprocessing/process.py:108 run
   /usr/local/lib/python3.12/dist-packages/vllm/v1/executor/multiproc_executor.py:935 worker_main
   /usr/local/lib/python3.12/dist-packages/vllm/v1/executor/multiproc_executor.py:1033 worker_busy_loop
   /usr/local/lib/python3.12/dist-packages/vllm/v1/executor/multiproc_executor.py:1047 _execute_worker_rpc
   /usr/local/lib/python3.12/dist-packages/vllm/v1/worker/worker_base.py:375 execute_model
   /usr/local/lib/python3.12/dist-packages/torch/utils/_contextlib.py:124 decorate_context
   /usr/local/lib/python3.12/dist-packages/vllm/v1/worker/gpu_worker.py:1177 execute_model
   /usr/local/lib/python3.12/dist-packages/torch/utils/_contextlib.py:124 decorate_context
   /usr/local/lib/python3.12/dist-packages/vllm/v1/worker/gpu/model_runner.py:1728 execute_model
   /usr/local/lib/python3.12/dist-packages/vllm/models/deepseek_v4_1/nvidia/model_state.py:110 prepare_inputs
   /usr/local/lib/python3.12/dist-packages/torch/utils/_contextlib.py:124 decorate_context
   /usr/local/lib/python3.12/dist-packages/vllm/models/deepseek_v4_1/common/engram.py:1399 stage
   /usr/local/lib/python3.12/dist-packages/torch/cuda/streams.py:254 synchronize
=== 17:46:05 anon 2.8 file 0.9 shmem 4.8 GiB
   /usr/local/lib/python3.12/dist-packages/torch/nn/modules/module.py:1789 _call_impl
   /usr/local/lib/python3.12/dist-packages/vllm/models/deepseek_v4_1/nvidia/model.py:385 forward
   /usr/local/lib/python3.12/dist-packages/torch/nn/modules/module.py:1778 _wrapped_call_impl
   /usr/local/lib/python3.12/dist-packages/torch/nn/modules/module.py:1789 _call_impl
   /usr/local/lib/python3.12/dist-packages/vllm/models/deepseek_v4/nvidia/model.py:1029 forward
   /usr/local/lib/python3.12/dist-packages/vllm/models/deepseek_v4/nvidia/model.py:1078 _forward_fused_moe
   /usr/local/lib/python3.12/dist-packages/torch/nn/modules/module.py:1778 _wrapped_call_impl
   /usr/local/lib/python3.12/dist-packages/torch/nn/modules/module.py:1789 _call_impl
   /usr/local/lib/python3.12/dist-packages/vllm/model_executor/layers/fused_moe/runner/moe_runner.py:788 forward
   /usr/local/lib/python3.12/dist-packages/torch/_ops.py:1279 __call__
   /usr/local/lib/python3.12/dist-packages/vllm/model_executor/layers/fused_moe/runner/moe_runner.py:162 _moe_forward_shared
   /usr/local/lib/python3.12/dist-packages/vllm/model_executor/layers/fused_moe/runner/moe_runner.py:904 _forward_impl
   /usr/local/lib/python3.12/dist-packages/vllm/model_executor/layers/fused_moe/runner/shared_experts.py:154 maybe_forward_async
   /usr/local/lib/python3.12/dist-packages/torch/cuda/streams.py:223 wait
=== 17:46:10 anon 2.8 file 0.9 shmem 4.8 GiB
   /usr/local/lib/python3.12/dist-packages/torch/nn/modules/module.py:1789 _call_impl
   /usr/local/lib/python3.12/dist-packages/vllm/models/deepseek_v4_1/nvidia/model.py:1085 forward
   /usr/local/lib/python3.12/dist-packages/torch/nn/modules/module.py:1778 _wrapped_call_impl
   /usr/local/lib/python3.12/dist-packages/torch/nn/modules/module.py:1789 _call_impl
   /usr/local/lib/python3.12/dist-packages/vllm/models/deepseek_v4_1/nvidia/model.py:626 forward
   /usr/local/lib/python3.12/dist-packages/torch/nn/modules/module.py:1778 _wrapped_call_impl
   /usr/local/lib/python3.12/dist-packages/torch/nn/modules/module.py:1789 _call_impl
   /usr/local/lib/python3.12/dist-packages/vllm/models/deepseek_v4_1/nvidia/model.py:384 forward
   /usr/local/lib/python3.12/dist-packages/vllm/model_executor/kernels/mhc/tilelang.py:619 mhc_post_tilelang
   /usr/local/lib/python3.12/dist-packages/vllm/utils/jit_monitor.py:510 _call_with_monitor
   /usr/local/lib/python3.12/dist-packages/tilelang/jit/__init__.py:538 __call__
   /usr/local/lib/python3.12/dist-packages/tilelang/jit/kernel.py:202 __call__
   /usr/local/lib/python3.12/dist-packages/tilelang/jit/adapter/tvm_ffi.py:292 func
   /usr/local/lib/python3.12/dist-packages/tvm_ffi/module.py:299 __call__
=== 17:46:15 anon 2.9 file 0.9 shmem 4.8 GiB
   /usr/local/lib/python3.12/dist-packages/torch/nn/modules/module.py:1778 _wrapped_call_impl
   /usr/local/lib/python3.12/dist-packages/torch/nn/modules/module.py:1789 _call_impl
   /usr/local/lib/python3.12/dist-packages/vllm/models/deepseek_v4_1/nvidia/model.py:1085 forward
   /usr/local/lib/python3.12/dist-packages/torch/nn/modules/module.py:1778 _wrapped_call_impl
   /usr/local/lib/python3.12/dist-packages/torch/nn/modules/module.py:1789 _call_impl
   /usr/local/lib/python3.12/dist-packages/vllm/models/deepseek_v4_1/nvidia/model.py:626 forward
   /usr/local/lib/python3.12/dist-packages/torch/nn/modules/module.py:1778 _wrapped_call_impl
   /usr/local/lib/python3.12/dist-packages/torch/nn/modules/module.py:1789 _call_impl
   /usr/local/lib/python3.12/dist-packages/vllm/models/deepseek_v4_1/nvidia/model.py:384 forward
   /usr/local/lib/python3.12/dist-packages/vllm/model_executor/kernels/mhc/tilelang.py:217 mhc_pre_delayed_tilelang
   /usr/local/lib/python3.12/dist-packages/vllm/model_executor/kernels/mhc/warmup.py:71 __call__
   /usr/local/lib/python3.12/dist-packages/tilelang/jit/kernel.py:202 __call__
   /usr/local/lib/python3.12/dist-packages/tilelang/jit/adapter/tvm_ffi.py:292 func
   /usr/local/lib/python3.12/dist-packages/tvm_ffi/module.py:299 __call__
=== 17:46:20 anon 2.9 file 0.9 shmem 4.8 GiB
   /usr/local/lib/python3.12/dist-packages/torch/nn/modules/module.py:1789 _call_impl
   /usr/local/lib/python3.12/dist-packages/vllm/models/deepseek_v4_1/nvidia/model.py:1085 forward
   /usr/local/lib/python3.12/dist-packages/torch/nn/modules/module.py:1778 _wrapped_call_impl
   /usr/local/lib/python3.12/dist-packages/torch/nn/modules/module.py:1789 _call_impl
   /usr/local/lib/python3.12/dist-packages/vllm/models/deepseek_v4_1/nvidia/model.py:626 forward
   /usr/local/lib/python3.12/dist-packages/torch/nn/modules/module.py:1778 _wrapped_call_impl
   /usr/local/lib/python3.12/dist-packages/torch/nn/modules/module.py:1789 _call_impl
   /usr/local/lib/python3.12/dist-packages/vllm/models/deepseek_v4_1/nvidia/model.py:385 forward
   /usr/local/lib/python3.12/dist-packages/vllm/model_executor/kernels/mhc/tilelang.py:619 mhc_post_tilelang
   /usr/local/lib/python3.12/dist-packages/vllm/utils/jit_monitor.py:510 _call_with_monitor
   /usr/local/lib/python3.12/dist-packages/vllm/utils/jit_monitor.py:401 _tilelang_cache_miss_key
   /usr/local/lib/python3.12/dist-packages/tilelang/language/eager/builder.py:1450 parse_args
   /usr/local/lib/python3.12/dist-packages/tilelang/language/eager/builder.py:1095 _parse_phase2_key
   /usr/local/lib/python3.12/dist-packages/tvm_ffi/container.py:507 __iter__
=== 17:46:25 anon 2.9 file 0.9 shmem 4.8 GiB
   /usr/local/lib/python3.12/dist-packages/torch/nn/modules/module.py:1789 _call_impl
   /usr/local/lib/python3.12/dist-packages/vllm/models/deepseek_v4_1/nvidia/model.py:1085 forward
   /usr/local/lib/python3.12/dist-packages/torch/nn/modules/module.py:1778 _wrapped_call_impl
   /usr/local/lib/python3.12/dist-packages/torch/nn/modules/module.py:1789 _call_impl
   /usr/local/lib/python3.12/dist-packages/vllm/models/deepseek_v4_1/nvidia/model.py:626 forward
   /usr/local/lib/python3.12/dist-packages/torch/nn/modules/module.py:1778 _wrapped_call_impl
   /usr/local/lib/python3.12/dist-packages/torch/nn/modules/module.py:1789 _call_impl
   /usr/local/lib/python3.12/dist-packages/vllm/models/deepseek_v4_1/nvidia/model.py:385 forward
   /usr/local/lib/python3.12/dist-packages/vllm/model_executor/kernels/mhc/tilelang.py:619 mhc_post_tilelang
   /usr/local/lib/python3.12/dist-packages/vllm/utils/jit_monitor.py:510 _call_with_monitor
   /usr/local/lib/python3.12/dist-packages/tilelang/jit/__init__.py:538 __call__
   /usr/local/lib/python3.12/dist-packages/tilelang/jit/kernel.py:202 __call__
   /usr/local/lib/python3.12/dist-packages/tilelang/jit/adapter/tvm_ffi.py:292 func
   /usr/local/lib/python3.12/dist-packages/tvm_ffi/module.py:299 __call__
=== 17:46:30 anon 2.9 file 0.9 shmem 4.8 GiB
   /usr/local/lib/python3.12/dist-packages/vllm/v1/worker/gpu/model_runner.py:1796 execute_model
   /usr/local/lib/python3.12/dist-packages/torch/nn/modules/module.py:1778 _wrapped_call_impl
   /usr/local/lib/python3.12/dist-packages/torch/nn/modules/module.py:1789 _call_impl
   /usr/local/lib/python3.12/dist-packages/vllm/models/deepseek_v4_1/nvidia/vl_model.py:317 forward
   /usr/local/lib/python3.12/dist-packages/torch/nn/modules/module.py:1778 _wrapped_call_impl
   /usr/local/lib/python3.12/dist-packages/torch/nn/modules/module.py:1789 _call_impl
   /usr/local/lib/python3.12/dist-packages/vllm/models/deepseek_v4_1/nvidia/model.py:1085 forward
   /usr/local/lib/python3.12/dist-packages/torch/nn/modules/module.py:1778 _wrapped_call_impl
   /usr/local/lib/python3.12/dist-packages/torch/nn/modules/module.py:1789 _call_impl
   /usr/local/lib/python3.12/dist-packages/vllm/models/deepseek_v4_1/nvidia/model.py:626 forward
   /usr/local/lib/python3.12/dist-packages/torch/nn/modules/module.py:1778 _wrapped_call_impl
   /usr/local/lib/python3.12/dist-packages/torch/nn/modules/module.py:1789 _call_impl
   /usr/local/lib/python3.12/dist-packages/vllm/models/deepseek_v4_1/nvidia/model.py:365 forward
   /usr/local/lib/python3.12/dist-packages/vllm/model_executor/kernels/mhc/tilelang.py:217 mhc_pre_delayed_tilelang
=== 17:46:35 anon 2.9 file 0.9 shmem 4.8 GiB
   /usr/local/lib/python3.12/dist-packages/vllm/models/deepseek_v4/nvidia/model.py:1029 forward
   /usr/local/lib/python3.12/dist-packages/vllm/models/deepseek_v4/nvidia/model.py:1078 _forward_fused_moe
   /usr/local/lib/python3.12/dist-packages/torch/nn/modules/module.py:1778 _wrapped_call_impl
   /usr/local/lib/python3.12/dist-packages/torch/nn/modules/module.py:1789 _call_impl
   /usr/local/lib/python3.12/dist-packages/vllm/model_executor/layers/fused_moe/runner/moe_runner.py:788 forward
   /usr/local/lib/python3.12/dist-packages/torch/_ops.py:1279 __call__
   /usr/local/lib/python3.12/dist-packages/vllm/model_executor/layers/fused_moe/runner/moe_runner.py:162 _moe_forward_shared
   /usr/local/lib/python3.12/dist-packages/vllm/model_executor/layers/fused_moe/runner/moe_runner.py:904 _forward_impl
   /usr/local/lib/python3.12/dist-packages/vllm/model_executor/layers/fused_moe/runner/moe_runner.py:642 _apply_quant_method
   /usr/local/lib/python3.12/dist-packages/vllm/model_executor/layers/fused_moe/routed_experts.py:1252 forward_modular
   /usr/local/lib/python3.12/dist-packages/cuda_exl3/moe.py:567 apply
   /usr/local/lib/python3.12/dist-packages/vllm/model_executor/layers/fused_moe/moe_align_block_size.py:103 moe_align_block_size
   /usr/local/lib/python3.12/dist-packages/vllm/_custom_ops.py:2327 moe_align_block_size
   /usr/local/lib/python3.12/dist-packages/torch/_ops.py:1279 __call__
=== 17:46:40 anon 2.8 file 0.9 shmem 4.8 GiB
   /usr/local/lib/python3.12/dist-packages/vllm/v1/executor/multiproc_executor.py:1033 worker_busy_loop
   /usr/local/lib/python3.12/dist-packages/vllm/v1/executor/multiproc_executor.py:1050 _execute_worker_rpc
   /usr/local/lib/python3.12/dist-packages/torch/utils/_contextlib.py:123 decorate_context
   /usr/local/lib/python3.12/dist-packages/vllm/v1/worker/gpu_worker.py:1112 sample_tokens
   /usr/local/lib/python3.12/dist-packages/torch/utils/_contextlib.py:123 decorate_context
   /usr/local/lib/python3.12/dist-packages/vllm/v1/worker/gpu/eplb_utils.py:33 wrapper
   /usr/local/lib/python3.12/dist-packages/vllm/v1/worker/gpu/model_runner.py:1994 sample_tokens
   /usr/local/lib/python3.12/dist-packages/vllm/v1/worker/gpu/model_runner.py:1491 sample
   /usr/local/lib/python3.12/dist-packages/vllm/v1/worker/gpu/sample/sampler.py:207 __call__
   /usr/local/lib/python3.12/dist-packages/vllm/v1/worker/gpu/sample/sampler.py:325 sample
   /usr/local/lib/python3.12/dist-packages/vllm/v1/worker/gpu/sample/gumbel.py:306 gumbel_sample
   /usr/local/lib/python3.12/dist-packages/triton/runtime/jit.py:370 <lambda>
   /usr/local/lib/python3.12/dist-packages/triton/runtime/jit.py:763 run
   /usr/local/lib/python3.12/dist-packages/triton/backends/nvidia/driver.py:328 __call__
=== 17:46:45 anon 2.8 file 0.9 shmem 4.8 GiB
   /usr/local/lib/python3.12/dist-packages/torch/nn/modules/module.py:1789 _call_impl
   /usr/local/lib/python3.12/dist-packages/vllm/models/deepseek_v4_1/nvidia/model.py:1085 forward
   /usr/local/lib/python3.12/dist-packages/torch/nn/modules/module.py:1778 _wrapped_call_impl
   /usr/local/lib/python3.12/dist-packages/torch/nn/modules/module.py:1789 _call_impl
   /usr/local/lib/python3.12/dist-packages/vllm/models/deepseek_v4_1/nvidia/model.py:626 forward
   /usr/local/lib/python3.12/dist-packages/torch/nn/modules/module.py:1778 _wrapped_call_impl
   /usr/local/lib/python3.12/dist-packages/torch/nn/modules/module.py:1789 _call_impl
   /usr/local/lib/python3.12/dist-packages/vllm/models/deepseek_v4_1/nvidia/model.py:384 forward
   /usr/local/lib/python3.12/dist-packages/vllm/model_executor/kernels/mhc/tilelang.py:619 mhc_post_tilelang
   /usr/local/lib/python3.12/dist-packages/vllm/utils/jit_monitor.py:510 _call_with_monitor
   /usr/local/lib/python3.12/dist-packages/vllm/utils/jit_monitor.py:401 _tilelang_cache_miss_key
   /usr/local/lib/python3.12/dist-packages/tilelang/language/eager/builder.py:1450 parse_args
   /usr/local/lib/python3.12/dist-packages/tilelang/language/eager/builder.py:1095 _parse_phase2_key
   /usr/local/lib/python3.12/dist-packages/tvm_ffi/container.py:507 __iter__
=== 17:46:50 anon 2.8 file 0.9 shmem 4.8 GiB
   /usr/local/lib/python3.12/dist-packages/vllm/models/deepseek_v4/nvidia/model.py:1029 forward
   /usr/local/lib/python3.12/dist-packages/vllm/models/deepseek_v4/nvidia/model.py:1078 _forward_fused_moe
   /usr/local/lib/python3.12/dist-packages/torch/nn/modules/module.py:1778 _wrapped_call_impl
   /usr/local/lib/python3.12/dist-packages/torch/nn/modules/module.py:1789 _call_impl
   /usr/local/lib/python3.12/dist-packages/vllm/model_executor/layers/fused_moe/runner/moe_runner.py:788 forward
   /usr/local/lib/python3.12/dist-packages/vllm/model_executor/layers/fused_moe/runner/moe_runner.py:511 _maybe_reduce_final_output
   /usr/local/lib/python3.12/dist-packages/vllm/distributed/communication_op.py:14 tensor_model_parallel_all_reduce
   /usr/local/lib/python3.12/dist-packages/vllm/distributed/parallel_state.py:742 all_reduce
   /usr/local/lib/python3.12/dist-packages/torch/_ops.py:1279 __call__
   /usr/local/lib/python3.12/dist-packages/vllm/distributed/parallel_state.py:198 all_reduce
   /usr/local/lib/python3.12/dist-packages/vllm/distributed/parallel_state.py:749 _all_reduce_out_place
   /usr/local/lib/python3.12/dist-packages/vllm/distributed/device_communicators/cuda_communicator.py:377 all_reduce
   /usr/local/lib/python3.12/dist-packages/vllm/distributed/device_communicators/pynccl.py:268 all_reduce
   /usr/local/lib/python3.12/dist-packages/vllm/distributed/device_communicators/pynccl_wrapper.py:504 ncclAllReduce
=== 17:46:55 anon 2.8 file 0.9 shmem 4.8 GiB
   /usr/local/lib/python3.12/dist-packages/vllm/model_executor/layers/quantization/modelopt.py:2451 <lambda>
   /usr/local/lib/python3.12/dist-packages/vllm/model_executor/kernels/linear/mxfp8/flashinfer.py:114 apply_weights
   /usr/local/lib/python3.12/dist-packages/torch/_library/custom_ops.py:863 __call__
   /usr/local/lib/python3.12/dist-packages/torch/_ops.py:875 __call__
   /usr/local/lib/python3.12/dist-packages/torch/_library/custom_ops.py:482 backend_impl
   /usr/local/lib/python3.12/dist-packages/torch/_compile.py:54 inner
   /usr/local/lib/python3.12/dist-packages/torch/_dynamo/eval_frame.py:1450 _fn
   /usr/local/lib/python3.12/dist-packages/torch/_library/custom_ops.py:502 wrapped_fn
   /usr/local/lib/python3.12/dist-packages/vllm/utils/flashinfer.py:920 mm_mxfp8
   /usr/local/lib/python3.12/dist-packages/flashinfer/utils.py:1561 wrapper
   /usr/local/lib/python3.12/dist-packages/flashinfer/api_logging.py:2348 _auto_dump_wrapper
   /usr/local/lib/python3.12/dist-packages/flashinfer/gemm/gemm_base.py:6275 mm_mxfp8
   /usr/local/lib/python3.12/dist-packages/flashinfer/autotuner/autotuner.py:764 __call__
   /usr/local/lib/python3.12/dist-packages/flashinfer/gemm/gemm_base.py:5282 forward
=== 17:47:00 anon 2.8 file 0.9 shmem 4.8 GiB
   /usr/local/lib/python3.12/dist-packages/torch/nn/modules/module.py:1789 _call_impl
   /usr/local/lib/python3.12/dist-packages/vllm/models/deepseek_v4_1/nvidia/model.py:385 forward
   /usr/local/lib/python3.12/dist-packages/torch/nn/modules/module.py:1778 _wrapped_call_impl
   /usr/local/lib/python3.12/dist-packages/torch/nn/modules/module.py:1789 _call_impl
   /usr/local/lib/python3.12/dist-packages/vllm/models/deepseek_v4/nvidia/model.py:1029 forward
   /usr/local/lib/python3.12/dist-packages/vllm/models/deepseek_v4/nvidia/model.py:1078 _forward_fused_moe
   /usr/local/lib/python3.12/dist-packages/torch/nn/modules/module.py:1778 _wrapped_call_impl
   /usr/local/lib/python3.12/dist-packages/torch/nn/modules/module.py:1789 _call_impl
   /usr/local/lib/python3.12/dist-packages/vllm/model_executor/layers/fused_moe/runner/moe_runner.py:788 forward
   /usr/local/lib/python3.12/dist-packages/torch/_ops.py:1279 __call__
   /usr/local/lib/python3.12/dist-packages/vllm/model_executor/layers/fused_moe/runner/moe_runner.py:162 _moe_forward_shared
   /usr/local/lib/python3.12/dist-packages/vllm/model_executor/layers/fused_moe/runner/moe_runner.py:904 _forward_impl
   /usr/local/lib/python3.12/dist-packages/vllm/model_executor/layers/fused_moe/runner/moe_runner.py:642 _apply_quant_method
   /usr/local/lib/python3.12/dist-packages/vllm/model_executor/layers/fused_moe/routed_experts.py:1252 forward_modular
=== 17:47:05 anon 2.8 file 0.9 shmem 4.8 GiB
   /usr/local/lib/python3.12/dist-packages/torch/nn/modules/module.py:1789 _call_impl
   /usr/local/lib/python3.12/dist-packages/vllm/model_executor/layers/linear.py:610 forward
   /usr/local/lib/python3.12/dist-packages/vllm/model_executor/layers/quantization/modelopt.py:2447 apply
   /usr/local/lib/python3.12/dist-packages/vllm/model_executor/layers/quantization/modelopt.py:2296 apply
   /usr/local/lib/python3.12/dist-packages/vllm/model_executor/layers/quantization/modelopt.py:2451 <lambda>
   /usr/local/lib/python3.12/dist-packages/vllm/model_executor/kernels/linear/mxfp8/flashinfer.py:114 apply_weights
   /usr/local/lib/python3.12/dist-packages/vllm/model_executor/layers/quantization/utils/mxfp8_utils.py:227 mxfp8_e4m3_quantize
   /usr/local/lib/python3.12/dist-packages/torch/_ops.py:1279 __call__
   /usr/local/lib/python3.12/dist-packages/vllm/model_executor/layers/quantization/utils/mxfp8_utils.py:206 _mxfp8_e4m3_quantize_impl
   /usr/local/lib/python3.12/dist-packages/flashinfer/api_logging.py:2348 _auto_dump_wrapper
   /usr/local/lib/python3.12/dist-packages/flashinfer/quantization/fp8_quantization.py:246 mxfp8_quantize
   /usr/local/lib/python3.12/dist-packages/flashinfer/quantization/kernels/mxfp8_quantize.py:980 mxfp8_quantize_cute_dsl
   /usr/local/lib/python3.12/dist-packages/nvidia_cutlass_dsl/dsl_packages/cutlass/cutlass_dsl/tvm_ffi_provider.py:685 __call__
   <string>:3 wrapper
=== 17:47:10 anon 2.8 file 0.9 shmem 4.8 GiB
   /usr/local/lib/python3.12/dist-packages/vllm/v1/worker/gpu/model_runner.py:1491 sample
   /usr/local/lib/python3.12/dist-packages/vllm/models/deepseek_v4_1/nvidia/vl_model.py:326 compute_logits
   /usr/local/lib/python3.12/dist-packages/vllm/models/deepseek_v4_1/nvidia/model.py:1056 compute_logits
   /usr/local/lib/python3.12/dist-packages/torch/nn/modules/module.py:1778 _wrapped_call_impl
   /usr/local/lib/python3.12/dist-packages/torch/nn/modules/module.py:1789 _call_impl
   /usr/local/lib/python3.12/dist-packages/vllm/model_executor/layers/logits_processor.py:120 forward
   /usr/local/lib/python3.12/dist-packages/vllm/model_executor/layers/logits_processor.py:199 _get_logits
   /usr/local/lib/python3.12/dist-packages/vllm/model_executor/layers/logits_processor.py:134 _gather_logits
   /usr/local/lib/python3.12/dist-packages/vllm/distributed/communication_op.py:21 tensor_model_parallel_all_gather
   /usr/local/lib/python3.12/dist-packages/vllm/distributed/parallel_state.py:761 all_gather
   /usr/local/lib/python3.12/dist-packages/torch/_ops.py:1279 __call__
   /usr/local/lib/python3.12/dist-packages/vllm/distributed/parallel_state.py:230 all_gather
   /usr/local/lib/python3.12/dist-packages/vllm/distributed/parallel_state.py:770 _all_gather_out_place
   /usr/local/lib/python3.12/dist-packages/vllm/distributed/device_communicators/cuda_communicator.py:421 all_gather
=== 17:47:15 anon 2.8 file 0.9 shmem 4.8 GiB
   /usr/local/lib/python3.12/dist-packages/torch/nn/modules/module.py:1789 _call_impl
   /usr/local/lib/python3.12/dist-packages/vllm/model_executor/layers/linear.py:610 forward
   /usr/local/lib/python3.12/dist-packages/vllm/model_executor/layers/quantization/modelopt.py:2447 apply
   /usr/local/lib/python3.12/dist-packages/vllm/model_executor/layers/quantization/modelopt.py:2296 apply
   /usr/local/lib/python3.12/dist-packages/vllm/model_executor/layers/quantization/modelopt.py:2451 <lambda>
   /usr/local/lib/python3.12/dist-packages/vllm/model_executor/kernels/linear/mxfp8/flashinfer.py:114 apply_weights
   /usr/local/lib/python3.12/dist-packages/vllm/model_executor/layers/quantization/utils/mxfp8_utils.py:227 mxfp8_e4m3_quantize
   /usr/local/lib/python3.12/dist-packages/torch/_ops.py:1279 __call__
   /usr/local/lib/python3.12/dist-packages/vllm/model_executor/layers/quantization/utils/mxfp8_utils.py:206 _mxfp8_e4m3_quantize_impl
   /usr/local/lib/python3.12/dist-packages/flashinfer/api_logging.py:2348 _auto_dump_wrapper
   /usr/local/lib/python3.12/dist-packages/flashinfer/quantization/fp8_quantization.py:246 mxfp8_quantize
   /usr/local/lib/python3.12/dist-packages/flashinfer/quantization/kernels/mxfp8_quantize.py:980 mxfp8_quantize_cute_dsl
   /usr/local/lib/python3.12/dist-packages/nvidia_cutlass_dsl/dsl_packages/cutlass/cutlass_dsl/tvm_ffi_provider.py:685 __call__
   <string>:3 wrapper
=== 17:47:20 anon 2.8 file 0.9 shmem 4.8 GiB
   /usr/local/lib/python3.12/dist-packages/torch/nn/modules/module.py:1789 _call_impl
   /usr/local/lib/python3.12/dist-packages/vllm/models/deepseek_v4_1/nvidia/model.py:1085 forward
   /usr/local/lib/python3.12/dist-packages/torch/nn/modules/module.py:1778 _wrapped_call_impl
   /usr/local/lib/python3.12/dist-packages/torch/nn/modules/module.py:1789 _call_impl
   /usr/local/lib/python3.12/dist-packages/vllm/models/deepseek_v4_1/nvidia/model.py:626 forward
   /usr/local/lib/python3.12/dist-packages/torch/nn/modules/module.py:1778 _wrapped_call_impl
   /usr/local/lib/python3.12/dist-packages/torch/nn/modules/module.py:1789 _call_impl
   /usr/local/lib/python3.12/dist-packages/vllm/models/deepseek_v4_1/nvidia/model.py:385 forward
   /usr/local/lib/python3.12/dist-packages/torch/nn/modules/module.py:1778 _wrapped_call_impl
   /usr/local/lib/python3.12/dist-packages/torch/nn/modules/module.py:1789 _call_impl
   /usr/local/lib/python3.12/dist-packages/vllm/models/deepseek_v4/nvidia/model.py:1029 forward
   /usr/local/lib/python3.12/dist-packages/vllm/models/deepseek_v4/nvidia/model.py:1078 _forward_fused_moe
   /usr/local/lib/python3.12/dist-packages/torch/nn/modules/module.py:1778 _wrapped_call_impl
   /usr/local/lib/python3.12/dist-packages/torch/nn/modules/module.py:1789 _call_impl
=== 17:47:25 anon 2.8 file 0.9 shmem 4.8 GiB
   /usr/local/lib/python3.12/dist-packages/torch/nn/modules/module.py:1789 _call_impl
   /usr/local/lib/python3.12/dist-packages/vllm/models/deepseek_v4_1/nvidia/model.py:1085 forward
   /usr/local/lib/python3.12/dist-packages/torch/nn/modules/module.py:1778 _wrapped_call_impl
   /usr/local/lib/python3.12/dist-packages/torch/nn/modules/module.py:1789 _call_impl
   /usr/local/lib/python3.12/dist-packages/vllm/models/deepseek_v4_1/nvidia/model.py:626 forward
   /usr/local/lib/python3.12/dist-packages/torch/nn/modules/module.py:1778 _wrapped_call_impl
   /usr/local/lib/python3.12/dist-packages/torch/nn/modules/module.py:1789 _call_impl
   /usr/local/lib/python3.12/dist-packages/vllm/models/deepseek_v4_1/nvidia/model.py:384 forward
   /usr/local/lib/python3.12/dist-packages/vllm/model_executor/kernels/mhc/tilelang.py:619 mhc_post_tilelang
   /usr/local/lib/python3.12/dist-packages/vllm/utils/jit_monitor.py:510 _call_with_monitor
   /usr/local/lib/python3.12/dist-packages/tilelang/jit/__init__.py:538 __call__
   /usr/local/lib/python3.12/dist-packages/tilelang/jit/kernel.py:202 __call__
   /usr/local/lib/python3.12/dist-packages/tilelang/jit/adapter/tvm_ffi.py:292 func
   /usr/local/lib/python3.12/dist-packages/tvm_ffi/module.py:299 __call__
=== 17:47:30 anon 2.8 file 0.9 shmem 4.8 GiB
   /usr/local/lib/python3.12/dist-packages/vllm/models/deepseek_v4/nvidia/model.py:157 forward
   /usr/local/lib/python3.12/dist-packages/torch/nn/modules/module.py:1778 _wrapped_call_impl
   /usr/local/lib/python3.12/dist-packages/torch/nn/modules/module.py:1789 _call_impl
   /usr/local/lib/python3.12/dist-packages/vllm/model_executor/layers/linear.py:610 forward
   /usr/local/lib/python3.12/dist-packages/vllm/model_executor/layers/quantization/modelopt.py:2447 apply
   /usr/local/lib/python3.12/dist-packages/vllm/model_executor/layers/quantization/modelopt.py:2296 apply
   /usr/local/lib/python3.12/dist-packages/vllm/model_executor/layers/quantization/modelopt.py:2451 <lambda>
   /usr/local/lib/python3.12/dist-packages/vllm/model_executor/kernels/linear/mxfp8/flashinfer.py:114 apply_weights
   /usr/local/lib/python3.12/dist-packages/vllm/model_executor/layers/quantization/utils/mxfp8_utils.py:227 mxfp8_e4m3_quantize
   /usr/local/lib/python3.12/dist-packages/torch/_ops.py:1279 __call__
   /usr/local/lib/python3.12/dist-packages/vllm/model_executor/layers/quantization/utils/mxfp8_utils.py:206 _mxfp8_e4m3_quantize_impl
   /usr/local/lib/python3.12/dist-packages/flashinfer/api_logging.py:2348 _auto_dump_wrapper
   /usr/local/lib/python3.12/dist-packages/flashinfer/quantization/fp8_quantization.py:246 mxfp8_quantize
   /usr/local/lib/python3.12/dist-packages/flashinfer/quantization/kernels/mxfp8_quantize.py:980 mxfp8_quantize_cute_dsl
=== 17:47:35 anon 2.8 file 0.9 shmem 4.8 GiB
   /usr/local/lib/python3.12/dist-packages/torch/nn/modules/module.py:1778 _wrapped_call_impl
   /usr/local/lib/python3.12/dist-packages/torch/nn/modules/module.py:1789 _call_impl
   /usr/local/lib/python3.12/dist-packages/vllm/models/deepseek_v4_1/attention.py:587 forward
   /usr/local/lib/python3.12/dist-packages/vllm/models/deepseek_v4_1/attention.py:810 _run_parallel_input_projections
   /usr/local/lib/python3.12/dist-packages/vllm/utils/multi_stream_utils.py:132 execute_in_parallel
   /usr/local/lib/python3.12/dist-packages/vllm/models/deepseek_v4_1/attention.py:801 <lambda>
   /usr/local/lib/python3.12/dist-packages/vllm/models/deepseek_v4_1/attention.py:748 _fused_wqa_wkv_gemm
   /usr/local/lib/python3.12/dist-packages/torch/nn/modules/module.py:1778 _wrapped_call_impl
   /usr/local/lib/python3.12/dist-packages/torch/nn/modules/module.py:1789 _call_impl
   /usr/local/lib/python3.12/dist-packages/vllm/model_executor/layers/linear.py:610 forward
   /usr/local/lib/python3.12/dist-packages/vllm/model_executor/layers/quantization/modelopt.py:2447 apply
   /usr/local/lib/python3.12/dist-packages/vllm/model_executor/layers/quantization/modelopt.py:2296 apply
   /usr/local/lib/python3.12/dist-packages/vllm/model_executor/layers/quantization/modelopt.py:2451 <lambda>
   /usr/local/lib/python3.12/dist-packages/vllm/model_executor/kernels/linear/mxfp8/flashinfer.py:114 apply_weights
=== 17:47:40 anon 2.8 file 0.9 shmem 4.8 GiB
   /usr/local/lib/python3.12/dist-packages/vllm/models/deepseek_v4/nvidia/model.py:1029 forward
   /usr/local/lib/python3.12/dist-packages/vllm/models/deepseek_v4/nvidia/model.py:1078 _forward_fused_moe
   /usr/local/lib/python3.12/dist-packages/torch/nn/modules/module.py:1778 _wrapped_call_impl
   /usr/local/lib/python3.12/dist-packages/torch/nn/modules/module.py:1789 _call_impl
   /usr/local/lib/python3.12/dist-packages/vllm/model_executor/layers/fused_moe/runner/moe_runner.py:788 forward
   /usr/local/lib/python3.12/dist-packages/torch/_ops.py:1279 __call__
   /usr/local/lib/python3.12/dist-packages/vllm/model_executor/layers/fused_moe/runner/moe_runner.py:162 _moe_forward_shared
   /usr/local/lib/python3.12/dist-packages/vllm/model_executor/layers/fused_moe/runner/moe_runner.py:904 _forward_impl
   /usr/local/lib/python3.12/dist-packages/vllm/model_executor/layers/fused_moe/runner/moe_runner.py:642 _apply_quant_method
   /usr/local/lib/python3.12/dist-packages/vllm/model_executor/layers/fused_moe/router/fused_moe_router.py:81 select_experts
   /usr/local/lib/python3.12/dist-packages/vllm/model_executor/layers/fused_moe/router/base_router.py:305 _select_experts
   /usr/local/lib/python3.12/dist-packages/vllm/model_executor/layers/fused_moe/router/fused_topk_bias_router.py:442 _compute_routing
   /usr/local/lib/python3.12/dist-packages/vllm/model_executor/layers/fused_moe/router/fused_topk_bias_router.py:163 fused_topk_bias
   /usr/local/lib/python3.12/dist-packages/vllm/model_executor/layers/fused_moe/router/dsv4_topk.py:151 dsv4_topk
=== 17:47:45 anon 2.9 file 0.9 shmem 4.8 GiB
   /usr/lib/python3.12/multiprocessing/process.py:314 _bootstrap
   /usr/lib/python3.12/multiprocessing/process.py:108 run
   /usr/local/lib/python3.12/dist-packages/vllm/v1/executor/multiproc_executor.py:935 worker_main
   /usr/local/lib/python3.12/dist-packages/vllm/v1/executor/multiproc_executor.py:1033 worker_busy_loop
   /usr/local/lib/python3.12/dist-packages/vllm/v1/executor/multiproc_executor.py:1047 _execute_worker_rpc
   /usr/local/lib/python3.12/dist-packages/vllm/v1/worker/worker_base.py:375 execute_model
   /usr/local/lib/python3.12/dist-packages/torch/utils/_contextlib.py:124 decorate_context
   /usr/local/lib/python3.12/dist-packages/vllm/v1/worker/gpu_worker.py:1177 execute_model
   /usr/local/lib/python3.12/dist-packages/torch/utils/_contextlib.py:124 decorate_context
   /usr/local/lib/python3.12/dist-packages/vllm/v1/worker/gpu/model_runner.py:1728 execute_model
   /usr/local/lib/python3.12/dist-packages/vllm/models/deepseek_v4_1/nvidia/model_state.py:110 prepare_inputs
   /usr/local/lib/python3.12/dist-packages/torch/utils/_contextlib.py:124 decorate_context
   /usr/local/lib/python3.12/dist-packages/vllm/models/deepseek_v4_1/common/engram.py:1399 stage
   /usr/local/lib/python3.12/dist-packages/vllm/models/deepseek_v4_1/common/mm_preprocess.py:78 image_sentinel_mask
=== 17:47:50 anon 2.9 file 0.9 shmem 4.8 GiB
   /usr/lib/python3.12/multiprocessing/process.py:314 _bootstrap
   /usr/lib/python3.12/multiprocessing/process.py:108 run
   /usr/local/lib/python3.12/dist-packages/vllm/v1/executor/multiproc_executor.py:935 worker_main
   /usr/local/lib/python3.12/dist-packages/vllm/v1/executor/multiproc_executor.py:1033 worker_busy_loop
   /usr/local/lib/python3.12/dist-packages/vllm/v1/executor/multiproc_executor.py:1047 _execute_worker_rpc
   /usr/local/lib/python3.12/dist-packages/vllm/v1/worker/worker_base.py:375 execute_model
   /usr/local/lib/python3.12/dist-packages/torch/utils/_contextlib.py:124 decorate_context
   /usr/local/lib/python3.12/dist-packages/vllm/v1/worker/gpu_worker.py:1177 execute_model
   /usr/local/lib/python3.12/dist-packages/torch/utils/_contextlib.py:124 decorate_context
   /usr/local/lib/python3.12/dist-packages/vllm/v1/worker/gpu/model_runner.py:1677 execute_model
   /usr/local/lib/python3.12/dist-packages/vllm/v1/worker/gpu/model_states/default.py:208 prepare_attn
   /usr/local/lib/python3.12/dist-packages/vllm/v1/worker/gpu/attn_utils.py:336 build_attn_metadata
   /usr/local/lib/python3.12/dist-packages/vllm/v1/attention/backends/mla/sparse_swa.py:695 build
   /usr/local/lib/python3.12/dist-packages/vllm/v1/attention/backend.py:525 token_to_req_indices
=== 17:47:55 anon 2.9 file 0.9 shmem 4.8 GiB
   /usr/lib/python3.12/multiprocessing/process.py:314 _bootstrap
   /usr/lib/python3.12/multiprocessing/process.py:108 run
   /usr/local/lib/python3.12/dist-packages/vllm/v1/executor/multiproc_executor.py:935 worker_main
   /usr/local/lib/python3.12/dist-packages/vllm/v1/executor/multiproc_executor.py:1033 worker_busy_loop
   /usr/local/lib/python3.12/dist-packages/vllm/v1/executor/multiproc_executor.py:1047 _execute_worker_rpc
   /usr/local/lib/python3.12/dist-packages/vllm/v1/worker/worker_base.py:375 execute_model
   /usr/local/lib/python3.12/dist-packages/torch/utils/_contextlib.py:124 decorate_context
   /usr/local/lib/python3.12/dist-packages/vllm/v1/worker/gpu_worker.py:1177 execute_model
   /usr/local/lib/python3.12/dist-packages/torch/utils/_contextlib.py:124 decorate_context
   /usr/local/lib/python3.12/dist-packages/vllm/v1/worker/gpu/model_runner.py:1728 execute_model
   /usr/local/lib/python3.12/dist-packages/vllm/models/deepseek_v4_1/nvidia/model_state.py:110 prepare_inputs
   /usr/local/lib/python3.12/dist-packages/torch/utils/_contextlib.py:124 decorate_context
   /usr/local/lib/python3.12/dist-packages/vllm/models/deepseek_v4_1/common/engram.py:1399 stage
   /usr/local/lib/python3.12/dist-packages/torch/cuda/streams.py:254 synchronize
=== 17:48:00 anon 2.8 file 0.9 shmem 4.8 GiB
   /usr/local/lib/python3.12/dist-packages/torch/utils/_contextlib.py:124 decorate_context
   /usr/local/lib/python3.12/dist-packages/vllm/v1/worker/gpu/model_runner.py:1796 execute_model
   /usr/local/lib/python3.12/dist-packages/torch/nn/modules/module.py:1778 _wrapped_call_impl
   /usr/local/lib/python3.12/dist-packages/torch/nn/modules/module.py:1789 _call_impl
   /usr/local/lib/python3.12/dist-packages/vllm/models/deepseek_v4_1/nvidia/vl_model.py:317 forward
   /usr/local/lib/python3.12/dist-packages/torch/nn/modules/module.py:1778 _wrapped_call_impl
   /usr/local/lib/python3.12/dist-packages/torch/nn/modules/module.py:1789 _call_impl
   /usr/local/lib/python3.12/dist-packages/vllm/models/deepseek_v4_1/nvidia/model.py:1085 forward
   /usr/local/lib/python3.12/dist-packages/torch/nn/modules/module.py:1778 _wrapped_call_impl
   /usr/local/lib/python3.12/dist-packages/torch/nn/modules/module.py:1789 _call_impl
   /usr/local/lib/python3.12/dist-packages/vllm/models/deepseek_v4_1/nvidia/model.py:626 forward
   /usr/local/lib/python3.12/dist-packages/torch/nn/modules/module.py:1778 _wrapped_call_impl
   /usr/local/lib/python3.12/dist-packages/torch/nn/modules/module.py:1789 _call_impl
   /usr/local/lib/python3.12/dist-packages/vllm/models/deepseek_v4_1/nvidia/model.py:365 forward
=== 17:48:05 anon 2.8 file 0.9 shmem 4.8 GiB
   /usr/local/lib/python3.12/dist-packages/torch/nn/modules/module.py:1789 _call_impl
   /usr/local/lib/python3.12/dist-packages/vllm/models/deepseek_v4_1/nvidia/model.py:1085 forward
   /usr/local/lib/python3.12/dist-packages/torch/nn/modules/module.py:1778 _wrapped_call_impl
   /usr/local/lib/python3.12/dist-packages/torch/nn/modules/module.py:1789 _call_impl
   /usr/local/lib/python3.12/dist-packages/vllm/models/deepseek_v4_1/nvidia/model.py:626 forward
   /usr/local/lib/python3.12/dist-packages/torch/nn/modules/module.py:1778 _wrapped_call_impl
   /usr/local/lib/python3.12/dist-packages/torch/nn/modules/module.py:1789 _call_impl
   /usr/local/lib/python3.12/dist-packages/vllm/models/deepseek_v4_1/nvidia/model.py:385 forward
   /usr/local/lib/python3.12/dist-packages/vllm/model_executor/kernels/mhc/tilelang.py:619 mhc_post_tilelang
   /usr/local/lib/python3.12/dist-packages/vllm/utils/jit_monitor.py:510 _call_with_monitor
   /usr/local/lib/python3.12/dist-packages/tilelang/jit/__init__.py:538 __call__
   /usr/local/lib/python3.12/dist-packages/tilelang/jit/kernel.py:202 __call__
   /usr/local/lib/python3.12/dist-packages/tilelang/jit/adapter/tvm_ffi.py:292 func
   /usr/local/lib/python3.12/dist-packages/tvm_ffi/module.py:299 __call__
=== 17:48:10 anon 2.8 file 0.9 shmem 4.8 GiB
   /usr/local/lib/python3.12/dist-packages/torch/nn/modules/module.py:1789 _call_impl
   /usr/local/lib/python3.12/dist-packages/vllm/model_executor/layers/linear.py:1773 forward
   /usr/local/lib/python3.12/dist-packages/vllm/model_executor/layers/quantization/modelopt.py:2447 apply
   /usr/local/lib/python3.12/dist-packages/vllm/model_executor/layers/quantization/modelopt.py:2296 apply
   /usr/local/lib/python3.12/dist-packages/vllm/model_executor/layers/quantization/modelopt.py:2451 <lambda>
   /usr/local/lib/python3.12/dist-packages/vllm/model_executor/kernels/linear/mxfp8/flashinfer.py:114 apply_weights
   /usr/local/lib/python3.12/dist-packages/vllm/model_executor/layers/quantization/utils/mxfp8_utils.py:227 mxfp8_e4m3_quantize
   /usr/local/lib/python3.12/dist-packages/torch/_ops.py:1279 __call__
   /usr/local/lib/python3.12/dist-packages/vllm/model_executor/layers/quantization/utils/mxfp8_utils.py:206 _mxfp8_e4m3_quantize_impl
   /usr/local/lib/python3.12/dist-packages/flashinfer/api_logging.py:2348 _auto_dump_wrapper
   /usr/local/lib/python3.12/dist-packages/flashinfer/quantization/fp8_quantization.py:246 mxfp8_quantize
   /usr/local/lib/python3.12/dist-packages/flashinfer/quantization/kernels/mxfp8_quantize.py:980 mxfp8_quantize_cute_dsl
   /usr/local/lib/python3.12/dist-packages/nvidia_cutlass_dsl/dsl_packages/cutlass/cutlass_dsl/tvm_ffi_provider.py:685 __call__
   <string>:3 wrapper
=== 17:48:15 anon 2.8 file 0.9 shmem 4.8 GiB
   /usr/local/lib/python3.12/dist-packages/vllm/models/deepseek_v4_1/nvidia/model.py:1085 forward
   /usr/local/lib/python3.12/dist-packages/torch/nn/modules/module.py:1778 _wrapped_call_impl
   /usr/local/lib/python3.12/dist-packages/torch/nn/modules/module.py:1789 _call_impl
   /usr/local/lib/python3.12/dist-packages/vllm/models/deepseek_v4_1/nvidia/model.py:626 forward
   /usr/local/lib/python3.12/dist-packages/torch/nn/modules/module.py:1778 _wrapped_call_impl
   /usr/local/lib/python3.12/dist-packages/torch/nn/modules/module.py:1789 _call_impl
   /usr/local/lib/python3.12/dist-packages/vllm/models/deepseek_v4_1/nvidia/model.py:385 forward
   /usr/local/lib/python3.12/dist-packages/torch/nn/modules/module.py:1778 _wrapped_call_impl
   /usr/local/lib/python3.12/dist-packages/torch/nn/modules/module.py:1789 _call_impl
   /usr/local/lib/python3.12/dist-packages/vllm/models/deepseek_v4/nvidia/model.py:1029 forward
   /usr/local/lib/python3.12/dist-packages/vllm/models/deepseek_v4/nvidia/model.py:1078 _forward_fused_moe
   /usr/local/lib/python3.12/dist-packages/torch/nn/modules/module.py:1778 _wrapped_call_impl
   /usr/local/lib/python3.12/dist-packages/torch/nn/modules/module.py:1789 _call_impl
   /usr/local/lib/python3.12/dist-packages/vllm/model_executor/layers/fused_moe/runner/moe_runner.py:788 forward
=== 17:48:20 anon 2.8 file 0.9 shmem 4.8 GiB
   /usr/lib/python3.12/multiprocessing/spawn.py:135 _main
   /usr/lib/python3.12/multiprocessing/process.py:314 _bootstrap
   /usr/lib/python3.12/multiprocessing/process.py:108 run
   /usr/local/lib/python3.12/dist-packages/vllm/v1/executor/multiproc_executor.py:935 worker_main
   /usr/local/lib/python3.12/dist-packages/vllm/v1/executor/multiproc_executor.py:1033 worker_busy_loop
   /usr/local/lib/python3.12/dist-packages/vllm/v1/executor/multiproc_executor.py:1047 _execute_worker_rpc
   /usr/local/lib/python3.12/dist-packages/vllm/v1/worker/worker_base.py:375 execute_model
   /usr/local/lib/python3.12/dist-packages/torch/utils/_contextlib.py:124 decorate_context
   /usr/local/lib/python3.12/dist-packages/vllm/v1/worker/gpu_worker.py:1177 execute_model
   /usr/local/lib/python3.12/dist-packages/torch/utils/_contextlib.py:124 decorate_context
   /usr/local/lib/python3.12/dist-packages/vllm/v1/worker/gpu/model_runner.py:1677 execute_model
   /usr/local/lib/python3.12/dist-packages/vllm/v1/worker/gpu/model_states/default.py:208 prepare_attn
   /usr/local/lib/python3.12/dist-packages/vllm/v1/worker/gpu/attn_utils.py:336 build_attn_metadata
   /usr/local/lib/python3.12/dist-packages/vllm/v1/attention/backends/mla/sparse_swa.py:695 build
=== 17:48:25 anon 2.8 file 0.9 shmem 4.8 GiB
   /usr/local/lib/python3.12/dist-packages/torch/utils/_contextlib.py:124 decorate_context
   /usr/local/lib/python3.12/dist-packages/vllm/v1/worker/gpu/model_runner.py:1796 execute_model
   /usr/local/lib/python3.12/dist-packages/torch/nn/modules/module.py:1778 _wrapped_call_impl
   /usr/local/lib/python3.12/dist-packages/torch/nn/modules/module.py:1789 _call_impl
   /usr/local/lib/python3.12/dist-packages/vllm/models/deepseek_v4_1/nvidia/vl_model.py:317 forward
   /usr/local/lib/python3.12/dist-packages/torch/nn/modules/module.py:1778 _wrapped_call_impl
   /usr/local/lib/python3.12/dist-packages/torch/nn/modules/module.py:1789 _call_impl
   /usr/local/lib/python3.12/dist-packages/vllm/models/deepseek_v4_1/nvidia/model.py:1085 forward
   /usr/local/lib/python3.12/dist-packages/torch/nn/modules/module.py:1778 _wrapped_call_impl
   /usr/local/lib/python3.12/dist-packages/torch/nn/modules/module.py:1789 _call_impl
   /usr/local/lib/python3.12/dist-packages/vllm/models/deepseek_v4_1/nvidia/model.py:626 forward
   /usr/local/lib/python3.12/dist-packages/torch/nn/modules/module.py:1778 _wrapped_call_impl
   /usr/local/lib/python3.12/dist-packages/torch/nn/modules/module.py:1789 _call_impl
   /usr/local/lib/python3.12/dist-packages/vllm/models/deepseek_v4_1/nvidia/model.py:384 forward
=== 17:48:30 anon 2.8 file 0.9 shmem 4.8 GiB
   /usr/local/lib/python3.12/dist-packages/vllm/v1/executor/multiproc_executor.py:1033 worker_busy_loop
   /usr/local/lib/python3.12/dist-packages/vllm/v1/executor/multiproc_executor.py:1047 _execute_worker_rpc
   /usr/local/lib/python3.12/dist-packages/vllm/v1/worker/worker_base.py:375 execute_model
   /usr/local/lib/python3.12/dist-packages/torch/utils/_contextlib.py:124 decorate_context
   /usr/local/lib/python3.12/dist-packages/vllm/v1/worker/gpu_worker.py:1177 execute_model
   /usr/local/lib/python3.12/dist-packages/torch/utils/_contextlib.py:124 decorate_context
   /usr/local/lib/python3.12/dist-packages/vllm/v1/worker/gpu/model_runner.py:1796 execute_model
   /usr/local/lib/python3.12/dist-packages/vllm/models/deepseek_v4_1/nvidia/model_state.py:117 prepare_inputs
   /usr/local/lib/python3.12/dist-packages/torch/utils/_contextlib.py:123 decorate_context
   /usr/local/lib/python3.12/dist-packages/vllm/models/deepseek_v4_1/common/engram.py:1411 stage
   /usr/local/lib/python3.12/dist-packages/vllm/models/deepseek_v4_1/common/engram.py:821 gather_dequant_many
   /usr/local/lib/python3.12/dist-packages/vllm/models/deepseek_v4_1/common/engram.py:681 _kai_parallel_read
   /usr/lib/python3.12/concurrent/futures/_base.py:461 result
   /usr/lib/python3.12/threading.py:365 wait
=== 17:48:35 anon 2.8 file 0.9 shmem 4.8 GiB
   /usr/lib/python3.12/multiprocessing/process.py:314 _bootstrap
   /usr/lib/python3.12/multiprocessing/process.py:108 run
   /usr/local/lib/python3.12/dist-packages/vllm/v1/executor/multiproc_executor.py:935 worker_main
   /usr/local/lib/python3.12/dist-packages/vllm/v1/executor/multiproc_executor.py:1033 worker_busy_loop
   /usr/local/lib/python3.12/dist-packages/vllm/v1/executor/multiproc_executor.py:1047 _execute_worker_rpc
   /usr/local/lib/python3.12/dist-packages/vllm/v1/worker/worker_base.py:375 execute_model
   /usr/local/lib/python3.12/dist-packages/torch/utils/_contextlib.py:124 decorate_context
   /usr/local/lib/python3.12/dist-packages/vllm/v1/worker/gpu_worker.py:1177 execute_model
   /usr/local/lib/python3.12/dist-packages/torch/utils/_contextlib.py:124 decorate_context
   /usr/local/lib/python3.12/dist-packages/vllm/v1/worker/gpu/model_runner.py:1728 execute_model
   /usr/local/lib/python3.12/dist-packages/vllm/models/deepseek_v4_1/nvidia/model_state.py:110 prepare_inputs
   /usr/local/lib/python3.12/dist-packages/torch/utils/_contextlib.py:124 decorate_context
   /usr/local/lib/python3.12/dist-packages/vllm/models/deepseek_v4_1/common/engram.py:1399 stage
   /usr/local/lib/python3.12/dist-packages/torch/cuda/streams.py:254 synchronize
=== 17:48:40 anon 2.8 file 0.9 shmem 4.8 GiB
   /usr/local/lib/python3.12/dist-packages/torch/nn/modules/module.py:1789 _call_impl
   /usr/local/lib/python3.12/dist-packages/vllm/models/deepseek_v4_1/nvidia/model.py:1085 forward
   /usr/local/lib/python3.12/dist-packages/torch/nn/modules/module.py:1778 _wrapped_call_impl
   /usr/local/lib/python3.12/dist-packages/torch/nn/modules/module.py:1789 _call_impl
   /usr/local/lib/python3.12/dist-packages/vllm/models/deepseek_v4_1/nvidia/model.py:626 forward
   /usr/local/lib/python3.12/dist-packages/torch/nn/modules/module.py:1778 _wrapped_call_impl
   /usr/local/lib/python3.12/dist-packages/torch/nn/modules/module.py:1789 _call_impl
   /usr/local/lib/python3.12/dist-packages/vllm/models/deepseek_v4_1/nvidia/model.py:369 forward
   /usr/local/lib/python3.12/dist-packages/vllm/model_executor/kernels/mhc/tilelang.py:619 mhc_post_tilelang
   /usr/local/lib/python3.12/dist-packages/vllm/utils/jit_monitor.py:510 _call_with_monitor
   /usr/local/lib/python3.12/dist-packages/tilelang/jit/__init__.py:538 __call__
   /usr/local/lib/python3.12/dist-packages/tilelang/jit/kernel.py:202 __call__
   /usr/local/lib/python3.12/dist-packages/tilelang/jit/adapter/tvm_ffi.py:292 func
   /usr/local/lib/python3.12/dist-packages/tvm_ffi/module.py:299 __call__
=== 17:48:45 anon 2.8 file 0.9 shmem 4.8 GiB
   /usr/local/lib/python3.12/dist-packages/torch/nn/modules/module.py:1789 _call_impl
   /usr/local/lib/python3.12/dist-packages/vllm/model_executor/layers/linear.py:1771 forward
   /usr/local/lib/python3.12/dist-packages/vllm/model_executor/layers/quantization/modelopt.py:2447 apply
   /usr/local/lib/python3.12/dist-packages/vllm/model_executor/layers/quantization/modelopt.py:2296 apply
   /usr/local/lib/python3.12/dist-packages/vllm/model_executor/layers/quantization/modelopt.py:2451 <lambda>
   /usr/local/lib/python3.12/dist-packages/vllm/model_executor/kernels/linear/mxfp8/flashinfer.py:114 apply_weights
   /usr/local/lib/python3.12/dist-packages/vllm/model_executor/layers/quantization/utils/mxfp8_utils.py:227 mxfp8_e4m3_quantize
   /usr/local/lib/python3.12/dist-packages/torch/_ops.py:1279 __call__
   /usr/local/lib/python3.12/dist-packages/vllm/model_executor/layers/quantization/utils/mxfp8_utils.py:206 _mxfp8_e4m3_quantize_impl
   /usr/local/lib/python3.12/dist-packages/flashinfer/api_logging.py:2348 _auto_dump_wrapper
   /usr/local/lib/python3.12/dist-packages/flashinfer/quantization/fp8_quantization.py:246 mxfp8_quantize
   /usr/local/lib/python3.12/dist-packages/flashinfer/quantization/kernels/mxfp8_quantize.py:980 mxfp8_quantize_cute_dsl
   /usr/local/lib/python3.12/dist-packages/nvidia_cutlass_dsl/dsl_packages/cutlass/cutlass_dsl/tvm_ffi_provider.py:685 __call__
   <string>:3 wrapper
=== 17:48:50 anon 2.8 file 0.9 shmem 4.8 GiB
   /usr/lib/python3.12/multiprocessing/spawn.py:135 _main
   /usr/lib/python3.12/multiprocessing/process.py:314 _bootstrap
   /usr/lib/python3.12/multiprocessing/process.py:108 run
   /usr/local/lib/python3.12/dist-packages/vllm/v1/executor/multiproc_executor.py:935 worker_main
   /usr/local/lib/python3.12/dist-packages/vllm/v1/executor/multiproc_executor.py:1033 worker_busy_loop
   /usr/local/lib/python3.12/dist-packages/vllm/v1/executor/multiproc_executor.py:1047 _execute_worker_rpc
   /usr/local/lib/python3.12/dist-packages/vllm/v1/worker/worker_base.py:375 execute_model
   /usr/local/lib/python3.12/dist-packages/torch/utils/_contextlib.py:124 decorate_context
   /usr/local/lib/python3.12/dist-packages/vllm/v1/worker/gpu_worker.py:1177 execute_model
   /usr/local/lib/python3.12/dist-packages/torch/utils/_contextlib.py:124 decorate_context
   /usr/local/lib/python3.12/dist-packages/vllm/v1/worker/gpu/model_runner.py:1728 execute_model
   /usr/local/lib/python3.12/dist-packages/vllm/v1/worker/gpu/model_states/default.py:228 prepare_attn
   /usr/local/lib/python3.12/dist-packages/vllm/v1/worker/gpu/attn_utils.py:343 build_attn_metadata
   /usr/local/lib/python3.12/dist-packages/vllm/v1/attention/backends/mla/indexer.py:1302 build
=== 17:48:55 anon 2.8 file 0.9 shmem 4.8 GiB
   /usr/local/lib/python3.12/dist-packages/torch/nn/modules/module.py:1778 _wrapped_call_impl
   /usr/local/lib/python3.12/dist-packages/torch/nn/modules/module.py:1789 _call_impl
   /usr/local/lib/python3.12/dist-packages/vllm/models/deepseek_v4/nvidia/model.py:1029 forward
   /usr/local/lib/python3.12/dist-packages/vllm/models/deepseek_v4/nvidia/model.py:1078 _forward_fused_moe
   /usr/local/lib/python3.12/dist-packages/torch/nn/modules/module.py:1778 _wrapped_call_impl
   /usr/local/lib/python3.12/dist-packages/torch/nn/modules/module.py:1789 _call_impl
   /usr/local/lib/python3.12/dist-packages/vllm/model_executor/layers/fused_moe/runner/moe_runner.py:788 forward
   /usr/local/lib/python3.12/dist-packages/torch/_ops.py:1279 __call__
   /usr/local/lib/python3.12/dist-packages/vllm/model_executor/layers/fused_moe/runner/moe_runner.py:162 _moe_forward_shared
   /usr/local/lib/python3.12/dist-packages/vllm/model_executor/layers/fused_moe/runner/moe_runner.py:904 _forward_impl
   /usr/local/lib/python3.12/dist-packages/vllm/model_executor/layers/fused_moe/runner/moe_runner.py:642 _apply_quant_method
   /usr/local/lib/python3.12/dist-packages/vllm/model_executor/layers/fused_moe/routed_experts.py:1252 forward_modular
   /usr/local/lib/python3.12/dist-packages/cuda_exl3/moe.py:567 apply
   /usr/local/lib/python3.12/dist-packages/torch/_ops.py:1279 __call__
