=== 17:23:11 anon 1.5 file 0.6 shmem 4.7 GiB
   <frozen importlib._bootstrap>:1310 _find_and_load_unlocked
   <frozen importlib._bootstrap>:488 _call_with_frames_removed
   <frozen importlib._bootstrap>:1387 _gcd_import
   <frozen importlib._bootstrap>:1360 _find_and_load
   <frozen importlib._bootstrap>:1310 _find_and_load_unlocked
   <frozen importlib._bootstrap>:488 _call_with_frames_removed
   <frozen importlib._bootstrap>:1387 _gcd_import
   <frozen importlib._bootstrap>:1360 _find_and_load
   <frozen importlib._bootstrap>:1322 _find_and_load_unlocked
   <frozen importlib._bootstrap>:1262 _find_spec
   <frozen importlib._bootstrap_external>:1528 find_spec
   <frozen importlib._bootstrap_external>:1502 _get_spec
   <frozen importlib._bootstrap_external>:1601 find_spec
   <frozen importlib._bootstrap_external>:147 _path_stat
=== 17:23:16 anon 1.7 file 0.7 shmem 4.7 GiB
   /usr/local/lib/python3.12/dist-packages/vllm/models/deepseek_v4_1/nvidia/model.py:1011 __init__
   /usr/local/lib/python3.12/dist-packages/vllm/models/deepseek_v4_1/nvidia/model.py:451 __init__
   /usr/local/lib/python3.12/dist-packages/vllm/model_executor/models/utils.py:864 make_layers
   /usr/local/lib/python3.12/dist-packages/vllm/model_executor/offloader/base.py:119 wrap_modules
   /usr/local/lib/python3.12/dist-packages/vllm/model_executor/models/utils.py:865 <genexpr>
   /usr/local/lib/python3.12/dist-packages/vllm/models/deepseek_v4_1/nvidia/model.py:453 <lambda>
   /usr/local/lib/python3.12/dist-packages/vllm/models/deepseek_v4_1/nvidia/model.py:202 __init__
   /usr/local/lib/python3.12/dist-packages/vllm/models/deepseek_v4_1/nvidia/model.py:103 __init__
   /usr/local/lib/python3.12/dist-packages/vllm/models/deepseek_v4/nvidia/model.py:898 __init__
   /usr/local/lib/python3.12/dist-packages/vllm/models/deepseek_v4/nvidia/model.py:995 _init_fused_moe_experts
   /usr/local/lib/python3.12/dist-packages/vllm/model_executor/layers/fused_moe/layer.py:373 FusedMoEFactory
   /usr/local/lib/python3.12/dist-packages/vllm/model_executor/layers/fused_moe/routed_experts.py:176 __init__
   /usr/local/lib/python3.12/dist-packages/cuda_exl3/moe.py:219 create_weights
   /usr/local/lib/python3.12/dist-packages/torch/utils/_device.py:122 __torch_function__
=== 17:23:21 anon 1.8 file 1.2 shmem 4.7 GiB
   /usr/local/lib/python3.12/dist-packages/vllm/v1/executor/multiproc_executor.py:911 worker_main
   /usr/local/lib/python3.12/dist-packages/vllm/tracing/otel.py:178 sync_wrapper
   /usr/local/lib/python3.12/dist-packages/vllm/v1/executor/multiproc_executor.py:680 __init__
   /usr/local/lib/python3.12/dist-packages/vllm/v1/worker/gpu_worker.py:502 load_model
   /usr/local/lib/python3.12/dist-packages/vllm/v1/worker/gpu/model_runner.py:387 load_model
   /usr/local/lib/python3.12/dist-packages/vllm/tracing/otel.py:178 sync_wrapper
   /usr/local/lib/python3.12/dist-packages/vllm/model_executor/model_loader/base_loader.py:65 load_model
   /usr/local/lib/python3.12/dist-packages/vllm/tracing/otel.py:178 sync_wrapper
   /usr/local/lib/python3.12/dist-packages/vllm/model_executor/model_loader/default_loader.py:427 load_weights
   /usr/local/lib/python3.12/dist-packages/vllm/models/deepseek_v4_1/nvidia/vl_model.py:344 load_weights
   /usr/local/lib/python3.12/dist-packages/vllm/model_executor/models/utils.py:140 apply
   /usr/local/lib/python3.12/dist-packages/vllm/model_executor/model_loader/default_loader.py:333 get_all_weights
   /usr/local/lib/python3.12/dist-packages/vllm/model_executor/model_loader/default_loader.py:319 <genexpr>
   /usr/local/lib/python3.12/dist-packages/vllm/model_executor/model_loader/weight_utils.py:973 safetensors_weights_iterator
=== 17:23:26 anon 1.8 file 2.0 shmem 4.7 GiB
   /usr/lib/python3.12/multiprocessing/process.py:314 _bootstrap
   /usr/lib/python3.12/multiprocessing/process.py:108 run
   /usr/local/lib/python3.12/dist-packages/vllm/v1/executor/multiproc_executor.py:911 worker_main
   /usr/local/lib/python3.12/dist-packages/vllm/tracing/otel.py:178 sync_wrapper
   /usr/local/lib/python3.12/dist-packages/vllm/v1/executor/multiproc_executor.py:680 __init__
   /usr/local/lib/python3.12/dist-packages/vllm/v1/worker/gpu_worker.py:502 load_model
   /usr/local/lib/python3.12/dist-packages/vllm/v1/worker/gpu/model_runner.py:387 load_model
   /usr/local/lib/python3.12/dist-packages/vllm/tracing/otel.py:178 sync_wrapper
   /usr/local/lib/python3.12/dist-packages/vllm/model_executor/model_loader/base_loader.py:65 load_model
   /usr/local/lib/python3.12/dist-packages/vllm/tracing/otel.py:178 sync_wrapper
   /usr/local/lib/python3.12/dist-packages/vllm/model_executor/model_loader/default_loader.py:427 load_weights
   /usr/local/lib/python3.12/dist-packages/vllm/models/deepseek_v4_1/nvidia/vl_model.py:344 load_weights
   /usr/local/lib/python3.12/dist-packages/vllm/model_executor/models/utils.py:141 apply
   /usr/local/lib/python3.12/dist-packages/vllm/model_executor/models/utils.py:102 _map_name_with_shard
=== 17:23:31 anon 1.9 file 2.7 shmem 4.7 GiB
   /usr/local/lib/python3.12/dist-packages/vllm/v1/executor/multiproc_executor.py:911 worker_main
   /usr/local/lib/python3.12/dist-packages/vllm/tracing/otel.py:178 sync_wrapper
   /usr/local/lib/python3.12/dist-packages/vllm/v1/executor/multiproc_executor.py:680 __init__
   /usr/local/lib/python3.12/dist-packages/vllm/v1/worker/gpu_worker.py:502 load_model
   /usr/local/lib/python3.12/dist-packages/vllm/v1/worker/gpu/model_runner.py:387 load_model
   /usr/local/lib/python3.12/dist-packages/vllm/tracing/otel.py:178 sync_wrapper
   /usr/local/lib/python3.12/dist-packages/vllm/model_executor/model_loader/base_loader.py:65 load_model
   /usr/local/lib/python3.12/dist-packages/vllm/tracing/otel.py:178 sync_wrapper
   /usr/local/lib/python3.12/dist-packages/vllm/model_executor/model_loader/default_loader.py:427 load_weights
   /usr/local/lib/python3.12/dist-packages/vllm/models/deepseek_v4_1/nvidia/vl_model.py:344 load_weights
   /usr/local/lib/python3.12/dist-packages/vllm/model_executor/models/utils.py:140 apply
   /usr/local/lib/python3.12/dist-packages/vllm/model_executor/model_loader/default_loader.py:333 get_all_weights
   /usr/local/lib/python3.12/dist-packages/vllm/model_executor/model_loader/default_loader.py:319 <genexpr>
   /usr/local/lib/python3.12/dist-packages/vllm/model_executor/model_loader/weight_utils.py:973 safetensors_weights_iterator
=== 17:23:36 anon 1.9 file 3.4 shmem 4.7 GiB
   /usr/lib/python3.12/multiprocessing/process.py:314 _bootstrap
   /usr/lib/python3.12/multiprocessing/process.py:108 run
   /usr/local/lib/python3.12/dist-packages/vllm/v1/executor/multiproc_executor.py:911 worker_main
   /usr/local/lib/python3.12/dist-packages/vllm/tracing/otel.py:178 sync_wrapper
   /usr/local/lib/python3.12/dist-packages/vllm/v1/executor/multiproc_executor.py:680 __init__
   /usr/local/lib/python3.12/dist-packages/vllm/v1/worker/gpu_worker.py:502 load_model
   /usr/local/lib/python3.12/dist-packages/vllm/v1/worker/gpu/model_runner.py:387 load_model
   /usr/local/lib/python3.12/dist-packages/vllm/tracing/otel.py:178 sync_wrapper
   /usr/local/lib/python3.12/dist-packages/vllm/model_executor/model_loader/base_loader.py:65 load_model
   /usr/local/lib/python3.12/dist-packages/vllm/tracing/otel.py:178 sync_wrapper
   /usr/local/lib/python3.12/dist-packages/vllm/model_executor/model_loader/default_loader.py:427 load_weights
   /usr/local/lib/python3.12/dist-packages/vllm/models/deepseek_v4_1/nvidia/vl_model.py:344 load_weights
   /usr/local/lib/python3.12/dist-packages/vllm/model_executor/models/utils.py:141 apply
   /usr/local/lib/python3.12/dist-packages/vllm/model_executor/models/utils.py:102 _map_name_with_shard
=== 17:23:41 anon 1.9 file 4.1 shmem 4.7 GiB
   /usr/local/lib/python3.12/dist-packages/vllm/v1/executor/multiproc_executor.py:911 worker_main
   /usr/local/lib/python3.12/dist-packages/vllm/tracing/otel.py:178 sync_wrapper
   /usr/local/lib/python3.12/dist-packages/vllm/v1/executor/multiproc_executor.py:680 __init__
   /usr/local/lib/python3.12/dist-packages/vllm/v1/worker/gpu_worker.py:502 load_model
   /usr/local/lib/python3.12/dist-packages/vllm/v1/worker/gpu/model_runner.py:387 load_model
   /usr/local/lib/python3.12/dist-packages/vllm/tracing/otel.py:178 sync_wrapper
   /usr/local/lib/python3.12/dist-packages/vllm/model_executor/model_loader/base_loader.py:65 load_model
   /usr/local/lib/python3.12/dist-packages/vllm/tracing/otel.py:178 sync_wrapper
   /usr/local/lib/python3.12/dist-packages/vllm/model_executor/model_loader/default_loader.py:427 load_weights
   /usr/local/lib/python3.12/dist-packages/vllm/models/deepseek_v4_1/nvidia/vl_model.py:344 load_weights
   /usr/local/lib/python3.12/dist-packages/vllm/model_executor/models/utils.py:140 apply
   /usr/local/lib/python3.12/dist-packages/vllm/model_executor/model_loader/default_loader.py:333 get_all_weights
   /usr/local/lib/python3.12/dist-packages/vllm/model_executor/model_loader/default_loader.py:319 <genexpr>
   /usr/local/lib/python3.12/dist-packages/vllm/model_executor/model_loader/weight_utils.py:973 safetensors_weights_iterator
=== 17:23:46 anon 3.6 file 8.5 shmem 4.7 GiB
   /usr/local/lib/python3.12/dist-packages/vllm/tracing/otel.py:178 sync_wrapper
   /usr/local/lib/python3.12/dist-packages/vllm/model_executor/model_loader/default_loader.py:427 load_weights
   /usr/local/lib/python3.12/dist-packages/vllm/models/deepseek_v4_1/nvidia/vl_model.py:346 load_weights
   /usr/local/lib/python3.12/dist-packages/vllm/model_executor/model_loader/reload/torchao_decorator.py:50 patched_model_load_weights
   /usr/local/lib/python3.12/dist-packages/vllm/model_executor/models/utils.py:444 load_weights
   /usr/local/lib/python3.12/dist-packages/vllm/model_executor/models/utils.py:382 _load_module
   /usr/local/lib/python3.12/dist-packages/vllm/model_executor/models/utils.py:359 _load_module
   /usr/local/lib/python3.12/dist-packages/vllm/models/deepseek_v4_1/nvidia/model.py:1102 load_weights
   /usr/local/lib/python3.12/dist-packages/vllm/model_executor/model_loader/reload/torchao_decorator.py:50 patched_model_load_weights
   /usr/local/lib/python3.12/dist-packages/vllm/model_executor/models/utils.py:444 load_weights
   /usr/local/lib/python3.12/dist-packages/vllm/model_executor/models/utils.py:382 _load_module
   /usr/local/lib/python3.12/dist-packages/vllm/model_executor/models/utils.py:359 _load_module
   /usr/local/lib/python3.12/dist-packages/vllm/models/deepseek_v4_1/nvidia/model.py:804 load_weights
   /usr/local/lib/python3.12/dist-packages/vllm/model_executor/layers/linear.py:400 weight_loader
=== 17:23:51 anon 5.0 file 16.0 shmem 4.7 GiB
   /usr/local/lib/python3.12/dist-packages/vllm/model_executor/model_loader/default_loader.py:427 load_weights
   /usr/local/lib/python3.12/dist-packages/vllm/models/deepseek_v4_1/nvidia/vl_model.py:346 load_weights
   /usr/local/lib/python3.12/dist-packages/vllm/model_executor/model_loader/reload/torchao_decorator.py:50 patched_model_load_weights
   /usr/local/lib/python3.12/dist-packages/vllm/model_executor/models/utils.py:444 load_weights
   /usr/local/lib/python3.12/dist-packages/vllm/model_executor/models/utils.py:382 _load_module
   /usr/local/lib/python3.12/dist-packages/vllm/model_executor/models/utils.py:359 _load_module
   /usr/local/lib/python3.12/dist-packages/vllm/models/deepseek_v4_1/nvidia/model.py:1102 load_weights
   /usr/local/lib/python3.12/dist-packages/vllm/model_executor/model_loader/reload/torchao_decorator.py:50 patched_model_load_weights
   /usr/local/lib/python3.12/dist-packages/vllm/model_executor/models/utils.py:444 load_weights
   /usr/local/lib/python3.12/dist-packages/vllm/model_executor/models/utils.py:382 _load_module
   /usr/local/lib/python3.12/dist-packages/vllm/model_executor/models/utils.py:359 _load_module
   /usr/local/lib/python3.12/dist-packages/vllm/models/deepseek_v4_1/nvidia/model.py:769 load_weights
   /usr/local/lib/python3.12/dist-packages/cuda_exl3/moe.py:83 _exl3_moe_weight_loader
   /usr/local/lib/python3.12/dist-packages/cuda_exl3/moe.py:366 _place
=== 17:23:56 anon 5.9 file 17.5 shmem 4.7 GiB
   /usr/local/lib/python3.12/dist-packages/vllm/model_executor/model_loader/default_loader.py:427 load_weights
   /usr/local/lib/python3.12/dist-packages/vllm/models/deepseek_v4_1/nvidia/vl_model.py:346 load_weights
   /usr/local/lib/python3.12/dist-packages/vllm/model_executor/model_loader/reload/torchao_decorator.py:50 patched_model_load_weights
   /usr/local/lib/python3.12/dist-packages/vllm/model_executor/models/utils.py:444 load_weights
   /usr/local/lib/python3.12/dist-packages/vllm/model_executor/models/utils.py:382 _load_module
   /usr/local/lib/python3.12/dist-packages/vllm/model_executor/models/utils.py:359 _load_module
   /usr/local/lib/python3.12/dist-packages/vllm/models/deepseek_v4_1/nvidia/model.py:1102 load_weights
   /usr/local/lib/python3.12/dist-packages/vllm/model_executor/model_loader/reload/torchao_decorator.py:50 patched_model_load_weights
   /usr/local/lib/python3.12/dist-packages/vllm/model_executor/models/utils.py:444 load_weights
   /usr/local/lib/python3.12/dist-packages/vllm/model_executor/models/utils.py:382 _load_module
   /usr/local/lib/python3.12/dist-packages/vllm/model_executor/models/utils.py:359 _load_module
   /usr/local/lib/python3.12/dist-packages/vllm/models/deepseek_v4_1/nvidia/model.py:769 load_weights
   /usr/local/lib/python3.12/dist-packages/cuda_exl3/moe.py:83 _exl3_moe_weight_loader
   /usr/local/lib/python3.12/dist-packages/cuda_exl3/moe.py:366 _place
=== 17:24:01 anon 6.9 file 17.8 shmem 4.7 GiB
   /usr/local/lib/python3.12/dist-packages/vllm/model_executor/model_loader/default_loader.py:427 load_weights
   /usr/local/lib/python3.12/dist-packages/vllm/models/deepseek_v4_1/nvidia/vl_model.py:346 load_weights
   /usr/local/lib/python3.12/dist-packages/vllm/model_executor/model_loader/reload/torchao_decorator.py:50 patched_model_load_weights
   /usr/local/lib/python3.12/dist-packages/vllm/model_executor/models/utils.py:444 load_weights
   /usr/local/lib/python3.12/dist-packages/vllm/model_executor/models/utils.py:382 _load_module
   /usr/local/lib/python3.12/dist-packages/vllm/model_executor/models/utils.py:359 _load_module
   /usr/local/lib/python3.12/dist-packages/vllm/models/deepseek_v4_1/nvidia/model.py:1102 load_weights
   /usr/local/lib/python3.12/dist-packages/vllm/model_executor/model_loader/reload/torchao_decorator.py:50 patched_model_load_weights
   /usr/local/lib/python3.12/dist-packages/vllm/model_executor/models/utils.py:444 load_weights
   /usr/local/lib/python3.12/dist-packages/vllm/model_executor/models/utils.py:382 _load_module
   /usr/local/lib/python3.12/dist-packages/vllm/model_executor/models/utils.py:359 _load_module
   /usr/local/lib/python3.12/dist-packages/vllm/models/deepseek_v4_1/nvidia/model.py:769 load_weights
   /usr/local/lib/python3.12/dist-packages/cuda_exl3/moe.py:83 _exl3_moe_weight_loader
   /usr/local/lib/python3.12/dist-packages/cuda_exl3/moe.py:347 _place
=== 17:24:06 anon 7.7 file 16.6 shmem 4.7 GiB
   /usr/local/lib/python3.12/dist-packages/vllm/tracing/otel.py:178 sync_wrapper
   /usr/local/lib/python3.12/dist-packages/vllm/model_executor/model_loader/default_loader.py:427 load_weights
   /usr/local/lib/python3.12/dist-packages/vllm/models/deepseek_v4_1/nvidia/vl_model.py:346 load_weights
   /usr/local/lib/python3.12/dist-packages/vllm/model_executor/model_loader/reload/torchao_decorator.py:50 patched_model_load_weights
   /usr/local/lib/python3.12/dist-packages/vllm/model_executor/models/utils.py:444 load_weights
   /usr/local/lib/python3.12/dist-packages/vllm/model_executor/models/utils.py:382 _load_module
   /usr/local/lib/python3.12/dist-packages/vllm/model_executor/models/utils.py:359 _load_module
   /usr/local/lib/python3.12/dist-packages/vllm/models/deepseek_v4_1/nvidia/model.py:1102 load_weights
   /usr/local/lib/python3.12/dist-packages/vllm/model_executor/model_loader/reload/torchao_decorator.py:50 patched_model_load_weights
   /usr/local/lib/python3.12/dist-packages/vllm/model_executor/models/utils.py:444 load_weights
   /usr/local/lib/python3.12/dist-packages/vllm/model_executor/models/utils.py:382 _load_module
   /usr/local/lib/python3.12/dist-packages/vllm/model_executor/models/utils.py:359 _load_module
   /usr/local/lib/python3.12/dist-packages/vllm/models/deepseek_v4_1/nvidia/model.py:804 load_weights
   /usr/local/lib/python3.12/dist-packages/vllm/model_executor/layers/linear.py:400 weight_loader
=== 17:24:11 anon 8.6 file 16.4 shmem 4.7 GiB
   /usr/local/lib/python3.12/dist-packages/vllm/model_executor/model_loader/default_loader.py:427 load_weights
   /usr/local/lib/python3.12/dist-packages/vllm/models/deepseek_v4_1/nvidia/vl_model.py:346 load_weights
   /usr/local/lib/python3.12/dist-packages/vllm/model_executor/model_loader/reload/torchao_decorator.py:50 patched_model_load_weights
   /usr/local/lib/python3.12/dist-packages/vllm/model_executor/models/utils.py:444 load_weights
   /usr/local/lib/python3.12/dist-packages/vllm/model_executor/models/utils.py:382 _load_module
   /usr/local/lib/python3.12/dist-packages/vllm/model_executor/models/utils.py:359 _load_module
   /usr/local/lib/python3.12/dist-packages/vllm/models/deepseek_v4_1/nvidia/model.py:1102 load_weights
   /usr/local/lib/python3.12/dist-packages/vllm/model_executor/model_loader/reload/torchao_decorator.py:50 patched_model_load_weights
   /usr/local/lib/python3.12/dist-packages/vllm/model_executor/models/utils.py:444 load_weights
   /usr/local/lib/python3.12/dist-packages/vllm/model_executor/models/utils.py:382 _load_module
   /usr/local/lib/python3.12/dist-packages/vllm/model_executor/models/utils.py:359 _load_module
   /usr/local/lib/python3.12/dist-packages/vllm/models/deepseek_v4_1/nvidia/model.py:769 load_weights
   /usr/local/lib/python3.12/dist-packages/cuda_exl3/moe.py:83 _exl3_moe_weight_loader
   /usr/local/lib/python3.12/dist-packages/cuda_exl3/moe.py:366 _place
=== 17:24:16 anon 9.1 file 13.3 shmem 4.7 GiB
   /usr/local/lib/python3.12/dist-packages/vllm/model_executor/model_loader/default_loader.py:427 load_weights
   /usr/local/lib/python3.12/dist-packages/vllm/models/deepseek_v4_1/nvidia/vl_model.py:346 load_weights
   /usr/local/lib/python3.12/dist-packages/vllm/model_executor/model_loader/reload/torchao_decorator.py:50 patched_model_load_weights
   /usr/local/lib/python3.12/dist-packages/vllm/model_executor/models/utils.py:444 load_weights
   /usr/local/lib/python3.12/dist-packages/vllm/model_executor/models/utils.py:382 _load_module
   /usr/local/lib/python3.12/dist-packages/vllm/model_executor/models/utils.py:359 _load_module
   /usr/local/lib/python3.12/dist-packages/vllm/models/deepseek_v4_1/nvidia/model.py:1102 load_weights
   /usr/local/lib/python3.12/dist-packages/vllm/model_executor/model_loader/reload/torchao_decorator.py:50 patched_model_load_weights
   /usr/local/lib/python3.12/dist-packages/vllm/model_executor/models/utils.py:444 load_weights
   /usr/local/lib/python3.12/dist-packages/vllm/model_executor/models/utils.py:382 _load_module
   /usr/local/lib/python3.12/dist-packages/vllm/model_executor/models/utils.py:359 _load_module
   /usr/local/lib/python3.12/dist-packages/vllm/models/deepseek_v4_1/nvidia/model.py:769 load_weights
   /usr/local/lib/python3.12/dist-packages/cuda_exl3/moe.py:83 _exl3_moe_weight_loader
   /usr/local/lib/python3.12/dist-packages/cuda_exl3/moe.py:366 _place
=== 17:24:21 anon 10.1 file 16.0 shmem 4.7 GiB
   /usr/local/lib/python3.12/dist-packages/vllm/model_executor/model_loader/base_loader.py:65 load_model
   /usr/local/lib/python3.12/dist-packages/vllm/tracing/otel.py:178 sync_wrapper
   /usr/local/lib/python3.12/dist-packages/vllm/model_executor/model_loader/default_loader.py:427 load_weights
   /usr/local/lib/python3.12/dist-packages/vllm/models/deepseek_v4_1/nvidia/vl_model.py:346 load_weights
   /usr/local/lib/python3.12/dist-packages/vllm/model_executor/model_loader/reload/torchao_decorator.py:50 patched_model_load_weights
   /usr/local/lib/python3.12/dist-packages/vllm/model_executor/models/utils.py:444 load_weights
   /usr/local/lib/python3.12/dist-packages/vllm/model_executor/models/utils.py:382 _load_module
   /usr/local/lib/python3.12/dist-packages/vllm/model_executor/models/utils.py:359 _load_module
   /usr/local/lib/python3.12/dist-packages/vllm/models/deepseek_v4_1/nvidia/model.py:1102 load_weights
   /usr/local/lib/python3.12/dist-packages/vllm/model_executor/model_loader/reload/torchao_decorator.py:50 patched_model_load_weights
   /usr/local/lib/python3.12/dist-packages/vllm/model_executor/models/utils.py:444 load_weights
   /usr/local/lib/python3.12/dist-packages/vllm/model_executor/models/utils.py:382 _load_module
   /usr/local/lib/python3.12/dist-packages/vllm/model_executor/models/utils.py:359 _load_module
   /usr/local/lib/python3.12/dist-packages/vllm/models/deepseek_v4_1/nvidia/model.py:804 load_weights
=== 17:24:26 anon 10.8 file 14.9 shmem 4.7 GiB
   /usr/local/lib/python3.12/dist-packages/vllm/model_executor/model_loader/default_loader.py:427 load_weights
   /usr/local/lib/python3.12/dist-packages/vllm/models/deepseek_v4_1/nvidia/vl_model.py:346 load_weights
   /usr/local/lib/python3.12/dist-packages/vllm/model_executor/model_loader/reload/torchao_decorator.py:50 patched_model_load_weights
   /usr/local/lib/python3.12/dist-packages/vllm/model_executor/models/utils.py:444 load_weights
   /usr/local/lib/python3.12/dist-packages/vllm/model_executor/models/utils.py:382 _load_module
   /usr/local/lib/python3.12/dist-packages/vllm/model_executor/models/utils.py:359 _load_module
   /usr/local/lib/python3.12/dist-packages/vllm/models/deepseek_v4_1/nvidia/model.py:1102 load_weights
   /usr/local/lib/python3.12/dist-packages/vllm/model_executor/model_loader/reload/torchao_decorator.py:50 patched_model_load_weights
   /usr/local/lib/python3.12/dist-packages/vllm/model_executor/models/utils.py:444 load_weights
   /usr/local/lib/python3.12/dist-packages/vllm/model_executor/models/utils.py:382 _load_module
   /usr/local/lib/python3.12/dist-packages/vllm/model_executor/models/utils.py:359 _load_module
   /usr/local/lib/python3.12/dist-packages/vllm/models/deepseek_v4_1/nvidia/model.py:769 load_weights
   /usr/local/lib/python3.12/dist-packages/cuda_exl3/moe.py:83 _exl3_moe_weight_loader
   /usr/local/lib/python3.12/dist-packages/cuda_exl3/moe.py:366 _place
=== 17:24:31 anon 11.7 file 14.0 shmem 4.7 GiB
   /usr/local/lib/python3.12/dist-packages/vllm/model_executor/model_loader/default_loader.py:427 load_weights
   /usr/local/lib/python3.12/dist-packages/vllm/models/deepseek_v4_1/nvidia/vl_model.py:346 load_weights
   /usr/local/lib/python3.12/dist-packages/vllm/model_executor/model_loader/reload/torchao_decorator.py:50 patched_model_load_weights
   /usr/local/lib/python3.12/dist-packages/vllm/model_executor/models/utils.py:444 load_weights
   /usr/local/lib/python3.12/dist-packages/vllm/model_executor/models/utils.py:382 _load_module
   /usr/local/lib/python3.12/dist-packages/vllm/model_executor/models/utils.py:359 _load_module
   /usr/local/lib/python3.12/dist-packages/vllm/models/deepseek_v4_1/nvidia/model.py:1102 load_weights
   /usr/local/lib/python3.12/dist-packages/vllm/model_executor/model_loader/reload/torchao_decorator.py:50 patched_model_load_weights
   /usr/local/lib/python3.12/dist-packages/vllm/model_executor/models/utils.py:444 load_weights
   /usr/local/lib/python3.12/dist-packages/vllm/model_executor/models/utils.py:382 _load_module
   /usr/local/lib/python3.12/dist-packages/vllm/model_executor/models/utils.py:359 _load_module
   /usr/local/lib/python3.12/dist-packages/vllm/models/deepseek_v4_1/nvidia/model.py:769 load_weights
   /usr/local/lib/python3.12/dist-packages/cuda_exl3/moe.py:83 _exl3_moe_weight_loader
   /usr/local/lib/python3.12/dist-packages/cuda_exl3/moe.py:373 _place
=== 17:24:36 anon 12.5 file 13.0 shmem 4.7 GiB
   /usr/local/lib/python3.12/dist-packages/vllm/model_executor/model_loader/default_loader.py:427 load_weights
   /usr/local/lib/python3.12/dist-packages/vllm/models/deepseek_v4_1/nvidia/vl_model.py:346 load_weights
   /usr/local/lib/python3.12/dist-packages/vllm/model_executor/model_loader/reload/torchao_decorator.py:50 patched_model_load_weights
   /usr/local/lib/python3.12/dist-packages/vllm/model_executor/models/utils.py:444 load_weights
   /usr/local/lib/python3.12/dist-packages/vllm/model_executor/models/utils.py:382 _load_module
   /usr/local/lib/python3.12/dist-packages/vllm/model_executor/models/utils.py:359 _load_module
   /usr/local/lib/python3.12/dist-packages/vllm/models/deepseek_v4_1/nvidia/model.py:1102 load_weights
   /usr/local/lib/python3.12/dist-packages/vllm/model_executor/model_loader/reload/torchao_decorator.py:50 patched_model_load_weights
   /usr/local/lib/python3.12/dist-packages/vllm/model_executor/models/utils.py:444 load_weights
   /usr/local/lib/python3.12/dist-packages/vllm/model_executor/models/utils.py:382 _load_module
   /usr/local/lib/python3.12/dist-packages/vllm/model_executor/models/utils.py:359 _load_module
   /usr/local/lib/python3.12/dist-packages/vllm/models/deepseek_v4_1/nvidia/model.py:769 load_weights
   /usr/local/lib/python3.12/dist-packages/cuda_exl3/moe.py:83 _exl3_moe_weight_loader
   /usr/local/lib/python3.12/dist-packages/cuda_exl3/moe.py:366 _place
=== 17:24:41 anon 13.3 file 12.6 shmem 4.7 GiB
   /usr/local/lib/python3.12/dist-packages/vllm/model_executor/model_loader/default_loader.py:427 load_weights
   /usr/local/lib/python3.12/dist-packages/vllm/models/deepseek_v4_1/nvidia/vl_model.py:346 load_weights
   /usr/local/lib/python3.12/dist-packages/vllm/model_executor/model_loader/reload/torchao_decorator.py:50 patched_model_load_weights
   /usr/local/lib/python3.12/dist-packages/vllm/model_executor/models/utils.py:444 load_weights
   /usr/local/lib/python3.12/dist-packages/vllm/model_executor/models/utils.py:382 _load_module
   /usr/local/lib/python3.12/dist-packages/vllm/model_executor/models/utils.py:359 _load_module
   /usr/local/lib/python3.12/dist-packages/vllm/models/deepseek_v4_1/nvidia/model.py:1102 load_weights
   /usr/local/lib/python3.12/dist-packages/vllm/model_executor/model_loader/reload/torchao_decorator.py:50 patched_model_load_weights
   /usr/local/lib/python3.12/dist-packages/vllm/model_executor/models/utils.py:444 load_weights
   /usr/local/lib/python3.12/dist-packages/vllm/model_executor/models/utils.py:382 _load_module
   /usr/local/lib/python3.12/dist-packages/vllm/model_executor/models/utils.py:359 _load_module
   /usr/local/lib/python3.12/dist-packages/vllm/models/deepseek_v4_1/nvidia/model.py:769 load_weights
   /usr/local/lib/python3.12/dist-packages/cuda_exl3/moe.py:83 _exl3_moe_weight_loader
   /usr/local/lib/python3.12/dist-packages/cuda_exl3/moe.py:369 _place
=== 17:24:46 anon 14.3 file 12.1 shmem 4.7 GiB
   /usr/local/lib/python3.12/dist-packages/vllm/model_executor/model_loader/default_loader.py:427 load_weights
   /usr/local/lib/python3.12/dist-packages/vllm/models/deepseek_v4_1/nvidia/vl_model.py:346 load_weights
   /usr/local/lib/python3.12/dist-packages/vllm/model_executor/model_loader/reload/torchao_decorator.py:50 patched_model_load_weights
   /usr/local/lib/python3.12/dist-packages/vllm/model_executor/models/utils.py:444 load_weights
   /usr/local/lib/python3.12/dist-packages/vllm/model_executor/models/utils.py:382 _load_module
   /usr/local/lib/python3.12/dist-packages/vllm/model_executor/models/utils.py:359 _load_module
   /usr/local/lib/python3.12/dist-packages/vllm/models/deepseek_v4_1/nvidia/model.py:1102 load_weights
   /usr/local/lib/python3.12/dist-packages/vllm/model_executor/model_loader/reload/torchao_decorator.py:50 patched_model_load_weights
   /usr/local/lib/python3.12/dist-packages/vllm/model_executor/models/utils.py:444 load_weights
   /usr/local/lib/python3.12/dist-packages/vllm/model_executor/models/utils.py:382 _load_module
   /usr/local/lib/python3.12/dist-packages/vllm/model_executor/models/utils.py:359 _load_module
   /usr/local/lib/python3.12/dist-packages/vllm/models/deepseek_v4_1/nvidia/model.py:769 load_weights
   /usr/local/lib/python3.12/dist-packages/cuda_exl3/moe.py:83 _exl3_moe_weight_loader
   /usr/local/lib/python3.12/dist-packages/cuda_exl3/moe.py:347 _place
=== 17:24:51 anon 15.0 file 10.4 shmem 4.7 GiB
   /usr/local/lib/python3.12/dist-packages/vllm/model_executor/model_loader/default_loader.py:427 load_weights
   /usr/local/lib/python3.12/dist-packages/vllm/models/deepseek_v4_1/nvidia/vl_model.py:346 load_weights
   /usr/local/lib/python3.12/dist-packages/vllm/model_executor/model_loader/reload/torchao_decorator.py:50 patched_model_load_weights
   /usr/local/lib/python3.12/dist-packages/vllm/model_executor/models/utils.py:444 load_weights
   /usr/local/lib/python3.12/dist-packages/vllm/model_executor/models/utils.py:382 _load_module
   /usr/local/lib/python3.12/dist-packages/vllm/model_executor/models/utils.py:359 _load_module
   /usr/local/lib/python3.12/dist-packages/vllm/models/deepseek_v4_1/nvidia/model.py:1102 load_weights
   /usr/local/lib/python3.12/dist-packages/vllm/model_executor/model_loader/reload/torchao_decorator.py:50 patched_model_load_weights
   /usr/local/lib/python3.12/dist-packages/vllm/model_executor/models/utils.py:444 load_weights
   /usr/local/lib/python3.12/dist-packages/vllm/model_executor/models/utils.py:382 _load_module
   /usr/local/lib/python3.12/dist-packages/vllm/model_executor/models/utils.py:359 _load_module
   /usr/local/lib/python3.12/dist-packages/vllm/models/deepseek_v4_1/nvidia/model.py:769 load_weights
   /usr/local/lib/python3.12/dist-packages/cuda_exl3/moe.py:83 _exl3_moe_weight_loader
   /usr/local/lib/python3.12/dist-packages/cuda_exl3/moe.py:347 _place
=== 17:24:56 anon 16.0 file 10.3 shmem 4.7 GiB
   /usr/local/lib/python3.12/dist-packages/vllm/model_executor/model_loader/default_loader.py:427 load_weights
   /usr/local/lib/python3.12/dist-packages/vllm/models/deepseek_v4_1/nvidia/vl_model.py:346 load_weights
   /usr/local/lib/python3.12/dist-packages/vllm/model_executor/model_loader/reload/torchao_decorator.py:50 patched_model_load_weights
   /usr/local/lib/python3.12/dist-packages/vllm/model_executor/models/utils.py:444 load_weights
   /usr/local/lib/python3.12/dist-packages/vllm/model_executor/models/utils.py:382 _load_module
   /usr/local/lib/python3.12/dist-packages/vllm/model_executor/models/utils.py:359 _load_module
   /usr/local/lib/python3.12/dist-packages/vllm/models/deepseek_v4_1/nvidia/model.py:1102 load_weights
   /usr/local/lib/python3.12/dist-packages/vllm/model_executor/model_loader/reload/torchao_decorator.py:50 patched_model_load_weights
   /usr/local/lib/python3.12/dist-packages/vllm/model_executor/models/utils.py:444 load_weights
   /usr/local/lib/python3.12/dist-packages/vllm/model_executor/models/utils.py:382 _load_module
   /usr/local/lib/python3.12/dist-packages/vllm/model_executor/models/utils.py:359 _load_module
   /usr/local/lib/python3.12/dist-packages/vllm/models/deepseek_v4_1/nvidia/model.py:769 load_weights
   /usr/local/lib/python3.12/dist-packages/cuda_exl3/moe.py:83 _exl3_moe_weight_loader
   /usr/local/lib/python3.12/dist-packages/cuda_exl3/moe.py:378 _place
=== 17:25:01 anon 16.7 file 9.0 shmem 4.7 GiB
   /usr/local/lib/python3.12/dist-packages/vllm/model_executor/model_loader/default_loader.py:427 load_weights
   /usr/local/lib/python3.12/dist-packages/vllm/models/deepseek_v4_1/nvidia/vl_model.py:346 load_weights
   /usr/local/lib/python3.12/dist-packages/vllm/model_executor/model_loader/reload/torchao_decorator.py:50 patched_model_load_weights
   /usr/local/lib/python3.12/dist-packages/vllm/model_executor/models/utils.py:444 load_weights
   /usr/local/lib/python3.12/dist-packages/vllm/model_executor/models/utils.py:382 _load_module
   /usr/local/lib/python3.12/dist-packages/vllm/model_executor/models/utils.py:359 _load_module
   /usr/local/lib/python3.12/dist-packages/vllm/models/deepseek_v4_1/nvidia/model.py:1102 load_weights
   /usr/local/lib/python3.12/dist-packages/vllm/model_executor/model_loader/reload/torchao_decorator.py:50 patched_model_load_weights
   /usr/local/lib/python3.12/dist-packages/vllm/model_executor/models/utils.py:444 load_weights
   /usr/local/lib/python3.12/dist-packages/vllm/model_executor/models/utils.py:382 _load_module
   /usr/local/lib/python3.12/dist-packages/vllm/model_executor/models/utils.py:359 _load_module
   /usr/local/lib/python3.12/dist-packages/vllm/models/deepseek_v4_1/nvidia/model.py:769 load_weights
   /usr/local/lib/python3.12/dist-packages/cuda_exl3/moe.py:83 _exl3_moe_weight_loader
   /usr/local/lib/python3.12/dist-packages/cuda_exl3/moe.py:347 _place
=== 17:25:06 anon 17.5 file 9.2 shmem 4.7 GiB
   /usr/local/lib/python3.12/dist-packages/vllm/model_executor/model_loader/default_loader.py:427 load_weights
   /usr/local/lib/python3.12/dist-packages/vllm/models/deepseek_v4_1/nvidia/vl_model.py:346 load_weights
   /usr/local/lib/python3.12/dist-packages/vllm/model_executor/model_loader/reload/torchao_decorator.py:50 patched_model_load_weights
   /usr/local/lib/python3.12/dist-packages/vllm/model_executor/models/utils.py:444 load_weights
   /usr/local/lib/python3.12/dist-packages/vllm/model_executor/models/utils.py:382 _load_module
   /usr/local/lib/python3.12/dist-packages/vllm/model_executor/models/utils.py:359 _load_module
   /usr/local/lib/python3.12/dist-packages/vllm/models/deepseek_v4_1/nvidia/model.py:1102 load_weights
   /usr/local/lib/python3.12/dist-packages/vllm/model_executor/model_loader/reload/torchao_decorator.py:50 patched_model_load_weights
   /usr/local/lib/python3.12/dist-packages/vllm/model_executor/models/utils.py:444 load_weights
   /usr/local/lib/python3.12/dist-packages/vllm/model_executor/models/utils.py:382 _load_module
   /usr/local/lib/python3.12/dist-packages/vllm/model_executor/models/utils.py:359 _load_module
   /usr/local/lib/python3.12/dist-packages/vllm/models/deepseek_v4_1/nvidia/model.py:769 load_weights
   /usr/local/lib/python3.12/dist-packages/cuda_exl3/moe.py:83 _exl3_moe_weight_loader
   /usr/local/lib/python3.12/dist-packages/cuda_exl3/moe.py:378 _place
=== 17:25:11 anon 18.2 file 8.2 shmem 4.7 GiB
   /usr/local/lib/python3.12/dist-packages/vllm/model_executor/model_loader/default_loader.py:427 load_weights
   /usr/local/lib/python3.12/dist-packages/vllm/models/deepseek_v4_1/nvidia/vl_model.py:346 load_weights
   /usr/local/lib/python3.12/dist-packages/vllm/model_executor/model_loader/reload/torchao_decorator.py:50 patched_model_load_weights
   /usr/local/lib/python3.12/dist-packages/vllm/model_executor/models/utils.py:444 load_weights
   /usr/local/lib/python3.12/dist-packages/vllm/model_executor/models/utils.py:382 _load_module
   /usr/local/lib/python3.12/dist-packages/vllm/model_executor/models/utils.py:359 _load_module
   /usr/local/lib/python3.12/dist-packages/vllm/models/deepseek_v4_1/nvidia/model.py:1102 load_weights
   /usr/local/lib/python3.12/dist-packages/vllm/model_executor/model_loader/reload/torchao_decorator.py:50 patched_model_load_weights
   /usr/local/lib/python3.12/dist-packages/vllm/model_executor/models/utils.py:444 load_weights
   /usr/local/lib/python3.12/dist-packages/vllm/model_executor/models/utils.py:382 _load_module
   /usr/local/lib/python3.12/dist-packages/vllm/model_executor/models/utils.py:359 _load_module
   /usr/local/lib/python3.12/dist-packages/vllm/models/deepseek_v4_1/nvidia/model.py:769 load_weights
   /usr/local/lib/python3.12/dist-packages/cuda_exl3/moe.py:83 _exl3_moe_weight_loader
   /usr/local/lib/python3.12/dist-packages/cuda_exl3/moe.py:366 _place
=== 17:25:16 anon 19.1 file 7.6 shmem 4.7 GiB
   /usr/local/lib/python3.12/dist-packages/vllm/model_executor/model_loader/default_loader.py:427 load_weights
   /usr/local/lib/python3.12/dist-packages/vllm/models/deepseek_v4_1/nvidia/vl_model.py:346 load_weights
   /usr/local/lib/python3.12/dist-packages/vllm/model_executor/model_loader/reload/torchao_decorator.py:50 patched_model_load_weights
   /usr/local/lib/python3.12/dist-packages/vllm/model_executor/models/utils.py:444 load_weights
   /usr/local/lib/python3.12/dist-packages/vllm/model_executor/models/utils.py:382 _load_module
   /usr/local/lib/python3.12/dist-packages/vllm/model_executor/models/utils.py:359 _load_module
   /usr/local/lib/python3.12/dist-packages/vllm/models/deepseek_v4_1/nvidia/model.py:1102 load_weights
   /usr/local/lib/python3.12/dist-packages/vllm/model_executor/model_loader/reload/torchao_decorator.py:50 patched_model_load_weights
   /usr/local/lib/python3.12/dist-packages/vllm/model_executor/models/utils.py:444 load_weights
   /usr/local/lib/python3.12/dist-packages/vllm/model_executor/models/utils.py:382 _load_module
   /usr/local/lib/python3.12/dist-packages/vllm/model_executor/models/utils.py:359 _load_module
   /usr/local/lib/python3.12/dist-packages/vllm/models/deepseek_v4_1/nvidia/model.py:769 load_weights
   /usr/local/lib/python3.12/dist-packages/cuda_exl3/moe.py:83 _exl3_moe_weight_loader
   /usr/local/lib/python3.12/dist-packages/cuda_exl3/moe.py:359 _place
=== 17:25:21 anon 19.8 file 7.2 shmem 4.7 GiB
   /usr/local/lib/python3.12/dist-packages/vllm/model_executor/model_loader/default_loader.py:427 load_weights
   /usr/local/lib/python3.12/dist-packages/vllm/models/deepseek_v4_1/nvidia/vl_model.py:346 load_weights
   /usr/local/lib/python3.12/dist-packages/vllm/model_executor/model_loader/reload/torchao_decorator.py:50 patched_model_load_weights
   /usr/local/lib/python3.12/dist-packages/vllm/model_executor/models/utils.py:444 load_weights
   /usr/local/lib/python3.12/dist-packages/vllm/model_executor/models/utils.py:382 _load_module
   /usr/local/lib/python3.12/dist-packages/vllm/model_executor/models/utils.py:359 _load_module
   /usr/local/lib/python3.12/dist-packages/vllm/models/deepseek_v4_1/nvidia/model.py:1102 load_weights
   /usr/local/lib/python3.12/dist-packages/vllm/model_executor/model_loader/reload/torchao_decorator.py:50 patched_model_load_weights
   /usr/local/lib/python3.12/dist-packages/vllm/model_executor/models/utils.py:444 load_weights
   /usr/local/lib/python3.12/dist-packages/vllm/model_executor/models/utils.py:382 _load_module
   /usr/local/lib/python3.12/dist-packages/vllm/model_executor/models/utils.py:359 _load_module
   /usr/local/lib/python3.12/dist-packages/vllm/models/deepseek_v4_1/nvidia/model.py:769 load_weights
   /usr/local/lib/python3.12/dist-packages/cuda_exl3/moe.py:83 _exl3_moe_weight_loader
   /usr/local/lib/python3.12/dist-packages/cuda_exl3/moe.py:347 _place
=== 17:25:26 anon 20.5 file 5.6 shmem 4.7 GiB
   /usr/local/lib/python3.12/dist-packages/vllm/model_executor/model_loader/default_loader.py:427 load_weights
   /usr/local/lib/python3.12/dist-packages/vllm/models/deepseek_v4_1/nvidia/vl_model.py:346 load_weights
   /usr/local/lib/python3.12/dist-packages/vllm/model_executor/model_loader/reload/torchao_decorator.py:50 patched_model_load_weights
   /usr/local/lib/python3.12/dist-packages/vllm/model_executor/models/utils.py:444 load_weights
   /usr/local/lib/python3.12/dist-packages/vllm/model_executor/models/utils.py:382 _load_module
   /usr/local/lib/python3.12/dist-packages/vllm/model_executor/models/utils.py:359 _load_module
   /usr/local/lib/python3.12/dist-packages/vllm/models/deepseek_v4_1/nvidia/model.py:1102 load_weights
   /usr/local/lib/python3.12/dist-packages/vllm/model_executor/model_loader/reload/torchao_decorator.py:50 patched_model_load_weights
   /usr/local/lib/python3.12/dist-packages/vllm/model_executor/models/utils.py:444 load_weights
   /usr/local/lib/python3.12/dist-packages/vllm/model_executor/models/utils.py:382 _load_module
   /usr/local/lib/python3.12/dist-packages/vllm/model_executor/models/utils.py:359 _load_module
   /usr/local/lib/python3.12/dist-packages/vllm/models/deepseek_v4_1/nvidia/model.py:769 load_weights
   /usr/local/lib/python3.12/dist-packages/cuda_exl3/moe.py:83 _exl3_moe_weight_loader
   /usr/local/lib/python3.12/dist-packages/cuda_exl3/moe.py:366 _place
=== 17:25:31 anon 21.3 file 5.8 shmem 4.7 GiB
   /usr/local/lib/python3.12/dist-packages/vllm/model_executor/model_loader/default_loader.py:427 load_weights
   /usr/local/lib/python3.12/dist-packages/vllm/models/deepseek_v4_1/nvidia/vl_model.py:346 load_weights
   /usr/local/lib/python3.12/dist-packages/vllm/model_executor/model_loader/reload/torchao_decorator.py:50 patched_model_load_weights
   /usr/local/lib/python3.12/dist-packages/vllm/model_executor/models/utils.py:444 load_weights
   /usr/local/lib/python3.12/dist-packages/vllm/model_executor/models/utils.py:382 _load_module
   /usr/local/lib/python3.12/dist-packages/vllm/model_executor/models/utils.py:359 _load_module
   /usr/local/lib/python3.12/dist-packages/vllm/models/deepseek_v4_1/nvidia/model.py:1102 load_weights
   /usr/local/lib/python3.12/dist-packages/vllm/model_executor/model_loader/reload/torchao_decorator.py:50 patched_model_load_weights
   /usr/local/lib/python3.12/dist-packages/vllm/model_executor/models/utils.py:444 load_weights
   /usr/local/lib/python3.12/dist-packages/vllm/model_executor/models/utils.py:382 _load_module
   /usr/local/lib/python3.12/dist-packages/vllm/model_executor/models/utils.py:359 _load_module
   /usr/local/lib/python3.12/dist-packages/vllm/models/deepseek_v4_1/nvidia/model.py:769 load_weights
   /usr/local/lib/python3.12/dist-packages/cuda_exl3/moe.py:83 _exl3_moe_weight_loader
   /usr/local/lib/python3.12/dist-packages/cuda_exl3/moe.py:366 _place
=== 17:31:56 anon 1.5 file 0.6 shmem 4.7 GiB
   /usr/local/lib/python3.12/dist-packages/vllm/models/deepseek_v4_1/nvidia/model.py:451 __init__
   /usr/local/lib/python3.12/dist-packages/vllm/model_executor/models/utils.py:864 make_layers
   /usr/local/lib/python3.12/dist-packages/vllm/model_executor/offloader/base.py:119 wrap_modules
   /usr/local/lib/python3.12/dist-packages/vllm/model_executor/models/utils.py:865 <genexpr>
   /usr/local/lib/python3.12/dist-packages/vllm/models/deepseek_v4_1/nvidia/model.py:453 <lambda>
   /usr/local/lib/python3.12/dist-packages/vllm/models/deepseek_v4_1/nvidia/model.py:193 __init__
   /usr/local/lib/python3.12/dist-packages/vllm/models/deepseek_v4_1/nvidia/flashinfer_sparse.py:617 __init__
   /usr/local/lib/python3.12/dist-packages/vllm/models/deepseek_v4_1/attention.py:352 __init__
   /usr/local/lib/python3.12/dist-packages/vllm/models/deepseek_v4_1/common/rope.py:48 build_deepseek_v4_rope
   /usr/local/lib/python3.12/dist-packages/vllm/model_executor/layers/rotary_embedding/__init__.py:305 get_rope
   /usr/local/lib/python3.12/dist-packages/vllm/model_executor/layers/rotary_embedding/deepseek_scaling_rope.py:247 __init__
   /usr/local/lib/python3.12/dist-packages/vllm/model_executor/layers/rotary_embedding/deepseek_scaling_rope.py:251 _compute_cos_sin_cache
   /usr/local/lib/python3.12/dist-packages/vllm/model_executor/layers/rotary_embedding/deepseek_scaling_rope.py:80 _compute_inv_freq
   /usr/local/lib/python3.12/dist-packages/torch/utils/_device.py:122 __torch_function__
=== 17:32:01 anon 1.7 file 0.7 shmem 4.7 GiB
   /usr/local/lib/python3.12/dist-packages/vllm/models/deepseek_v4_1/nvidia/model.py:1011 __init__
   /usr/local/lib/python3.12/dist-packages/vllm/models/deepseek_v4_1/nvidia/model.py:451 __init__
   /usr/local/lib/python3.12/dist-packages/vllm/model_executor/models/utils.py:864 make_layers
   /usr/local/lib/python3.12/dist-packages/vllm/model_executor/offloader/base.py:119 wrap_modules
   /usr/local/lib/python3.12/dist-packages/vllm/model_executor/models/utils.py:865 <genexpr>
   /usr/local/lib/python3.12/dist-packages/vllm/models/deepseek_v4_1/nvidia/model.py:453 <lambda>
   /usr/local/lib/python3.12/dist-packages/vllm/models/deepseek_v4_1/nvidia/model.py:202 __init__
   /usr/local/lib/python3.12/dist-packages/vllm/models/deepseek_v4_1/nvidia/model.py:103 __init__
   /usr/local/lib/python3.12/dist-packages/vllm/models/deepseek_v4/nvidia/model.py:898 __init__
   /usr/local/lib/python3.12/dist-packages/vllm/models/deepseek_v4/nvidia/model.py:995 _init_fused_moe_experts
   /usr/local/lib/python3.12/dist-packages/vllm/model_executor/layers/fused_moe/layer.py:373 FusedMoEFactory
   /usr/local/lib/python3.12/dist-packages/vllm/model_executor/layers/fused_moe/routed_experts.py:176 __init__
   /usr/local/lib/python3.12/dist-packages/cuda_exl3/moe.py:242 create_weights
   /usr/local/lib/python3.12/dist-packages/torch/utils/_device.py:122 __torch_function__
=== 17:32:06 anon 2.4 file 1.3 shmem 4.7 GiB
   /usr/local/lib/python3.12/dist-packages/vllm/model_executor/model_loader/default_loader.py:427 load_weights
   /usr/local/lib/python3.12/dist-packages/vllm/models/deepseek_v4_1/nvidia/vl_model.py:360 load_weights
   /usr/local/lib/python3.12/dist-packages/vllm/model_executor/model_loader/reload/torchao_decorator.py:50 patched_model_load_weights
   /usr/local/lib/python3.12/dist-packages/vllm/model_executor/models/utils.py:444 load_weights
   /usr/local/lib/python3.12/dist-packages/vllm/model_executor/models/utils.py:382 _load_module
   /usr/local/lib/python3.12/dist-packages/vllm/model_executor/models/utils.py:359 _load_module
   /usr/local/lib/python3.12/dist-packages/vllm/models/deepseek_v4_1/nvidia/model.py:1102 load_weights
   /usr/local/lib/python3.12/dist-packages/vllm/model_executor/model_loader/reload/torchao_decorator.py:50 patched_model_load_weights
   /usr/local/lib/python3.12/dist-packages/vllm/model_executor/models/utils.py:444 load_weights
   /usr/local/lib/python3.12/dist-packages/vllm/model_executor/models/utils.py:382 _load_module
   /usr/local/lib/python3.12/dist-packages/vllm/model_executor/models/utils.py:359 _load_module
   /usr/local/lib/python3.12/dist-packages/vllm/models/deepseek_v4_1/nvidia/model.py:769 load_weights
   /usr/local/lib/python3.12/dist-packages/cuda_exl3/moe.py:83 _exl3_moe_weight_loader
   /usr/local/lib/python3.12/dist-packages/cuda_exl3/moe.py:366 _place
=== 17:32:11 anon 3.5 file 8.1 shmem 4.7 GiB
   /usr/local/lib/python3.12/dist-packages/vllm/model_executor/model_loader/default_loader.py:427 load_weights
   /usr/local/lib/python3.12/dist-packages/vllm/models/deepseek_v4_1/nvidia/vl_model.py:360 load_weights
   /usr/local/lib/python3.12/dist-packages/vllm/model_executor/model_loader/reload/torchao_decorator.py:50 patched_model_load_weights
   /usr/local/lib/python3.12/dist-packages/vllm/model_executor/models/utils.py:444 load_weights
   /usr/local/lib/python3.12/dist-packages/vllm/model_executor/models/utils.py:382 _load_module
   /usr/local/lib/python3.12/dist-packages/vllm/model_executor/models/utils.py:359 _load_module
   /usr/local/lib/python3.12/dist-packages/vllm/models/deepseek_v4_1/nvidia/model.py:1102 load_weights
   /usr/local/lib/python3.12/dist-packages/vllm/model_executor/model_loader/reload/torchao_decorator.py:50 patched_model_load_weights
   /usr/local/lib/python3.12/dist-packages/vllm/model_executor/models/utils.py:444 load_weights
   /usr/local/lib/python3.12/dist-packages/vllm/model_executor/models/utils.py:382 _load_module
   /usr/local/lib/python3.12/dist-packages/vllm/model_executor/models/utils.py:359 _load_module
   /usr/local/lib/python3.12/dist-packages/vllm/models/deepseek_v4_1/nvidia/model.py:769 load_weights
   /usr/local/lib/python3.12/dist-packages/cuda_exl3/moe.py:83 _exl3_moe_weight_loader
   /usr/local/lib/python3.12/dist-packages/cuda_exl3/moe.py:347 _place
=== 17:32:16 anon 3.2 file 6.2 shmem 4.7 GiB
   /usr/local/lib/python3.12/dist-packages/vllm/model_executor/model_loader/default_loader.py:427 load_weights
   /usr/local/lib/python3.12/dist-packages/vllm/models/deepseek_v4_1/nvidia/vl_model.py:360 load_weights
   /usr/local/lib/python3.12/dist-packages/vllm/model_executor/model_loader/reload/torchao_decorator.py:50 patched_model_load_weights
   /usr/local/lib/python3.12/dist-packages/vllm/model_executor/models/utils.py:444 load_weights
   /usr/local/lib/python3.12/dist-packages/vllm/model_executor/models/utils.py:382 _load_module
   /usr/local/lib/python3.12/dist-packages/vllm/model_executor/models/utils.py:359 _load_module
   /usr/local/lib/python3.12/dist-packages/vllm/models/deepseek_v4_1/nvidia/model.py:1102 load_weights
   /usr/local/lib/python3.12/dist-packages/vllm/model_executor/model_loader/reload/torchao_decorator.py:50 patched_model_load_weights
   /usr/local/lib/python3.12/dist-packages/vllm/model_executor/models/utils.py:444 load_weights
   /usr/local/lib/python3.12/dist-packages/vllm/model_executor/models/utils.py:382 _load_module
   /usr/local/lib/python3.12/dist-packages/vllm/model_executor/models/utils.py:359 _load_module
   /usr/local/lib/python3.12/dist-packages/vllm/models/deepseek_v4_1/nvidia/model.py:769 load_weights
   /usr/local/lib/python3.12/dist-packages/cuda_exl3/moe.py:83 _exl3_moe_weight_loader
   /usr/local/lib/python3.12/dist-packages/cuda_exl3/moe.py:378 _place
=== 17:32:21 anon 3.6 file 8.7 shmem 4.7 GiB
   /usr/local/lib/python3.12/dist-packages/vllm/model_executor/model_loader/default_loader.py:427 load_weights
   /usr/local/lib/python3.12/dist-packages/vllm/models/deepseek_v4_1/nvidia/vl_model.py:360 load_weights
   /usr/local/lib/python3.12/dist-packages/vllm/model_executor/model_loader/reload/torchao_decorator.py:50 patched_model_load_weights
   /usr/local/lib/python3.12/dist-packages/vllm/model_executor/models/utils.py:444 load_weights
   /usr/local/lib/python3.12/dist-packages/vllm/model_executor/models/utils.py:382 _load_module
   /usr/local/lib/python3.12/dist-packages/vllm/model_executor/models/utils.py:359 _load_module
   /usr/local/lib/python3.12/dist-packages/vllm/models/deepseek_v4_1/nvidia/model.py:1102 load_weights
   /usr/local/lib/python3.12/dist-packages/vllm/model_executor/model_loader/reload/torchao_decorator.py:50 patched_model_load_weights
   /usr/local/lib/python3.12/dist-packages/vllm/model_executor/models/utils.py:444 load_weights
   /usr/local/lib/python3.12/dist-packages/vllm/model_executor/models/utils.py:382 _load_module
   /usr/local/lib/python3.12/dist-packages/vllm/model_executor/models/utils.py:359 _load_module
   /usr/local/lib/python3.12/dist-packages/vllm/models/deepseek_v4_1/nvidia/model.py:769 load_weights
   /usr/local/lib/python3.12/dist-packages/cuda_exl3/moe.py:83 _exl3_moe_weight_loader
   /usr/local/lib/python3.12/dist-packages/cuda_exl3/moe.py:366 _place
=== 17:32:27 anon 3.2 file 6.4 shmem 4.7 GiB
   /usr/local/lib/python3.12/dist-packages/vllm/models/deepseek_v4_1/nvidia/model.py:715 load_weights
   /usr/local/lib/python3.12/dist-packages/vllm/model_executor/models/utils.py:261 <genexpr>
   /usr/local/lib/python3.12/dist-packages/vllm/model_executor/models/utils.py:251 <genexpr>
   /usr/local/lib/python3.12/dist-packages/vllm/model_executor/models/utils.py:451 _filter_skipped
   /usr/local/lib/python3.12/dist-packages/vllm/model_executor/models/utils.py:140 apply
   /usr/local/lib/python3.12/dist-packages/vllm/model_executor/models/utils.py:261 <genexpr>
   /usr/local/lib/python3.12/dist-packages/vllm/model_executor/models/utils.py:251 <genexpr>
   /usr/local/lib/python3.12/dist-packages/vllm/model_executor/models/utils.py:451 _filter_skipped
   /usr/local/lib/python3.12/dist-packages/vllm/model_executor/models/utils.py:140 apply
   /usr/local/lib/python3.12/dist-packages/vllm/models/deepseek_v4_1/nvidia/vl_model.py:353 _language_model_first
   /usr/local/lib/python3.12/dist-packages/vllm/model_executor/models/utils.py:140 apply
   /usr/local/lib/python3.12/dist-packages/vllm/model_executor/model_loader/default_loader.py:333 get_all_weights
   /usr/local/lib/python3.12/dist-packages/vllm/model_executor/model_loader/default_loader.py:319 <genexpr>
   /usr/local/lib/python3.12/dist-packages/vllm/model_executor/model_loader/weight_utils.py:973 safetensors_weights_iterator
=== 17:32:32 anon 2.9 file 4.2 shmem 4.7 GiB
   /usr/local/lib/python3.12/dist-packages/vllm/model_executor/model_loader/default_loader.py:427 load_weights
   /usr/local/lib/python3.12/dist-packages/vllm/models/deepseek_v4_1/nvidia/vl_model.py:360 load_weights
   /usr/local/lib/python3.12/dist-packages/vllm/model_executor/model_loader/reload/torchao_decorator.py:50 patched_model_load_weights
   /usr/local/lib/python3.12/dist-packages/vllm/model_executor/models/utils.py:444 load_weights
   /usr/local/lib/python3.12/dist-packages/vllm/model_executor/models/utils.py:382 _load_module
   /usr/local/lib/python3.12/dist-packages/vllm/model_executor/models/utils.py:359 _load_module
   /usr/local/lib/python3.12/dist-packages/vllm/models/deepseek_v4_1/nvidia/model.py:1102 load_weights
   /usr/local/lib/python3.12/dist-packages/vllm/model_executor/model_loader/reload/torchao_decorator.py:50 patched_model_load_weights
   /usr/local/lib/python3.12/dist-packages/vllm/model_executor/models/utils.py:444 load_weights
   /usr/local/lib/python3.12/dist-packages/vllm/model_executor/models/utils.py:382 _load_module
   /usr/local/lib/python3.12/dist-packages/vllm/model_executor/models/utils.py:359 _load_module
   /usr/local/lib/python3.12/dist-packages/vllm/models/deepseek_v4_1/nvidia/model.py:769 load_weights
   /usr/local/lib/python3.12/dist-packages/cuda_exl3/moe.py:83 _exl3_moe_weight_loader
   /usr/local/lib/python3.12/dist-packages/cuda_exl3/moe.py:366 _place
=== 17:32:37 anon 3.3 file 6.5 shmem 4.7 GiB
   /usr/local/lib/python3.12/dist-packages/vllm/model_executor/model_loader/default_loader.py:427 load_weights
   /usr/local/lib/python3.12/dist-packages/vllm/models/deepseek_v4_1/nvidia/vl_model.py:360 load_weights
   /usr/local/lib/python3.12/dist-packages/vllm/model_executor/model_loader/reload/torchao_decorator.py:50 patched_model_load_weights
   /usr/local/lib/python3.12/dist-packages/vllm/model_executor/models/utils.py:444 load_weights
   /usr/local/lib/python3.12/dist-packages/vllm/model_executor/models/utils.py:382 _load_module
   /usr/local/lib/python3.12/dist-packages/vllm/model_executor/models/utils.py:359 _load_module
   /usr/local/lib/python3.12/dist-packages/vllm/models/deepseek_v4_1/nvidia/model.py:1102 load_weights
   /usr/local/lib/python3.12/dist-packages/vllm/model_executor/model_loader/reload/torchao_decorator.py:50 patched_model_load_weights
   /usr/local/lib/python3.12/dist-packages/vllm/model_executor/models/utils.py:444 load_weights
   /usr/local/lib/python3.12/dist-packages/vllm/model_executor/models/utils.py:382 _load_module
   /usr/local/lib/python3.12/dist-packages/vllm/model_executor/models/utils.py:359 _load_module
   /usr/local/lib/python3.12/dist-packages/vllm/models/deepseek_v4_1/nvidia/model.py:769 load_weights
   /usr/local/lib/python3.12/dist-packages/cuda_exl3/moe.py:83 _exl3_moe_weight_loader
   /usr/local/lib/python3.12/dist-packages/cuda_exl3/moe.py:347 _place
=== 17:32:42 anon 3.7 file 9.2 shmem 4.7 GiB
   /usr/local/lib/python3.12/dist-packages/vllm/models/deepseek_v4_1/nvidia/model.py:715 load_weights
   /usr/local/lib/python3.12/dist-packages/vllm/model_executor/models/utils.py:261 <genexpr>
   /usr/local/lib/python3.12/dist-packages/vllm/model_executor/models/utils.py:251 <genexpr>
   /usr/local/lib/python3.12/dist-packages/vllm/model_executor/models/utils.py:451 _filter_skipped
   /usr/local/lib/python3.12/dist-packages/vllm/model_executor/models/utils.py:140 apply
   /usr/local/lib/python3.12/dist-packages/vllm/model_executor/models/utils.py:261 <genexpr>
   /usr/local/lib/python3.12/dist-packages/vllm/model_executor/models/utils.py:251 <genexpr>
   /usr/local/lib/python3.12/dist-packages/vllm/model_executor/models/utils.py:451 _filter_skipped
   /usr/local/lib/python3.12/dist-packages/vllm/model_executor/models/utils.py:140 apply
   /usr/local/lib/python3.12/dist-packages/vllm/models/deepseek_v4_1/nvidia/vl_model.py:353 _language_model_first
   /usr/local/lib/python3.12/dist-packages/vllm/model_executor/models/utils.py:140 apply
   /usr/local/lib/python3.12/dist-packages/vllm/model_executor/model_loader/default_loader.py:333 get_all_weights
   /usr/local/lib/python3.12/dist-packages/vllm/model_executor/model_loader/default_loader.py:319 <genexpr>
   /usr/local/lib/python3.12/dist-packages/vllm/model_executor/model_loader/weight_utils.py:973 safetensors_weights_iterator
=== 17:32:47 anon 2.5 file 2.2 shmem 4.7 GiB
   /usr/local/lib/python3.12/dist-packages/vllm/model_executor/model_loader/default_loader.py:427 load_weights
   /usr/local/lib/python3.12/dist-packages/vllm/models/deepseek_v4_1/nvidia/vl_model.py:360 load_weights
   /usr/local/lib/python3.12/dist-packages/vllm/model_executor/model_loader/reload/torchao_decorator.py:50 patched_model_load_weights
   /usr/local/lib/python3.12/dist-packages/vllm/model_executor/models/utils.py:444 load_weights
   /usr/local/lib/python3.12/dist-packages/vllm/model_executor/models/utils.py:382 _load_module
   /usr/local/lib/python3.12/dist-packages/vllm/model_executor/models/utils.py:359 _load_module
   /usr/local/lib/python3.12/dist-packages/vllm/models/deepseek_v4_1/nvidia/model.py:1102 load_weights
   /usr/local/lib/python3.12/dist-packages/vllm/model_executor/model_loader/reload/torchao_decorator.py:50 patched_model_load_weights
   /usr/local/lib/python3.12/dist-packages/vllm/model_executor/models/utils.py:444 load_weights
   /usr/local/lib/python3.12/dist-packages/vllm/model_executor/models/utils.py:382 _load_module
   /usr/local/lib/python3.12/dist-packages/vllm/model_executor/models/utils.py:359 _load_module
   /usr/local/lib/python3.12/dist-packages/vllm/models/deepseek_v4_1/nvidia/model.py:769 load_weights
   /usr/local/lib/python3.12/dist-packages/cuda_exl3/moe.py:83 _exl3_moe_weight_loader
   /usr/local/lib/python3.12/dist-packages/cuda_exl3/moe.py:366 _place
=== 17:32:52 anon 3.7 file 9.1 shmem 4.7 GiB
   /usr/local/lib/python3.12/dist-packages/vllm/model_executor/model_loader/default_loader.py:427 load_weights
   /usr/local/lib/python3.12/dist-packages/vllm/models/deepseek_v4_1/nvidia/vl_model.py:360 load_weights
   /usr/local/lib/python3.12/dist-packages/vllm/model_executor/model_loader/reload/torchao_decorator.py:50 patched_model_load_weights
   /usr/local/lib/python3.12/dist-packages/vllm/model_executor/models/utils.py:444 load_weights
   /usr/local/lib/python3.12/dist-packages/vllm/model_executor/models/utils.py:382 _load_module
   /usr/local/lib/python3.12/dist-packages/vllm/model_executor/models/utils.py:359 _load_module
   /usr/local/lib/python3.12/dist-packages/vllm/models/deepseek_v4_1/nvidia/model.py:1102 load_weights
   /usr/local/lib/python3.12/dist-packages/vllm/model_executor/model_loader/reload/torchao_decorator.py:50 patched_model_load_weights
   /usr/local/lib/python3.12/dist-packages/vllm/model_executor/models/utils.py:444 load_weights
   /usr/local/lib/python3.12/dist-packages/vllm/model_executor/models/utils.py:382 _load_module
   /usr/local/lib/python3.12/dist-packages/vllm/model_executor/models/utils.py:359 _load_module
   /usr/local/lib/python3.12/dist-packages/vllm/models/deepseek_v4_1/nvidia/model.py:769 load_weights
   /usr/local/lib/python3.12/dist-packages/cuda_exl3/moe.py:83 _exl3_moe_weight_loader
   /usr/local/lib/python3.12/dist-packages/cuda_exl3/moe.py:366 _place
=== 17:32:58 anon 3.5 file 7.6 shmem 4.7 GiB
   /usr/local/lib/python3.12/dist-packages/vllm/model_executor/model_loader/default_loader.py:427 load_weights
   /usr/local/lib/python3.12/dist-packages/vllm/models/deepseek_v4_1/nvidia/vl_model.py:360 load_weights
   /usr/local/lib/python3.12/dist-packages/vllm/model_executor/model_loader/reload/torchao_decorator.py:50 patched_model_load_weights
   /usr/local/lib/python3.12/dist-packages/vllm/model_executor/models/utils.py:444 load_weights
   /usr/local/lib/python3.12/dist-packages/vllm/model_executor/models/utils.py:382 _load_module
   /usr/local/lib/python3.12/dist-packages/vllm/model_executor/models/utils.py:359 _load_module
   /usr/local/lib/python3.12/dist-packages/vllm/models/deepseek_v4_1/nvidia/model.py:1102 load_weights
   /usr/local/lib/python3.12/dist-packages/vllm/model_executor/model_loader/reload/torchao_decorator.py:50 patched_model_load_weights
   /usr/local/lib/python3.12/dist-packages/vllm/model_executor/models/utils.py:444 load_weights
   /usr/local/lib/python3.12/dist-packages/vllm/model_executor/models/utils.py:382 _load_module
   /usr/local/lib/python3.12/dist-packages/vllm/model_executor/models/utils.py:359 _load_module
   /usr/local/lib/python3.12/dist-packages/vllm/models/deepseek_v4_1/nvidia/model.py:769 load_weights
   /usr/local/lib/python3.12/dist-packages/cuda_exl3/moe.py:83 _exl3_moe_weight_loader
   /usr/local/lib/python3.12/dist-packages/cuda_exl3/moe.py:347 _place
=== 17:33:03 anon 3.1 file 5.7 shmem 4.7 GiB
   /usr/local/lib/python3.12/dist-packages/vllm/model_executor/model_loader/default_loader.py:427 load_weights
   /usr/local/lib/python3.12/dist-packages/vllm/models/deepseek_v4_1/nvidia/vl_model.py:360 load_weights
   /usr/local/lib/python3.12/dist-packages/vllm/model_executor/model_loader/reload/torchao_decorator.py:50 patched_model_load_weights
   /usr/local/lib/python3.12/dist-packages/vllm/model_executor/models/utils.py:444 load_weights
   /usr/local/lib/python3.12/dist-packages/vllm/model_executor/models/utils.py:382 _load_module
   /usr/local/lib/python3.12/dist-packages/vllm/model_executor/models/utils.py:359 _load_module
   /usr/local/lib/python3.12/dist-packages/vllm/models/deepseek_v4_1/nvidia/model.py:1102 load_weights
   /usr/local/lib/python3.12/dist-packages/vllm/model_executor/model_loader/reload/torchao_decorator.py:50 patched_model_load_weights
   /usr/local/lib/python3.12/dist-packages/vllm/model_executor/models/utils.py:444 load_weights
   /usr/local/lib/python3.12/dist-packages/vllm/model_executor/models/utils.py:382 _load_module
   /usr/local/lib/python3.12/dist-packages/vllm/model_executor/models/utils.py:359 _load_module
   /usr/local/lib/python3.12/dist-packages/vllm/models/deepseek_v4_1/nvidia/model.py:769 load_weights
   /usr/local/lib/python3.12/dist-packages/cuda_exl3/moe.py:83 _exl3_moe_weight_loader
   /usr/local/lib/python3.12/dist-packages/cuda_exl3/moe.py:347 _place
=== 17:33:08 anon 3.5 file 7.9 shmem 4.7 GiB
   /usr/local/lib/python3.12/dist-packages/vllm/model_executor/model_loader/default_loader.py:427 load_weights
   /usr/local/lib/python3.12/dist-packages/vllm/models/deepseek_v4_1/nvidia/vl_model.py:360 load_weights
   /usr/local/lib/python3.12/dist-packages/vllm/model_executor/model_loader/reload/torchao_decorator.py:50 patched_model_load_weights
   /usr/local/lib/python3.12/dist-packages/vllm/model_executor/models/utils.py:444 load_weights
   /usr/local/lib/python3.12/dist-packages/vllm/model_executor/models/utils.py:382 _load_module
   /usr/local/lib/python3.12/dist-packages/vllm/model_executor/models/utils.py:359 _load_module
   /usr/local/lib/python3.12/dist-packages/vllm/models/deepseek_v4_1/nvidia/model.py:1102 load_weights
   /usr/local/lib/python3.12/dist-packages/vllm/model_executor/model_loader/reload/torchao_decorator.py:50 patched_model_load_weights
   /usr/local/lib/python3.12/dist-packages/vllm/model_executor/models/utils.py:444 load_weights
   /usr/local/lib/python3.12/dist-packages/vllm/model_executor/models/utils.py:382 _load_module
   /usr/local/lib/python3.12/dist-packages/vllm/model_executor/models/utils.py:359 _load_module
   /usr/local/lib/python3.12/dist-packages/vllm/models/deepseek_v4_1/nvidia/model.py:769 load_weights
   /usr/local/lib/python3.12/dist-packages/cuda_exl3/moe.py:83 _exl3_moe_weight_loader
   /usr/local/lib/python3.12/dist-packages/cuda_exl3/moe.py:347 _place
=== 17:33:14 anon 3.2 file 6.0 shmem 4.7 GiB
   /usr/local/lib/python3.12/dist-packages/vllm/model_executor/model_loader/default_loader.py:427 load_weights
   /usr/local/lib/python3.12/dist-packages/vllm/models/deepseek_v4_1/nvidia/vl_model.py:360 load_weights
   /usr/local/lib/python3.12/dist-packages/vllm/model_executor/model_loader/reload/torchao_decorator.py:50 patched_model_load_weights
   /usr/local/lib/python3.12/dist-packages/vllm/model_executor/models/utils.py:444 load_weights
   /usr/local/lib/python3.12/dist-packages/vllm/model_executor/models/utils.py:382 _load_module
   /usr/local/lib/python3.12/dist-packages/vllm/model_executor/models/utils.py:359 _load_module
   /usr/local/lib/python3.12/dist-packages/vllm/models/deepseek_v4_1/nvidia/model.py:1102 load_weights
   /usr/local/lib/python3.12/dist-packages/vllm/model_executor/model_loader/reload/torchao_decorator.py:50 patched_model_load_weights
   /usr/local/lib/python3.12/dist-packages/vllm/model_executor/models/utils.py:444 load_weights
   /usr/local/lib/python3.12/dist-packages/vllm/model_executor/models/utils.py:382 _load_module
   /usr/local/lib/python3.12/dist-packages/vllm/model_executor/models/utils.py:359 _load_module
   /usr/local/lib/python3.12/dist-packages/vllm/models/deepseek_v4_1/nvidia/model.py:769 load_weights
   /usr/local/lib/python3.12/dist-packages/cuda_exl3/moe.py:84 _exl3_moe_weight_loader
   /usr/local/lib/python3.12/dist-packages/cuda_exl3/moe.py:379 _place
=== 17:33:19 anon 3.0 file 5.2 shmem 4.7 GiB
   /usr/local/lib/python3.12/dist-packages/vllm/model_executor/model_loader/default_loader.py:427 load_weights
   /usr/local/lib/python3.12/dist-packages/vllm/models/deepseek_v4_1/nvidia/vl_model.py:360 load_weights
   /usr/local/lib/python3.12/dist-packages/vllm/model_executor/model_loader/reload/torchao_decorator.py:50 patched_model_load_weights
   /usr/local/lib/python3.12/dist-packages/vllm/model_executor/models/utils.py:444 load_weights
   /usr/local/lib/python3.12/dist-packages/vllm/model_executor/models/utils.py:382 _load_module
   /usr/local/lib/python3.12/dist-packages/vllm/model_executor/models/utils.py:359 _load_module
   /usr/local/lib/python3.12/dist-packages/vllm/models/deepseek_v4_1/nvidia/model.py:1102 load_weights
   /usr/local/lib/python3.12/dist-packages/vllm/model_executor/model_loader/reload/torchao_decorator.py:50 patched_model_load_weights
   /usr/local/lib/python3.12/dist-packages/vllm/model_executor/models/utils.py:444 load_weights
   /usr/local/lib/python3.12/dist-packages/vllm/model_executor/models/utils.py:382 _load_module
   /usr/local/lib/python3.12/dist-packages/vllm/model_executor/models/utils.py:359 _load_module
   /usr/local/lib/python3.12/dist-packages/vllm/models/deepseek_v4_1/nvidia/model.py:769 load_weights
   /usr/local/lib/python3.12/dist-packages/cuda_exl3/moe.py:83 _exl3_moe_weight_loader
   /usr/local/lib/python3.12/dist-packages/cuda_exl3/moe.py:366 _place
=== 17:33:24 anon 3.4 file 6.8 shmem 4.7 GiB
   /usr/local/lib/python3.12/dist-packages/vllm/models/deepseek_v4_1/nvidia/model.py:715 load_weights
   /usr/local/lib/python3.12/dist-packages/vllm/model_executor/models/utils.py:261 <genexpr>
   /usr/local/lib/python3.12/dist-packages/vllm/model_executor/models/utils.py:251 <genexpr>
   /usr/local/lib/python3.12/dist-packages/vllm/model_executor/models/utils.py:451 _filter_skipped
   /usr/local/lib/python3.12/dist-packages/vllm/model_executor/models/utils.py:140 apply
   /usr/local/lib/python3.12/dist-packages/vllm/model_executor/models/utils.py:261 <genexpr>
   /usr/local/lib/python3.12/dist-packages/vllm/model_executor/models/utils.py:251 <genexpr>
   /usr/local/lib/python3.12/dist-packages/vllm/model_executor/models/utils.py:451 _filter_skipped
   /usr/local/lib/python3.12/dist-packages/vllm/model_executor/models/utils.py:140 apply
   /usr/local/lib/python3.12/dist-packages/vllm/models/deepseek_v4_1/nvidia/vl_model.py:353 _language_model_first
   /usr/local/lib/python3.12/dist-packages/vllm/model_executor/models/utils.py:140 apply
   /usr/local/lib/python3.12/dist-packages/vllm/model_executor/model_loader/default_loader.py:333 get_all_weights
   /usr/local/lib/python3.12/dist-packages/vllm/model_executor/model_loader/default_loader.py:319 <genexpr>
   /usr/local/lib/python3.12/dist-packages/vllm/model_executor/model_loader/weight_utils.py:973 safetensors_weights_iterator
=== 17:33:29 anon 2.6 file 2.5 shmem 4.7 GiB
   /usr/local/lib/python3.12/dist-packages/vllm/model_executor/model_loader/default_loader.py:427 load_weights
   /usr/local/lib/python3.12/dist-packages/vllm/models/deepseek_v4_1/nvidia/vl_model.py:360 load_weights
   /usr/local/lib/python3.12/dist-packages/vllm/model_executor/model_loader/reload/torchao_decorator.py:50 patched_model_load_weights
   /usr/local/lib/python3.12/dist-packages/vllm/model_executor/models/utils.py:444 load_weights
   /usr/local/lib/python3.12/dist-packages/vllm/model_executor/models/utils.py:382 _load_module
   /usr/local/lib/python3.12/dist-packages/vllm/model_executor/models/utils.py:359 _load_module
   /usr/local/lib/python3.12/dist-packages/vllm/models/deepseek_v4_1/nvidia/model.py:1102 load_weights
   /usr/local/lib/python3.12/dist-packages/vllm/model_executor/model_loader/reload/torchao_decorator.py:50 patched_model_load_weights
   /usr/local/lib/python3.12/dist-packages/vllm/model_executor/models/utils.py:444 load_weights
   /usr/local/lib/python3.12/dist-packages/vllm/model_executor/models/utils.py:382 _load_module
   /usr/local/lib/python3.12/dist-packages/vllm/model_executor/models/utils.py:359 _load_module
   /usr/local/lib/python3.12/dist-packages/vllm/models/deepseek_v4_1/nvidia/model.py:769 load_weights
   /usr/local/lib/python3.12/dist-packages/cuda_exl3/moe.py:83 _exl3_moe_weight_loader
   /usr/local/lib/python3.12/dist-packages/cuda_exl3/moe.py:354 _place
=== 17:33:34 anon 3.0 file 5.1 shmem 4.7 GiB
   /usr/local/lib/python3.12/dist-packages/vllm/model_executor/model_loader/default_loader.py:427 load_weights
   /usr/local/lib/python3.12/dist-packages/vllm/models/deepseek_v4_1/nvidia/vl_model.py:360 load_weights
   /usr/local/lib/python3.12/dist-packages/vllm/model_executor/model_loader/reload/torchao_decorator.py:50 patched_model_load_weights
   /usr/local/lib/python3.12/dist-packages/vllm/model_executor/models/utils.py:444 load_weights
   /usr/local/lib/python3.12/dist-packages/vllm/model_executor/models/utils.py:382 _load_module
   /usr/local/lib/python3.12/dist-packages/vllm/model_executor/models/utils.py:359 _load_module
   /usr/local/lib/python3.12/dist-packages/vllm/models/deepseek_v4_1/nvidia/model.py:1102 load_weights
   /usr/local/lib/python3.12/dist-packages/vllm/model_executor/model_loader/reload/torchao_decorator.py:50 patched_model_load_weights
   /usr/local/lib/python3.12/dist-packages/vllm/model_executor/models/utils.py:444 load_weights
   /usr/local/lib/python3.12/dist-packages/vllm/model_executor/models/utils.py:382 _load_module
   /usr/local/lib/python3.12/dist-packages/vllm/model_executor/models/utils.py:359 _load_module
   /usr/local/lib/python3.12/dist-packages/vllm/models/deepseek_v4_1/nvidia/model.py:769 load_weights
   /usr/local/lib/python3.12/dist-packages/cuda_exl3/moe.py:83 _exl3_moe_weight_loader
   /usr/local/lib/python3.12/dist-packages/cuda_exl3/moe.py:366 _place
=== 17:33:39 anon 2.9 file 4.6 shmem 4.7 GiB
   /usr/local/lib/python3.12/dist-packages/vllm/model_executor/model_loader/default_loader.py:427 load_weights
   /usr/local/lib/python3.12/dist-packages/vllm/models/deepseek_v4_1/nvidia/vl_model.py:360 load_weights
   /usr/local/lib/python3.12/dist-packages/vllm/model_executor/model_loader/reload/torchao_decorator.py:50 patched_model_load_weights
   /usr/local/lib/python3.12/dist-packages/vllm/model_executor/models/utils.py:444 load_weights
   /usr/local/lib/python3.12/dist-packages/vllm/model_executor/models/utils.py:382 _load_module
   /usr/local/lib/python3.12/dist-packages/vllm/model_executor/models/utils.py:359 _load_module
   /usr/local/lib/python3.12/dist-packages/vllm/models/deepseek_v4_1/nvidia/model.py:1102 load_weights
   /usr/local/lib/python3.12/dist-packages/vllm/model_executor/model_loader/reload/torchao_decorator.py:50 patched_model_load_weights
   /usr/local/lib/python3.12/dist-packages/vllm/model_executor/models/utils.py:444 load_weights
   /usr/local/lib/python3.12/dist-packages/vllm/model_executor/models/utils.py:382 _load_module
   /usr/local/lib/python3.12/dist-packages/vllm/model_executor/models/utils.py:359 _load_module
   /usr/local/lib/python3.12/dist-packages/vllm/models/deepseek_v4_1/nvidia/model.py:715 load_weights
   /usr/local/lib/python3.12/dist-packages/cuda_exl3/moe.py:84 _exl3_moe_weight_loader
   /usr/local/lib/python3.12/dist-packages/cuda_exl3/moe.py:360 _place
=== 17:33:45 anon 2.8 file 3.9 shmem 4.7 GiB
   /usr/local/lib/python3.12/dist-packages/vllm/model_executor/model_loader/default_loader.py:427 load_weights
   /usr/local/lib/python3.12/dist-packages/vllm/models/deepseek_v4_1/nvidia/vl_model.py:360 load_weights
   /usr/local/lib/python3.12/dist-packages/vllm/model_executor/model_loader/reload/torchao_decorator.py:50 patched_model_load_weights
   /usr/local/lib/python3.12/dist-packages/vllm/model_executor/models/utils.py:444 load_weights
   /usr/local/lib/python3.12/dist-packages/vllm/model_executor/models/utils.py:382 _load_module
   /usr/local/lib/python3.12/dist-packages/vllm/model_executor/models/utils.py:359 _load_module
   /usr/local/lib/python3.12/dist-packages/vllm/models/deepseek_v4_1/nvidia/model.py:1102 load_weights
   /usr/local/lib/python3.12/dist-packages/vllm/model_executor/model_loader/reload/torchao_decorator.py:50 patched_model_load_weights
   /usr/local/lib/python3.12/dist-packages/vllm/model_executor/models/utils.py:444 load_weights
   /usr/local/lib/python3.12/dist-packages/vllm/model_executor/models/utils.py:382 _load_module
   /usr/local/lib/python3.12/dist-packages/vllm/model_executor/models/utils.py:359 _load_module
   /usr/local/lib/python3.12/dist-packages/vllm/models/deepseek_v4_1/nvidia/model.py:741 load_weights
   /usr/local/lib/python3.12/dist-packages/vllm/model_executor/layers/linear.py:955 weight_loader_v2
   /usr/local/lib/python3.12/dist-packages/vllm/model_executor/parameter.py:176 load_merged_column_weight
=== 17:33:50 anon 3.3 file 6.8 shmem 4.7 GiB
   /usr/local/lib/python3.12/dist-packages/vllm/model_executor/model_loader/default_loader.py:427 load_weights
   /usr/local/lib/python3.12/dist-packages/vllm/models/deepseek_v4_1/nvidia/vl_model.py:360 load_weights
   /usr/local/lib/python3.12/dist-packages/vllm/model_executor/model_loader/reload/torchao_decorator.py:50 patched_model_load_weights
   /usr/local/lib/python3.12/dist-packages/vllm/model_executor/models/utils.py:444 load_weights
   /usr/local/lib/python3.12/dist-packages/vllm/model_executor/models/utils.py:382 _load_module
   /usr/local/lib/python3.12/dist-packages/vllm/model_executor/models/utils.py:359 _load_module
   /usr/local/lib/python3.12/dist-packages/vllm/models/deepseek_v4_1/nvidia/model.py:1102 load_weights
   /usr/local/lib/python3.12/dist-packages/vllm/model_executor/model_loader/reload/torchao_decorator.py:50 patched_model_load_weights
   /usr/local/lib/python3.12/dist-packages/vllm/model_executor/models/utils.py:444 load_weights
   /usr/local/lib/python3.12/dist-packages/vllm/model_executor/models/utils.py:382 _load_module
   /usr/local/lib/python3.12/dist-packages/vllm/model_executor/models/utils.py:359 _load_module
   /usr/local/lib/python3.12/dist-packages/vllm/models/deepseek_v4_1/nvidia/model.py:769 load_weights
   /usr/local/lib/python3.12/dist-packages/cuda_exl3/moe.py:83 _exl3_moe_weight_loader
   /usr/local/lib/python3.12/dist-packages/cuda_exl3/moe.py:366 _place
=== 17:33:55 anon 3.2 file 6.1 shmem 4.7 GiB
   /usr/local/lib/python3.12/dist-packages/vllm/model_executor/models/utils.py:147 apply
   /usr/local/lib/python3.12/dist-packages/vllm/model_executor/models/utils.py:135 _map_name_with_shard
=== 17:34:00 anon 2.5 file 1.8 shmem 4.7 GiB
   /usr/local/lib/python3.12/dist-packages/vllm/model_executor/model_loader/default_loader.py:427 load_weights
   /usr/local/lib/python3.12/dist-packages/vllm/models/deepseek_v4_1/nvidia/vl_model.py:360 load_weights
   /usr/local/lib/python3.12/dist-packages/vllm/model_executor/model_loader/reload/torchao_decorator.py:50 patched_model_load_weights
   /usr/local/lib/python3.12/dist-packages/vllm/model_executor/models/utils.py:444 load_weights
   /usr/local/lib/python3.12/dist-packages/vllm/model_executor/models/utils.py:382 _load_module
   /usr/local/lib/python3.12/dist-packages/vllm/model_executor/models/utils.py:359 _load_module
   /usr/local/lib/python3.12/dist-packages/vllm/models/deepseek_v4_1/nvidia/model.py:1102 load_weights
   /usr/local/lib/python3.12/dist-packages/vllm/model_executor/model_loader/reload/torchao_decorator.py:50 patched_model_load_weights
   /usr/local/lib/python3.12/dist-packages/vllm/model_executor/models/utils.py:444 load_weights
   /usr/local/lib/python3.12/dist-packages/vllm/model_executor/models/utils.py:382 _load_module
   /usr/local/lib/python3.12/dist-packages/vllm/model_executor/models/utils.py:359 _load_module
   /usr/local/lib/python3.12/dist-packages/vllm/models/deepseek_v4_1/nvidia/model.py:769 load_weights
   /usr/local/lib/python3.12/dist-packages/cuda_exl3/moe.py:83 _exl3_moe_weight_loader
   /usr/local/lib/python3.12/dist-packages/cuda_exl3/moe.py:347 _place
=== 17:34:05 anon 2.9 file 4.3 shmem 4.7 GiB
   /usr/local/lib/python3.12/dist-packages/vllm/model_executor/models/utils.py:382 _load_module
   /usr/local/lib/python3.12/dist-packages/vllm/model_executor/models/utils.py:359 _load_module
   /usr/local/lib/python3.12/dist-packages/vllm/models/deepseek_v4_1/nvidia/model.py:715 load_weights
   /usr/local/lib/python3.12/dist-packages/vllm/model_executor/models/utils.py:261 <genexpr>
   /usr/local/lib/python3.12/dist-packages/vllm/model_executor/models/utils.py:251 <genexpr>
   /usr/local/lib/python3.12/dist-packages/vllm/model_executor/models/utils.py:451 _filter_skipped
   /usr/local/lib/python3.12/dist-packages/vllm/model_executor/models/utils.py:140 apply
   /usr/local/lib/python3.12/dist-packages/vllm/model_executor/models/utils.py:261 <genexpr>
   /usr/local/lib/python3.12/dist-packages/vllm/model_executor/models/utils.py:251 <genexpr>
   /usr/local/lib/python3.12/dist-packages/vllm/model_executor/models/utils.py:451 _filter_skipped
   /usr/local/lib/python3.12/dist-packages/vllm/model_executor/models/utils.py:140 apply
   /usr/local/lib/python3.12/dist-packages/vllm/models/deepseek_v4_1/nvidia/vl_model.py:353 _language_model_first
   /usr/local/lib/python3.12/dist-packages/vllm/model_executor/models/utils.py:141 apply
   /usr/local/lib/python3.12/dist-packages/vllm/model_executor/models/utils.py:102 _map_name_with_shard
=== 17:34:10 anon 2.3 file 0.7 shmem 4.7 GiB
   /usr/local/lib/python3.12/dist-packages/vllm/tracing/otel.py:178 sync_wrapper
   /usr/local/lib/python3.12/dist-packages/vllm/model_executor/model_loader/default_loader.py:427 load_weights
   /usr/local/lib/python3.12/dist-packages/vllm/models/deepseek_v4_1/nvidia/vl_model.py:360 load_weights
   /usr/local/lib/python3.12/dist-packages/vllm/model_executor/model_loader/reload/torchao_decorator.py:50 patched_model_load_weights
   /usr/local/lib/python3.12/dist-packages/vllm/model_executor/models/utils.py:444 load_weights
   /usr/local/lib/python3.12/dist-packages/vllm/model_executor/models/utils.py:382 _load_module
   /usr/local/lib/python3.12/dist-packages/vllm/model_executor/models/utils.py:359 _load_module
   /usr/local/lib/python3.12/dist-packages/vllm/models/deepseek_v4_1/nvidia/model.py:1102 load_weights
   /usr/local/lib/python3.12/dist-packages/vllm/model_executor/model_loader/reload/torchao_decorator.py:50 patched_model_load_weights
   /usr/local/lib/python3.12/dist-packages/vllm/model_executor/models/utils.py:444 load_weights
   /usr/local/lib/python3.12/dist-packages/vllm/model_executor/models/utils.py:382 _load_module
   /usr/local/lib/python3.12/dist-packages/vllm/model_executor/models/utils.py:359 _load_module
   /usr/local/lib/python3.12/dist-packages/vllm/models/deepseek_v4_1/nvidia/model.py:804 load_weights
   /usr/local/lib/python3.12/dist-packages/vllm/model_executor/layers/linear.py:400 weight_loader
=== 17:34:15 anon 2.4 file 0.7 shmem 4.8 GiB
   /usr/lib/python3.12/multiprocessing/spawn.py:135 _main
   /usr/lib/python3.12/multiprocessing/process.py:314 _bootstrap
   /usr/lib/python3.12/multiprocessing/process.py:108 run
   /usr/local/lib/python3.12/dist-packages/vllm/v1/executor/multiproc_executor.py:911 worker_main
   /usr/local/lib/python3.12/dist-packages/vllm/tracing/otel.py:178 sync_wrapper
   /usr/local/lib/python3.12/dist-packages/vllm/v1/executor/multiproc_executor.py:698 __init__
   /usr/local/lib/python3.12/dist-packages/vllm/v1/executor/multiproc_executor.py:621 _init_message_queues
   /usr/local/lib/python3.12/dist-packages/vllm/distributed/parallel_state.py:612 create_mq_broadcaster
   /usr/local/lib/python3.12/dist-packages/vllm/distributed/device_communicators/shm_broadcast.py:1021 create_from_process_group
   /usr/local/lib/python3.12/dist-packages/vllm/distributed/parallel_state.py:2384 in_the_same_node_as
   /usr/local/lib/python3.12/dist-packages/torch/distributed/c10d_logger.py:83 wrapper
   /usr/local/lib/python3.12/dist-packages/torch/distributed/distributed_c10d.py:4026 broadcast_object_list
   /usr/local/lib/python3.12/dist-packages/torch/distributed/c10d_logger.py:83 wrapper
   /usr/local/lib/python3.12/dist-packages/torch/distributed/distributed_c10d.py:3151 broadcast
=== 17:34:20 anon 1.9 file 0.7 shmem 4.8 GiB
   /usr/lib/python3.12/multiprocessing/spawn.py:135 _main
   /usr/lib/python3.12/multiprocessing/process.py:314 _bootstrap
   /usr/lib/python3.12/multiprocessing/process.py:108 run
   /usr/local/lib/python3.12/dist-packages/vllm/v1/executor/multiproc_executor.py:911 worker_main
   /usr/local/lib/python3.12/dist-packages/vllm/tracing/otel.py:178 sync_wrapper
   /usr/local/lib/python3.12/dist-packages/vllm/v1/executor/multiproc_executor.py:698 __init__
   /usr/local/lib/python3.12/dist-packages/vllm/v1/executor/multiproc_executor.py:621 _init_message_queues
   /usr/local/lib/python3.12/dist-packages/vllm/distributed/parallel_state.py:612 create_mq_broadcaster
   /usr/local/lib/python3.12/dist-packages/vllm/distributed/device_communicators/shm_broadcast.py:1021 create_from_process_group
   /usr/local/lib/python3.12/dist-packages/vllm/distributed/parallel_state.py:2384 in_the_same_node_as
   /usr/local/lib/python3.12/dist-packages/torch/distributed/c10d_logger.py:83 wrapper
   /usr/local/lib/python3.12/dist-packages/torch/distributed/distributed_c10d.py:4026 broadcast_object_list
   /usr/local/lib/python3.12/dist-packages/torch/distributed/c10d_logger.py:83 wrapper
   /usr/local/lib/python3.12/dist-packages/torch/distributed/distributed_c10d.py:3151 broadcast
=== 17:34:25 anon 1.9 file 0.7 shmem 4.8 GiB
   /usr/lib/python3.12/multiprocessing/spawn.py:135 _main
   /usr/lib/python3.12/multiprocessing/process.py:314 _bootstrap
   /usr/lib/python3.12/multiprocessing/process.py:108 run
   /usr/local/lib/python3.12/dist-packages/vllm/v1/executor/multiproc_executor.py:911 worker_main
   /usr/local/lib/python3.12/dist-packages/vllm/tracing/otel.py:178 sync_wrapper
   /usr/local/lib/python3.12/dist-packages/vllm/v1/executor/multiproc_executor.py:698 __init__
   /usr/local/lib/python3.12/dist-packages/vllm/v1/executor/multiproc_executor.py:621 _init_message_queues
   /usr/local/lib/python3.12/dist-packages/vllm/distributed/parallel_state.py:612 create_mq_broadcaster
   /usr/local/lib/python3.12/dist-packages/vllm/distributed/device_communicators/shm_broadcast.py:1021 create_from_process_group
   /usr/local/lib/python3.12/dist-packages/vllm/distributed/parallel_state.py:2384 in_the_same_node_as
   /usr/local/lib/python3.12/dist-packages/torch/distributed/c10d_logger.py:83 wrapper
   /usr/local/lib/python3.12/dist-packages/torch/distributed/distributed_c10d.py:4026 broadcast_object_list
   /usr/local/lib/python3.12/dist-packages/torch/distributed/c10d_logger.py:83 wrapper
   /usr/local/lib/python3.12/dist-packages/torch/distributed/distributed_c10d.py:3151 broadcast
=== 17:34:30 anon 1.9 file 0.7 shmem 4.8 GiB
   /usr/lib/python3.12/multiprocessing/spawn.py:135 _main
   /usr/lib/python3.12/multiprocessing/process.py:314 _bootstrap
   /usr/lib/python3.12/multiprocessing/process.py:108 run
   /usr/local/lib/python3.12/dist-packages/vllm/v1/executor/multiproc_executor.py:911 worker_main
   /usr/local/lib/python3.12/dist-packages/vllm/tracing/otel.py:178 sync_wrapper
   /usr/local/lib/python3.12/dist-packages/vllm/v1/executor/multiproc_executor.py:698 __init__
   /usr/local/lib/python3.12/dist-packages/vllm/v1/executor/multiproc_executor.py:621 _init_message_queues
   /usr/local/lib/python3.12/dist-packages/vllm/distributed/parallel_state.py:612 create_mq_broadcaster
   /usr/local/lib/python3.12/dist-packages/vllm/distributed/device_communicators/shm_broadcast.py:1021 create_from_process_group
   /usr/local/lib/python3.12/dist-packages/vllm/distributed/parallel_state.py:2384 in_the_same_node_as
   /usr/local/lib/python3.12/dist-packages/torch/distributed/c10d_logger.py:83 wrapper
   /usr/local/lib/python3.12/dist-packages/torch/distributed/distributed_c10d.py:4026 broadcast_object_list
   /usr/local/lib/python3.12/dist-packages/torch/distributed/c10d_logger.py:83 wrapper
   /usr/local/lib/python3.12/dist-packages/torch/distributed/distributed_c10d.py:3151 broadcast
=== 17:34:35 anon 1.9 file 0.7 shmem 4.8 GiB
   /usr/lib/python3.12/multiprocessing/spawn.py:135 _main
   /usr/lib/python3.12/multiprocessing/process.py:314 _bootstrap
   /usr/lib/python3.12/multiprocessing/process.py:108 run
   /usr/local/lib/python3.12/dist-packages/vllm/v1/executor/multiproc_executor.py:911 worker_main
   /usr/local/lib/python3.12/dist-packages/vllm/tracing/otel.py:178 sync_wrapper
   /usr/local/lib/python3.12/dist-packages/vllm/v1/executor/multiproc_executor.py:698 __init__
   /usr/local/lib/python3.12/dist-packages/vllm/v1/executor/multiproc_executor.py:621 _init_message_queues
   /usr/local/lib/python3.12/dist-packages/vllm/distributed/parallel_state.py:612 create_mq_broadcaster
   /usr/local/lib/python3.12/dist-packages/vllm/distributed/device_communicators/shm_broadcast.py:1021 create_from_process_group
   /usr/local/lib/python3.12/dist-packages/vllm/distributed/parallel_state.py:2384 in_the_same_node_as
   /usr/local/lib/python3.12/dist-packages/torch/distributed/c10d_logger.py:83 wrapper
   /usr/local/lib/python3.12/dist-packages/torch/distributed/distributed_c10d.py:4026 broadcast_object_list
   /usr/local/lib/python3.12/dist-packages/torch/distributed/c10d_logger.py:83 wrapper
   /usr/local/lib/python3.12/dist-packages/torch/distributed/distributed_c10d.py:3151 broadcast
=== 17:34:40 anon 1.9 file 0.7 shmem 4.8 GiB
   /usr/lib/python3.12/multiprocessing/spawn.py:135 _main
   /usr/lib/python3.12/multiprocessing/process.py:314 _bootstrap
   /usr/lib/python3.12/multiprocessing/process.py:108 run
   /usr/local/lib/python3.12/dist-packages/vllm/v1/executor/multiproc_executor.py:911 worker_main
   /usr/local/lib/python3.12/dist-packages/vllm/tracing/otel.py:178 sync_wrapper
   /usr/local/lib/python3.12/dist-packages/vllm/v1/executor/multiproc_executor.py:698 __init__
   /usr/local/lib/python3.12/dist-packages/vllm/v1/executor/multiproc_executor.py:621 _init_message_queues
   /usr/local/lib/python3.12/dist-packages/vllm/distributed/parallel_state.py:612 create_mq_broadcaster
   /usr/local/lib/python3.12/dist-packages/vllm/distributed/device_communicators/shm_broadcast.py:1021 create_from_process_group
   /usr/local/lib/python3.12/dist-packages/vllm/distributed/parallel_state.py:2384 in_the_same_node_as
   /usr/local/lib/python3.12/dist-packages/torch/distributed/c10d_logger.py:83 wrapper
   /usr/local/lib/python3.12/dist-packages/torch/distributed/distributed_c10d.py:4026 broadcast_object_list
   /usr/local/lib/python3.12/dist-packages/torch/distributed/c10d_logger.py:83 wrapper
   /usr/local/lib/python3.12/dist-packages/torch/distributed/distributed_c10d.py:3151 broadcast
=== 17:34:45 anon 1.9 file 0.7 shmem 4.8 GiB
   /usr/lib/python3.12/multiprocessing/spawn.py:135 _main
   /usr/lib/python3.12/multiprocessing/process.py:314 _bootstrap
   /usr/lib/python3.12/multiprocessing/process.py:108 run
   /usr/local/lib/python3.12/dist-packages/vllm/v1/executor/multiproc_executor.py:911 worker_main
   /usr/local/lib/python3.12/dist-packages/vllm/tracing/otel.py:178 sync_wrapper
   /usr/local/lib/python3.12/dist-packages/vllm/v1/executor/multiproc_executor.py:698 __init__
   /usr/local/lib/python3.12/dist-packages/vllm/v1/executor/multiproc_executor.py:621 _init_message_queues
   /usr/local/lib/python3.12/dist-packages/vllm/distributed/parallel_state.py:612 create_mq_broadcaster
   /usr/local/lib/python3.12/dist-packages/vllm/distributed/device_communicators/shm_broadcast.py:1021 create_from_process_group
   /usr/local/lib/python3.12/dist-packages/vllm/distributed/parallel_state.py:2384 in_the_same_node_as
   /usr/local/lib/python3.12/dist-packages/torch/distributed/c10d_logger.py:83 wrapper
   /usr/local/lib/python3.12/dist-packages/torch/distributed/distributed_c10d.py:4026 broadcast_object_list
   /usr/local/lib/python3.12/dist-packages/torch/distributed/c10d_logger.py:83 wrapper
   /usr/local/lib/python3.12/dist-packages/torch/distributed/distributed_c10d.py:3151 broadcast
=== 17:34:50 anon 1.9 file 0.7 shmem 4.8 GiB
   /usr/lib/python3.12/multiprocessing/spawn.py:135 _main
   /usr/lib/python3.12/multiprocessing/process.py:314 _bootstrap
   /usr/lib/python3.12/multiprocessing/process.py:108 run
   /usr/local/lib/python3.12/dist-packages/vllm/v1/executor/multiproc_executor.py:911 worker_main
   /usr/local/lib/python3.12/dist-packages/vllm/tracing/otel.py:178 sync_wrapper
   /usr/local/lib/python3.12/dist-packages/vllm/v1/executor/multiproc_executor.py:698 __init__
   /usr/local/lib/python3.12/dist-packages/vllm/v1/executor/multiproc_executor.py:621 _init_message_queues
   /usr/local/lib/python3.12/dist-packages/vllm/distributed/parallel_state.py:612 create_mq_broadcaster
   /usr/local/lib/python3.12/dist-packages/vllm/distributed/device_communicators/shm_broadcast.py:1021 create_from_process_group
   /usr/local/lib/python3.12/dist-packages/vllm/distributed/parallel_state.py:2384 in_the_same_node_as
   /usr/local/lib/python3.12/dist-packages/torch/distributed/c10d_logger.py:83 wrapper
   /usr/local/lib/python3.12/dist-packages/torch/distributed/distributed_c10d.py:4026 broadcast_object_list
   /usr/local/lib/python3.12/dist-packages/torch/distributed/c10d_logger.py:83 wrapper
   /usr/local/lib/python3.12/dist-packages/torch/distributed/distributed_c10d.py:3151 broadcast
=== 17:34:55 anon 1.9 file 0.7 shmem 4.8 GiB
   /usr/lib/python3.12/multiprocessing/spawn.py:135 _main
   /usr/lib/python3.12/multiprocessing/process.py:314 _bootstrap
   /usr/lib/python3.12/multiprocessing/process.py:108 run
   /usr/local/lib/python3.12/dist-packages/vllm/v1/executor/multiproc_executor.py:911 worker_main
   /usr/local/lib/python3.12/dist-packages/vllm/tracing/otel.py:178 sync_wrapper
   /usr/local/lib/python3.12/dist-packages/vllm/v1/executor/multiproc_executor.py:698 __init__
   /usr/local/lib/python3.12/dist-packages/vllm/v1/executor/multiproc_executor.py:621 _init_message_queues
   /usr/local/lib/python3.12/dist-packages/vllm/distributed/parallel_state.py:612 create_mq_broadcaster
   /usr/local/lib/python3.12/dist-packages/vllm/distributed/device_communicators/shm_broadcast.py:1021 create_from_process_group
   /usr/local/lib/python3.12/dist-packages/vllm/distributed/parallel_state.py:2384 in_the_same_node_as
   /usr/local/lib/python3.12/dist-packages/torch/distributed/c10d_logger.py:83 wrapper
   /usr/local/lib/python3.12/dist-packages/torch/distributed/distributed_c10d.py:4026 broadcast_object_list
   /usr/local/lib/python3.12/dist-packages/torch/distributed/c10d_logger.py:83 wrapper
   /usr/local/lib/python3.12/dist-packages/torch/distributed/distributed_c10d.py:3151 broadcast
=== 17:35:00 anon 1.9 file 0.7 shmem 4.8 GiB
   /usr/lib/python3.12/multiprocessing/spawn.py:135 _main
   /usr/lib/python3.12/multiprocessing/process.py:314 _bootstrap
   /usr/lib/python3.12/multiprocessing/process.py:108 run
   /usr/local/lib/python3.12/dist-packages/vllm/v1/executor/multiproc_executor.py:911 worker_main
   /usr/local/lib/python3.12/dist-packages/vllm/tracing/otel.py:178 sync_wrapper
   /usr/local/lib/python3.12/dist-packages/vllm/v1/executor/multiproc_executor.py:698 __init__
   /usr/local/lib/python3.12/dist-packages/vllm/v1/executor/multiproc_executor.py:621 _init_message_queues
   /usr/local/lib/python3.12/dist-packages/vllm/distributed/parallel_state.py:612 create_mq_broadcaster
   /usr/local/lib/python3.12/dist-packages/vllm/distributed/device_communicators/shm_broadcast.py:1021 create_from_process_group
   /usr/local/lib/python3.12/dist-packages/vllm/distributed/parallel_state.py:2384 in_the_same_node_as
   /usr/local/lib/python3.12/dist-packages/torch/distributed/c10d_logger.py:83 wrapper
   /usr/local/lib/python3.12/dist-packages/torch/distributed/distributed_c10d.py:4026 broadcast_object_list
   /usr/local/lib/python3.12/dist-packages/torch/distributed/c10d_logger.py:83 wrapper
   /usr/local/lib/python3.12/dist-packages/torch/distributed/distributed_c10d.py:3151 broadcast
=== 17:35:05 anon 1.9 file 0.7 shmem 4.8 GiB
   /usr/lib/python3.12/multiprocessing/spawn.py:135 _main
   /usr/lib/python3.12/multiprocessing/process.py:314 _bootstrap
   /usr/lib/python3.12/multiprocessing/process.py:108 run
   /usr/local/lib/python3.12/dist-packages/vllm/v1/executor/multiproc_executor.py:911 worker_main
   /usr/local/lib/python3.12/dist-packages/vllm/tracing/otel.py:178 sync_wrapper
   /usr/local/lib/python3.12/dist-packages/vllm/v1/executor/multiproc_executor.py:698 __init__
   /usr/local/lib/python3.12/dist-packages/vllm/v1/executor/multiproc_executor.py:621 _init_message_queues
   /usr/local/lib/python3.12/dist-packages/vllm/distributed/parallel_state.py:612 create_mq_broadcaster
   /usr/local/lib/python3.12/dist-packages/vllm/distributed/device_communicators/shm_broadcast.py:1021 create_from_process_group
   /usr/local/lib/python3.12/dist-packages/vllm/distributed/parallel_state.py:2384 in_the_same_node_as
   /usr/local/lib/python3.12/dist-packages/torch/distributed/c10d_logger.py:83 wrapper
   /usr/local/lib/python3.12/dist-packages/torch/distributed/distributed_c10d.py:4026 broadcast_object_list
   /usr/local/lib/python3.12/dist-packages/torch/distributed/c10d_logger.py:83 wrapper
   /usr/local/lib/python3.12/dist-packages/torch/distributed/distributed_c10d.py:3151 broadcast
=== 17:35:10 anon 1.9 file 0.7 shmem 4.8 GiB
   /usr/lib/python3.12/multiprocessing/spawn.py:135 _main
   /usr/lib/python3.12/multiprocessing/process.py:314 _bootstrap
   /usr/lib/python3.12/multiprocessing/process.py:108 run
   /usr/local/lib/python3.12/dist-packages/vllm/v1/executor/multiproc_executor.py:911 worker_main
   /usr/local/lib/python3.12/dist-packages/vllm/tracing/otel.py:178 sync_wrapper
   /usr/local/lib/python3.12/dist-packages/vllm/v1/executor/multiproc_executor.py:698 __init__
   /usr/local/lib/python3.12/dist-packages/vllm/v1/executor/multiproc_executor.py:621 _init_message_queues
   /usr/local/lib/python3.12/dist-packages/vllm/distributed/parallel_state.py:612 create_mq_broadcaster
   /usr/local/lib/python3.12/dist-packages/vllm/distributed/device_communicators/shm_broadcast.py:1021 create_from_process_group
   /usr/local/lib/python3.12/dist-packages/vllm/distributed/parallel_state.py:2384 in_the_same_node_as
   /usr/local/lib/python3.12/dist-packages/torch/distributed/c10d_logger.py:83 wrapper
   /usr/local/lib/python3.12/dist-packages/torch/distributed/distributed_c10d.py:4026 broadcast_object_list
   /usr/local/lib/python3.12/dist-packages/torch/distributed/c10d_logger.py:83 wrapper
   /usr/local/lib/python3.12/dist-packages/torch/distributed/distributed_c10d.py:3151 broadcast
=== 17:35:15 anon 1.9 file 0.7 shmem 4.8 GiB
   /usr/lib/python3.12/multiprocessing/spawn.py:135 _main
   /usr/lib/python3.12/multiprocessing/process.py:314 _bootstrap
   /usr/lib/python3.12/multiprocessing/process.py:108 run
   /usr/local/lib/python3.12/dist-packages/vllm/v1/executor/multiproc_executor.py:911 worker_main
   /usr/local/lib/python3.12/dist-packages/vllm/tracing/otel.py:178 sync_wrapper
   /usr/local/lib/python3.12/dist-packages/vllm/v1/executor/multiproc_executor.py:698 __init__
   /usr/local/lib/python3.12/dist-packages/vllm/v1/executor/multiproc_executor.py:621 _init_message_queues
   /usr/local/lib/python3.12/dist-packages/vllm/distributed/parallel_state.py:612 create_mq_broadcaster
   /usr/local/lib/python3.12/dist-packages/vllm/distributed/device_communicators/shm_broadcast.py:1021 create_from_process_group
   /usr/local/lib/python3.12/dist-packages/vllm/distributed/parallel_state.py:2384 in_the_same_node_as
   /usr/local/lib/python3.12/dist-packages/torch/distributed/c10d_logger.py:83 wrapper
   /usr/local/lib/python3.12/dist-packages/torch/distributed/distributed_c10d.py:4026 broadcast_object_list
   /usr/local/lib/python3.12/dist-packages/torch/distributed/c10d_logger.py:83 wrapper
   /usr/local/lib/python3.12/dist-packages/torch/distributed/distributed_c10d.py:3151 broadcast
=== 17:35:20 anon 1.9 file 0.7 shmem 4.8 GiB
   /usr/lib/python3.12/multiprocessing/spawn.py:135 _main
   /usr/lib/python3.12/multiprocessing/process.py:314 _bootstrap
   /usr/lib/python3.12/multiprocessing/process.py:108 run
   /usr/local/lib/python3.12/dist-packages/vllm/v1/executor/multiproc_executor.py:911 worker_main
   /usr/local/lib/python3.12/dist-packages/vllm/tracing/otel.py:178 sync_wrapper
   /usr/local/lib/python3.12/dist-packages/vllm/v1/executor/multiproc_executor.py:698 __init__
   /usr/local/lib/python3.12/dist-packages/vllm/v1/executor/multiproc_executor.py:621 _init_message_queues
   /usr/local/lib/python3.12/dist-packages/vllm/distributed/parallel_state.py:612 create_mq_broadcaster
   /usr/local/lib/python3.12/dist-packages/vllm/distributed/device_communicators/shm_broadcast.py:1021 create_from_process_group
   /usr/local/lib/python3.12/dist-packages/vllm/distributed/parallel_state.py:2384 in_the_same_node_as
   /usr/local/lib/python3.12/dist-packages/torch/distributed/c10d_logger.py:83 wrapper
   /usr/local/lib/python3.12/dist-packages/torch/distributed/distributed_c10d.py:4026 broadcast_object_list
   /usr/local/lib/python3.12/dist-packages/torch/distributed/c10d_logger.py:83 wrapper
   /usr/local/lib/python3.12/dist-packages/torch/distributed/distributed_c10d.py:3151 broadcast
=== 17:35:25 anon 1.9 file 0.7 shmem 4.8 GiB
   /usr/lib/python3.12/multiprocessing/spawn.py:135 _main
   /usr/lib/python3.12/multiprocessing/process.py:314 _bootstrap
   /usr/lib/python3.12/multiprocessing/process.py:108 run
   /usr/local/lib/python3.12/dist-packages/vllm/v1/executor/multiproc_executor.py:911 worker_main
   /usr/local/lib/python3.12/dist-packages/vllm/tracing/otel.py:178 sync_wrapper
   /usr/local/lib/python3.12/dist-packages/vllm/v1/executor/multiproc_executor.py:698 __init__
   /usr/local/lib/python3.12/dist-packages/vllm/v1/executor/multiproc_executor.py:621 _init_message_queues
   /usr/local/lib/python3.12/dist-packages/vllm/distributed/parallel_state.py:612 create_mq_broadcaster
   /usr/local/lib/python3.12/dist-packages/vllm/distributed/device_communicators/shm_broadcast.py:1021 create_from_process_group
   /usr/local/lib/python3.12/dist-packages/vllm/distributed/parallel_state.py:2384 in_the_same_node_as
   /usr/local/lib/python3.12/dist-packages/torch/distributed/c10d_logger.py:83 wrapper
   /usr/local/lib/python3.12/dist-packages/torch/distributed/distributed_c10d.py:4026 broadcast_object_list
   /usr/local/lib/python3.12/dist-packages/torch/distributed/c10d_logger.py:83 wrapper
   /usr/local/lib/python3.12/dist-packages/torch/distributed/distributed_c10d.py:3151 broadcast
=== 17:35:30 anon 1.9 file 0.7 shmem 4.8 GiB
   /usr/lib/python3.12/multiprocessing/spawn.py:135 _main
   /usr/lib/python3.12/multiprocessing/process.py:314 _bootstrap
   /usr/lib/python3.12/multiprocessing/process.py:108 run
   /usr/local/lib/python3.12/dist-packages/vllm/v1/executor/multiproc_executor.py:911 worker_main
   /usr/local/lib/python3.12/dist-packages/vllm/tracing/otel.py:178 sync_wrapper
   /usr/local/lib/python3.12/dist-packages/vllm/v1/executor/multiproc_executor.py:698 __init__
   /usr/local/lib/python3.12/dist-packages/vllm/v1/executor/multiproc_executor.py:621 _init_message_queues
   /usr/local/lib/python3.12/dist-packages/vllm/distributed/parallel_state.py:612 create_mq_broadcaster
   /usr/local/lib/python3.12/dist-packages/vllm/distributed/device_communicators/shm_broadcast.py:1021 create_from_process_group
   /usr/local/lib/python3.12/dist-packages/vllm/distributed/parallel_state.py:2384 in_the_same_node_as
   /usr/local/lib/python3.12/dist-packages/torch/distributed/c10d_logger.py:83 wrapper
   /usr/local/lib/python3.12/dist-packages/torch/distributed/distributed_c10d.py:4026 broadcast_object_list
   /usr/local/lib/python3.12/dist-packages/torch/distributed/c10d_logger.py:83 wrapper
   /usr/local/lib/python3.12/dist-packages/torch/distributed/distributed_c10d.py:3151 broadcast
=== 17:35:35 anon 1.9 file 0.7 shmem 4.8 GiB
   /usr/lib/python3.12/multiprocessing/spawn.py:135 _main
   /usr/lib/python3.12/multiprocessing/process.py:314 _bootstrap
   /usr/lib/python3.12/multiprocessing/process.py:108 run
   /usr/local/lib/python3.12/dist-packages/vllm/v1/executor/multiproc_executor.py:911 worker_main
   /usr/local/lib/python3.12/dist-packages/vllm/tracing/otel.py:178 sync_wrapper
   /usr/local/lib/python3.12/dist-packages/vllm/v1/executor/multiproc_executor.py:698 __init__
   /usr/local/lib/python3.12/dist-packages/vllm/v1/executor/multiproc_executor.py:621 _init_message_queues
   /usr/local/lib/python3.12/dist-packages/vllm/distributed/parallel_state.py:612 create_mq_broadcaster
   /usr/local/lib/python3.12/dist-packages/vllm/distributed/device_communicators/shm_broadcast.py:1021 create_from_process_group
   /usr/local/lib/python3.12/dist-packages/vllm/distributed/parallel_state.py:2384 in_the_same_node_as
   /usr/local/lib/python3.12/dist-packages/torch/distributed/c10d_logger.py:83 wrapper
   /usr/local/lib/python3.12/dist-packages/torch/distributed/distributed_c10d.py:4026 broadcast_object_list
   /usr/local/lib/python3.12/dist-packages/torch/distributed/c10d_logger.py:83 wrapper
   /usr/local/lib/python3.12/dist-packages/torch/distributed/distributed_c10d.py:3151 broadcast
=== 17:35:40 anon 1.9 file 0.7 shmem 4.8 GiB
   /usr/lib/python3.12/multiprocessing/spawn.py:135 _main
   /usr/lib/python3.12/multiprocessing/process.py:314 _bootstrap
   /usr/lib/python3.12/multiprocessing/process.py:108 run
   /usr/local/lib/python3.12/dist-packages/vllm/v1/executor/multiproc_executor.py:911 worker_main
   /usr/local/lib/python3.12/dist-packages/vllm/tracing/otel.py:178 sync_wrapper
   /usr/local/lib/python3.12/dist-packages/vllm/v1/executor/multiproc_executor.py:698 __init__
   /usr/local/lib/python3.12/dist-packages/vllm/v1/executor/multiproc_executor.py:621 _init_message_queues
   /usr/local/lib/python3.12/dist-packages/vllm/distributed/parallel_state.py:612 create_mq_broadcaster
   /usr/local/lib/python3.12/dist-packages/vllm/distributed/device_communicators/shm_broadcast.py:1021 create_from_process_group
   /usr/local/lib/python3.12/dist-packages/vllm/distributed/parallel_state.py:2384 in_the_same_node_as
   /usr/local/lib/python3.12/dist-packages/torch/distributed/c10d_logger.py:83 wrapper
   /usr/local/lib/python3.12/dist-packages/torch/distributed/distributed_c10d.py:4026 broadcast_object_list
   /usr/local/lib/python3.12/dist-packages/torch/distributed/c10d_logger.py:83 wrapper
   /usr/local/lib/python3.12/dist-packages/torch/distributed/distributed_c10d.py:3151 broadcast
=== 17:35:45 anon 1.9 file 0.7 shmem 4.8 GiB
   /usr/lib/python3.12/multiprocessing/spawn.py:135 _main
   /usr/lib/python3.12/multiprocessing/process.py:314 _bootstrap
   /usr/lib/python3.12/multiprocessing/process.py:108 run
   /usr/local/lib/python3.12/dist-packages/vllm/v1/executor/multiproc_executor.py:911 worker_main
   /usr/local/lib/python3.12/dist-packages/vllm/tracing/otel.py:178 sync_wrapper
   /usr/local/lib/python3.12/dist-packages/vllm/v1/executor/multiproc_executor.py:698 __init__
   /usr/local/lib/python3.12/dist-packages/vllm/v1/executor/multiproc_executor.py:621 _init_message_queues
   /usr/local/lib/python3.12/dist-packages/vllm/distributed/parallel_state.py:612 create_mq_broadcaster
   /usr/local/lib/python3.12/dist-packages/vllm/distributed/device_communicators/shm_broadcast.py:1021 create_from_process_group
   /usr/local/lib/python3.12/dist-packages/vllm/distributed/parallel_state.py:2384 in_the_same_node_as
   /usr/local/lib/python3.12/dist-packages/torch/distributed/c10d_logger.py:83 wrapper
   /usr/local/lib/python3.12/dist-packages/torch/distributed/distributed_c10d.py:4026 broadcast_object_list
   /usr/local/lib/python3.12/dist-packages/torch/distributed/c10d_logger.py:83 wrapper
   /usr/local/lib/python3.12/dist-packages/torch/distributed/distributed_c10d.py:3151 broadcast
=== 17:35:50 anon 1.9 file 0.7 shmem 4.8 GiB
   /usr/lib/python3.12/multiprocessing/spawn.py:135 _main
   /usr/lib/python3.12/multiprocessing/process.py:314 _bootstrap
   /usr/lib/python3.12/multiprocessing/process.py:108 run
   /usr/local/lib/python3.12/dist-packages/vllm/v1/executor/multiproc_executor.py:911 worker_main
   /usr/local/lib/python3.12/dist-packages/vllm/tracing/otel.py:178 sync_wrapper
   /usr/local/lib/python3.12/dist-packages/vllm/v1/executor/multiproc_executor.py:698 __init__
   /usr/local/lib/python3.12/dist-packages/vllm/v1/executor/multiproc_executor.py:621 _init_message_queues
   /usr/local/lib/python3.12/dist-packages/vllm/distributed/parallel_state.py:612 create_mq_broadcaster
   /usr/local/lib/python3.12/dist-packages/vllm/distributed/device_communicators/shm_broadcast.py:1021 create_from_process_group
   /usr/local/lib/python3.12/dist-packages/vllm/distributed/parallel_state.py:2384 in_the_same_node_as
   /usr/local/lib/python3.12/dist-packages/torch/distributed/c10d_logger.py:83 wrapper
   /usr/local/lib/python3.12/dist-packages/torch/distributed/distributed_c10d.py:4026 broadcast_object_list
   /usr/local/lib/python3.12/dist-packages/torch/distributed/c10d_logger.py:83 wrapper
   /usr/local/lib/python3.12/dist-packages/torch/distributed/distributed_c10d.py:3151 broadcast
=== 17:35:55 anon 1.9 file 0.7 shmem 4.8 GiB
   /usr/lib/python3.12/multiprocessing/spawn.py:135 _main
   /usr/lib/python3.12/multiprocessing/process.py:314 _bootstrap
   /usr/lib/python3.12/multiprocessing/process.py:108 run
   /usr/local/lib/python3.12/dist-packages/vllm/v1/executor/multiproc_executor.py:911 worker_main
   /usr/local/lib/python3.12/dist-packages/vllm/tracing/otel.py:178 sync_wrapper
   /usr/local/lib/python3.12/dist-packages/vllm/v1/executor/multiproc_executor.py:698 __init__
   /usr/local/lib/python3.12/dist-packages/vllm/v1/executor/multiproc_executor.py:621 _init_message_queues
   /usr/local/lib/python3.12/dist-packages/vllm/distributed/parallel_state.py:612 create_mq_broadcaster
   /usr/local/lib/python3.12/dist-packages/vllm/distributed/device_communicators/shm_broadcast.py:1021 create_from_process_group
   /usr/local/lib/python3.12/dist-packages/vllm/distributed/parallel_state.py:2384 in_the_same_node_as
   /usr/local/lib/python3.12/dist-packages/torch/distributed/c10d_logger.py:83 wrapper
   /usr/local/lib/python3.12/dist-packages/torch/distributed/distributed_c10d.py:4026 broadcast_object_list
   /usr/local/lib/python3.12/dist-packages/torch/distributed/c10d_logger.py:83 wrapper
   /usr/local/lib/python3.12/dist-packages/torch/distributed/distributed_c10d.py:3151 broadcast
=== 17:36:00 anon 1.9 file 0.7 shmem 4.8 GiB
   /usr/lib/python3.12/multiprocessing/spawn.py:135 _main
   /usr/lib/python3.12/multiprocessing/process.py:314 _bootstrap
   /usr/lib/python3.12/multiprocessing/process.py:108 run
   /usr/local/lib/python3.12/dist-packages/vllm/v1/executor/multiproc_executor.py:911 worker_main
   /usr/local/lib/python3.12/dist-packages/vllm/tracing/otel.py:178 sync_wrapper
   /usr/local/lib/python3.12/dist-packages/vllm/v1/executor/multiproc_executor.py:698 __init__
   /usr/local/lib/python3.12/dist-packages/vllm/v1/executor/multiproc_executor.py:621 _init_message_queues
   /usr/local/lib/python3.12/dist-packages/vllm/distributed/parallel_state.py:612 create_mq_broadcaster
   /usr/local/lib/python3.12/dist-packages/vllm/distributed/device_communicators/shm_broadcast.py:1021 create_from_process_group
   /usr/local/lib/python3.12/dist-packages/vllm/distributed/parallel_state.py:2384 in_the_same_node_as
   /usr/local/lib/python3.12/dist-packages/torch/distributed/c10d_logger.py:83 wrapper
   /usr/local/lib/python3.12/dist-packages/torch/distributed/distributed_c10d.py:4026 broadcast_object_list
   /usr/local/lib/python3.12/dist-packages/torch/distributed/c10d_logger.py:83 wrapper
   /usr/local/lib/python3.12/dist-packages/torch/distributed/distributed_c10d.py:3151 broadcast
=== 17:36:05 anon 1.9 file 0.7 shmem 4.8 GiB
   /usr/lib/python3.12/multiprocessing/spawn.py:135 _main
   /usr/lib/python3.12/multiprocessing/process.py:314 _bootstrap
   /usr/lib/python3.12/multiprocessing/process.py:108 run
   /usr/local/lib/python3.12/dist-packages/vllm/v1/executor/multiproc_executor.py:911 worker_main
   /usr/local/lib/python3.12/dist-packages/vllm/tracing/otel.py:178 sync_wrapper
   /usr/local/lib/python3.12/dist-packages/vllm/v1/executor/multiproc_executor.py:698 __init__
   /usr/local/lib/python3.12/dist-packages/vllm/v1/executor/multiproc_executor.py:621 _init_message_queues
   /usr/local/lib/python3.12/dist-packages/vllm/distributed/parallel_state.py:612 create_mq_broadcaster
   /usr/local/lib/python3.12/dist-packages/vllm/distributed/device_communicators/shm_broadcast.py:1021 create_from_process_group
   /usr/local/lib/python3.12/dist-packages/vllm/distributed/parallel_state.py:2384 in_the_same_node_as
   /usr/local/lib/python3.12/dist-packages/torch/distributed/c10d_logger.py:83 wrapper
   /usr/local/lib/python3.12/dist-packages/torch/distributed/distributed_c10d.py:4026 broadcast_object_list
   /usr/local/lib/python3.12/dist-packages/torch/distributed/c10d_logger.py:83 wrapper
   /usr/local/lib/python3.12/dist-packages/torch/distributed/distributed_c10d.py:3151 broadcast
=== 17:36:10 anon 1.9 file 0.7 shmem 4.8 GiB
   /usr/lib/python3.12/multiprocessing/spawn.py:135 _main
   /usr/lib/python3.12/multiprocessing/process.py:314 _bootstrap
   /usr/lib/python3.12/multiprocessing/process.py:108 run
   /usr/local/lib/python3.12/dist-packages/vllm/v1/executor/multiproc_executor.py:911 worker_main
   /usr/local/lib/python3.12/dist-packages/vllm/tracing/otel.py:178 sync_wrapper
   /usr/local/lib/python3.12/dist-packages/vllm/v1/executor/multiproc_executor.py:698 __init__
   /usr/local/lib/python3.12/dist-packages/vllm/v1/executor/multiproc_executor.py:621 _init_message_queues
   /usr/local/lib/python3.12/dist-packages/vllm/distributed/parallel_state.py:612 create_mq_broadcaster
   /usr/local/lib/python3.12/dist-packages/vllm/distributed/device_communicators/shm_broadcast.py:1021 create_from_process_group
   /usr/local/lib/python3.12/dist-packages/vllm/distributed/parallel_state.py:2384 in_the_same_node_as
   /usr/local/lib/python3.12/dist-packages/torch/distributed/c10d_logger.py:83 wrapper
   /usr/local/lib/python3.12/dist-packages/torch/distributed/distributed_c10d.py:4026 broadcast_object_list
   /usr/local/lib/python3.12/dist-packages/torch/distributed/c10d_logger.py:83 wrapper
   /usr/local/lib/python3.12/dist-packages/torch/distributed/distributed_c10d.py:3151 broadcast
=== 17:36:15 anon 1.9 file 0.7 shmem 4.8 GiB
   /usr/lib/python3.12/multiprocessing/spawn.py:135 _main
   /usr/lib/python3.12/multiprocessing/process.py:314 _bootstrap
   /usr/lib/python3.12/multiprocessing/process.py:108 run
   /usr/local/lib/python3.12/dist-packages/vllm/v1/executor/multiproc_executor.py:911 worker_main
   /usr/local/lib/python3.12/dist-packages/vllm/tracing/otel.py:178 sync_wrapper
   /usr/local/lib/python3.12/dist-packages/vllm/v1/executor/multiproc_executor.py:698 __init__
   /usr/local/lib/python3.12/dist-packages/vllm/v1/executor/multiproc_executor.py:621 _init_message_queues
   /usr/local/lib/python3.12/dist-packages/vllm/distributed/parallel_state.py:612 create_mq_broadcaster
   /usr/local/lib/python3.12/dist-packages/vllm/distributed/device_communicators/shm_broadcast.py:1021 create_from_process_group
   /usr/local/lib/python3.12/dist-packages/vllm/distributed/parallel_state.py:2384 in_the_same_node_as
   /usr/local/lib/python3.12/dist-packages/torch/distributed/c10d_logger.py:83 wrapper
   /usr/local/lib/python3.12/dist-packages/torch/distributed/distributed_c10d.py:4026 broadcast_object_list
   /usr/local/lib/python3.12/dist-packages/torch/distributed/c10d_logger.py:83 wrapper
   /usr/local/lib/python3.12/dist-packages/torch/distributed/distributed_c10d.py:3151 broadcast
=== 17:36:20 anon 1.9 file 0.7 shmem 4.8 GiB
   /usr/lib/python3.12/multiprocessing/spawn.py:135 _main
   /usr/lib/python3.12/multiprocessing/process.py:314 _bootstrap
   /usr/lib/python3.12/multiprocessing/process.py:108 run
   /usr/local/lib/python3.12/dist-packages/vllm/v1/executor/multiproc_executor.py:911 worker_main
   /usr/local/lib/python3.12/dist-packages/vllm/tracing/otel.py:178 sync_wrapper
   /usr/local/lib/python3.12/dist-packages/vllm/v1/executor/multiproc_executor.py:698 __init__
   /usr/local/lib/python3.12/dist-packages/vllm/v1/executor/multiproc_executor.py:621 _init_message_queues
   /usr/local/lib/python3.12/dist-packages/vllm/distributed/parallel_state.py:612 create_mq_broadcaster
   /usr/local/lib/python3.12/dist-packages/vllm/distributed/device_communicators/shm_broadcast.py:1021 create_from_process_group
   /usr/local/lib/python3.12/dist-packages/vllm/distributed/parallel_state.py:2384 in_the_same_node_as
   /usr/local/lib/python3.12/dist-packages/torch/distributed/c10d_logger.py:83 wrapper
   /usr/local/lib/python3.12/dist-packages/torch/distributed/distributed_c10d.py:4026 broadcast_object_list
   /usr/local/lib/python3.12/dist-packages/torch/distributed/c10d_logger.py:83 wrapper
   /usr/local/lib/python3.12/dist-packages/torch/distributed/distributed_c10d.py:3151 broadcast
=== 17:36:25 anon 1.9 file 0.7 shmem 4.8 GiB
   /usr/lib/python3.12/multiprocessing/spawn.py:135 _main
   /usr/lib/python3.12/multiprocessing/process.py:314 _bootstrap
   /usr/lib/python3.12/multiprocessing/process.py:108 run
   /usr/local/lib/python3.12/dist-packages/vllm/v1/executor/multiproc_executor.py:911 worker_main
   /usr/local/lib/python3.12/dist-packages/vllm/tracing/otel.py:178 sync_wrapper
   /usr/local/lib/python3.12/dist-packages/vllm/v1/executor/multiproc_executor.py:698 __init__
   /usr/local/lib/python3.12/dist-packages/vllm/v1/executor/multiproc_executor.py:621 _init_message_queues
   /usr/local/lib/python3.12/dist-packages/vllm/distributed/parallel_state.py:612 create_mq_broadcaster
   /usr/local/lib/python3.12/dist-packages/vllm/distributed/device_communicators/shm_broadcast.py:1021 create_from_process_group
   /usr/local/lib/python3.12/dist-packages/vllm/distributed/parallel_state.py:2384 in_the_same_node_as
   /usr/local/lib/python3.12/dist-packages/torch/distributed/c10d_logger.py:83 wrapper
   /usr/local/lib/python3.12/dist-packages/torch/distributed/distributed_c10d.py:4026 broadcast_object_list
   /usr/local/lib/python3.12/dist-packages/torch/distributed/c10d_logger.py:83 wrapper
   /usr/local/lib/python3.12/dist-packages/torch/distributed/distributed_c10d.py:3151 broadcast
=== 17:36:30 anon 1.9 file 0.7 shmem 4.8 GiB
   /usr/lib/python3.12/multiprocessing/spawn.py:135 _main
   /usr/lib/python3.12/multiprocessing/process.py:314 _bootstrap
   /usr/lib/python3.12/multiprocessing/process.py:108 run
   /usr/local/lib/python3.12/dist-packages/vllm/v1/executor/multiproc_executor.py:911 worker_main
   /usr/local/lib/python3.12/dist-packages/vllm/tracing/otel.py:178 sync_wrapper
   /usr/local/lib/python3.12/dist-packages/vllm/v1/executor/multiproc_executor.py:698 __init__
   /usr/local/lib/python3.12/dist-packages/vllm/v1/executor/multiproc_executor.py:621 _init_message_queues
   /usr/local/lib/python3.12/dist-packages/vllm/distributed/parallel_state.py:612 create_mq_broadcaster
   /usr/local/lib/python3.12/dist-packages/vllm/distributed/device_communicators/shm_broadcast.py:1021 create_from_process_group
   /usr/local/lib/python3.12/dist-packages/vllm/distributed/parallel_state.py:2384 in_the_same_node_as
   /usr/local/lib/python3.12/dist-packages/torch/distributed/c10d_logger.py:83 wrapper
   /usr/local/lib/python3.12/dist-packages/torch/distributed/distributed_c10d.py:4026 broadcast_object_list
   /usr/local/lib/python3.12/dist-packages/torch/distributed/c10d_logger.py:83 wrapper
   /usr/local/lib/python3.12/dist-packages/torch/distributed/distributed_c10d.py:3151 broadcast
=== 17:36:35 anon 1.9 file 0.7 shmem 4.8 GiB
   /usr/lib/python3.12/multiprocessing/spawn.py:135 _main
   /usr/lib/python3.12/multiprocessing/process.py:314 _bootstrap
   /usr/lib/python3.12/multiprocessing/process.py:108 run
   /usr/local/lib/python3.12/dist-packages/vllm/v1/executor/multiproc_executor.py:911 worker_main
   /usr/local/lib/python3.12/dist-packages/vllm/tracing/otel.py:178 sync_wrapper
   /usr/local/lib/python3.12/dist-packages/vllm/v1/executor/multiproc_executor.py:698 __init__
   /usr/local/lib/python3.12/dist-packages/vllm/v1/executor/multiproc_executor.py:621 _init_message_queues
   /usr/local/lib/python3.12/dist-packages/vllm/distributed/parallel_state.py:612 create_mq_broadcaster
   /usr/local/lib/python3.12/dist-packages/vllm/distributed/device_communicators/shm_broadcast.py:1021 create_from_process_group
   /usr/local/lib/python3.12/dist-packages/vllm/distributed/parallel_state.py:2384 in_the_same_node_as
   /usr/local/lib/python3.12/dist-packages/torch/distributed/c10d_logger.py:83 wrapper
   /usr/local/lib/python3.12/dist-packages/torch/distributed/distributed_c10d.py:4026 broadcast_object_list
   /usr/local/lib/python3.12/dist-packages/torch/distributed/c10d_logger.py:83 wrapper
   /usr/local/lib/python3.12/dist-packages/torch/distributed/distributed_c10d.py:3151 broadcast
=== 17:36:40 anon 1.9 file 0.7 shmem 4.8 GiB
   /usr/lib/python3.12/multiprocessing/spawn.py:135 _main
   /usr/lib/python3.12/multiprocessing/process.py:314 _bootstrap
   /usr/lib/python3.12/multiprocessing/process.py:108 run
   /usr/local/lib/python3.12/dist-packages/vllm/v1/executor/multiproc_executor.py:911 worker_main
   /usr/local/lib/python3.12/dist-packages/vllm/tracing/otel.py:178 sync_wrapper
   /usr/local/lib/python3.12/dist-packages/vllm/v1/executor/multiproc_executor.py:698 __init__
   /usr/local/lib/python3.12/dist-packages/vllm/v1/executor/multiproc_executor.py:621 _init_message_queues
   /usr/local/lib/python3.12/dist-packages/vllm/distributed/parallel_state.py:612 create_mq_broadcaster
   /usr/local/lib/python3.12/dist-packages/vllm/distributed/device_communicators/shm_broadcast.py:1021 create_from_process_group
   /usr/local/lib/python3.12/dist-packages/vllm/distributed/parallel_state.py:2384 in_the_same_node_as
   /usr/local/lib/python3.12/dist-packages/torch/distributed/c10d_logger.py:83 wrapper
   /usr/local/lib/python3.12/dist-packages/torch/distributed/distributed_c10d.py:4026 broadcast_object_list
   /usr/local/lib/python3.12/dist-packages/torch/distributed/c10d_logger.py:83 wrapper
   /usr/local/lib/python3.12/dist-packages/torch/distributed/distributed_c10d.py:3151 broadcast
=== 17:36:45 anon 1.9 file 0.7 shmem 4.8 GiB
   /usr/lib/python3.12/multiprocessing/spawn.py:135 _main
   /usr/lib/python3.12/multiprocessing/process.py:314 _bootstrap
   /usr/lib/python3.12/multiprocessing/process.py:108 run
   /usr/local/lib/python3.12/dist-packages/vllm/v1/executor/multiproc_executor.py:911 worker_main
   /usr/local/lib/python3.12/dist-packages/vllm/tracing/otel.py:178 sync_wrapper
   /usr/local/lib/python3.12/dist-packages/vllm/v1/executor/multiproc_executor.py:698 __init__
   /usr/local/lib/python3.12/dist-packages/vllm/v1/executor/multiproc_executor.py:621 _init_message_queues
   /usr/local/lib/python3.12/dist-packages/vllm/distributed/parallel_state.py:612 create_mq_broadcaster
   /usr/local/lib/python3.12/dist-packages/vllm/distributed/device_communicators/shm_broadcast.py:1021 create_from_process_group
   /usr/local/lib/python3.12/dist-packages/vllm/distributed/parallel_state.py:2384 in_the_same_node_as
   /usr/local/lib/python3.12/dist-packages/torch/distributed/c10d_logger.py:83 wrapper
   /usr/local/lib/python3.12/dist-packages/torch/distributed/distributed_c10d.py:4026 broadcast_object_list
   /usr/local/lib/python3.12/dist-packages/torch/distributed/c10d_logger.py:83 wrapper
   /usr/local/lib/python3.12/dist-packages/torch/distributed/distributed_c10d.py:3151 broadcast
=== 17:36:50 anon 1.9 file 0.7 shmem 4.8 GiB
   /usr/lib/python3.12/multiprocessing/spawn.py:135 _main
   /usr/lib/python3.12/multiprocessing/process.py:314 _bootstrap
   /usr/lib/python3.12/multiprocessing/process.py:108 run
   /usr/local/lib/python3.12/dist-packages/vllm/v1/executor/multiproc_executor.py:911 worker_main
   /usr/local/lib/python3.12/dist-packages/vllm/tracing/otel.py:178 sync_wrapper
   /usr/local/lib/python3.12/dist-packages/vllm/v1/executor/multiproc_executor.py:698 __init__
   /usr/local/lib/python3.12/dist-packages/vllm/v1/executor/multiproc_executor.py:621 _init_message_queues
   /usr/local/lib/python3.12/dist-packages/vllm/distributed/parallel_state.py:612 create_mq_broadcaster
   /usr/local/lib/python3.12/dist-packages/vllm/distributed/device_communicators/shm_broadcast.py:1021 create_from_process_group
   /usr/local/lib/python3.12/dist-packages/vllm/distributed/parallel_state.py:2384 in_the_same_node_as
   /usr/local/lib/python3.12/dist-packages/torch/distributed/c10d_logger.py:83 wrapper
   /usr/local/lib/python3.12/dist-packages/torch/distributed/distributed_c10d.py:4026 broadcast_object_list
   /usr/local/lib/python3.12/dist-packages/torch/distributed/c10d_logger.py:83 wrapper
   /usr/local/lib/python3.12/dist-packages/torch/distributed/distributed_c10d.py:3151 broadcast
=== 17:36:55 anon 1.9 file 0.7 shmem 4.8 GiB
   /usr/lib/python3.12/multiprocessing/spawn.py:135 _main
   /usr/lib/python3.12/multiprocessing/process.py:314 _bootstrap
   /usr/lib/python3.12/multiprocessing/process.py:108 run
   /usr/local/lib/python3.12/dist-packages/vllm/v1/executor/multiproc_executor.py:911 worker_main
   /usr/local/lib/python3.12/dist-packages/vllm/tracing/otel.py:178 sync_wrapper
   /usr/local/lib/python3.12/dist-packages/vllm/v1/executor/multiproc_executor.py:698 __init__
   /usr/local/lib/python3.12/dist-packages/vllm/v1/executor/multiproc_executor.py:621 _init_message_queues
   /usr/local/lib/python3.12/dist-packages/vllm/distributed/parallel_state.py:612 create_mq_broadcaster
   /usr/local/lib/python3.12/dist-packages/vllm/distributed/device_communicators/shm_broadcast.py:1021 create_from_process_group
   /usr/local/lib/python3.12/dist-packages/vllm/distributed/parallel_state.py:2384 in_the_same_node_as
   /usr/local/lib/python3.12/dist-packages/torch/distributed/c10d_logger.py:83 wrapper
   /usr/local/lib/python3.12/dist-packages/torch/distributed/distributed_c10d.py:4026 broadcast_object_list
   /usr/local/lib/python3.12/dist-packages/torch/distributed/c10d_logger.py:83 wrapper
   /usr/local/lib/python3.12/dist-packages/torch/distributed/distributed_c10d.py:3151 broadcast
=== 17:37:00 anon 1.9 file 0.7 shmem 4.8 GiB
   /usr/lib/python3.12/multiprocessing/spawn.py:135 _main
   /usr/lib/python3.12/multiprocessing/process.py:314 _bootstrap
   /usr/lib/python3.12/multiprocessing/process.py:108 run
   /usr/local/lib/python3.12/dist-packages/vllm/v1/executor/multiproc_executor.py:911 worker_main
   /usr/local/lib/python3.12/dist-packages/vllm/tracing/otel.py:178 sync_wrapper
   /usr/local/lib/python3.12/dist-packages/vllm/v1/executor/multiproc_executor.py:698 __init__
   /usr/local/lib/python3.12/dist-packages/vllm/v1/executor/multiproc_executor.py:621 _init_message_queues
   /usr/local/lib/python3.12/dist-packages/vllm/distributed/parallel_state.py:612 create_mq_broadcaster
   /usr/local/lib/python3.12/dist-packages/vllm/distributed/device_communicators/shm_broadcast.py:1021 create_from_process_group
   /usr/local/lib/python3.12/dist-packages/vllm/distributed/parallel_state.py:2384 in_the_same_node_as
   /usr/local/lib/python3.12/dist-packages/torch/distributed/c10d_logger.py:83 wrapper
   /usr/local/lib/python3.12/dist-packages/torch/distributed/distributed_c10d.py:4026 broadcast_object_list
   /usr/local/lib/python3.12/dist-packages/torch/distributed/c10d_logger.py:83 wrapper
   /usr/local/lib/python3.12/dist-packages/torch/distributed/distributed_c10d.py:3151 broadcast
=== 17:37:05 anon 1.9 file 0.7 shmem 4.8 GiB
   /usr/lib/python3.12/multiprocessing/spawn.py:135 _main
   /usr/lib/python3.12/multiprocessing/process.py:314 _bootstrap
   /usr/lib/python3.12/multiprocessing/process.py:108 run
   /usr/local/lib/python3.12/dist-packages/vllm/v1/executor/multiproc_executor.py:911 worker_main
   /usr/local/lib/python3.12/dist-packages/vllm/tracing/otel.py:178 sync_wrapper
   /usr/local/lib/python3.12/dist-packages/vllm/v1/executor/multiproc_executor.py:698 __init__
   /usr/local/lib/python3.12/dist-packages/vllm/v1/executor/multiproc_executor.py:621 _init_message_queues
   /usr/local/lib/python3.12/dist-packages/vllm/distributed/parallel_state.py:612 create_mq_broadcaster
   /usr/local/lib/python3.12/dist-packages/vllm/distributed/device_communicators/shm_broadcast.py:1021 create_from_process_group
   /usr/local/lib/python3.12/dist-packages/vllm/distributed/parallel_state.py:2384 in_the_same_node_as
   /usr/local/lib/python3.12/dist-packages/torch/distributed/c10d_logger.py:83 wrapper
   /usr/local/lib/python3.12/dist-packages/torch/distributed/distributed_c10d.py:4026 broadcast_object_list
   /usr/local/lib/python3.12/dist-packages/torch/distributed/c10d_logger.py:83 wrapper
   /usr/local/lib/python3.12/dist-packages/torch/distributed/distributed_c10d.py:3151 broadcast
=== 17:37:10 anon 1.9 file 0.7 shmem 4.8 GiB
   /usr/lib/python3.12/multiprocessing/spawn.py:135 _main
   /usr/lib/python3.12/multiprocessing/process.py:314 _bootstrap
   /usr/lib/python3.12/multiprocessing/process.py:108 run
   /usr/local/lib/python3.12/dist-packages/vllm/v1/executor/multiproc_executor.py:911 worker_main
   /usr/local/lib/python3.12/dist-packages/vllm/tracing/otel.py:178 sync_wrapper
   /usr/local/lib/python3.12/dist-packages/vllm/v1/executor/multiproc_executor.py:698 __init__
   /usr/local/lib/python3.12/dist-packages/vllm/v1/executor/multiproc_executor.py:621 _init_message_queues
   /usr/local/lib/python3.12/dist-packages/vllm/distributed/parallel_state.py:612 create_mq_broadcaster
   /usr/local/lib/python3.12/dist-packages/vllm/distributed/device_communicators/shm_broadcast.py:1021 create_from_process_group
   /usr/local/lib/python3.12/dist-packages/vllm/distributed/parallel_state.py:2384 in_the_same_node_as
   /usr/local/lib/python3.12/dist-packages/torch/distributed/c10d_logger.py:83 wrapper
   /usr/local/lib/python3.12/dist-packages/torch/distributed/distributed_c10d.py:4026 broadcast_object_list
   /usr/local/lib/python3.12/dist-packages/torch/distributed/c10d_logger.py:83 wrapper
   /usr/local/lib/python3.12/dist-packages/torch/distributed/distributed_c10d.py:3151 broadcast
=== 17:37:15 anon 1.9 file 0.7 shmem 4.8 GiB
   /usr/lib/python3.12/multiprocessing/spawn.py:135 _main
   /usr/lib/python3.12/multiprocessing/process.py:314 _bootstrap
   /usr/lib/python3.12/multiprocessing/process.py:108 run
   /usr/local/lib/python3.12/dist-packages/vllm/v1/executor/multiproc_executor.py:911 worker_main
   /usr/local/lib/python3.12/dist-packages/vllm/tracing/otel.py:178 sync_wrapper
   /usr/local/lib/python3.12/dist-packages/vllm/v1/executor/multiproc_executor.py:698 __init__
   /usr/local/lib/python3.12/dist-packages/vllm/v1/executor/multiproc_executor.py:621 _init_message_queues
   /usr/local/lib/python3.12/dist-packages/vllm/distributed/parallel_state.py:612 create_mq_broadcaster
   /usr/local/lib/python3.12/dist-packages/vllm/distributed/device_communicators/shm_broadcast.py:1021 create_from_process_group
   /usr/local/lib/python3.12/dist-packages/vllm/distributed/parallel_state.py:2384 in_the_same_node_as
   /usr/local/lib/python3.12/dist-packages/torch/distributed/c10d_logger.py:83 wrapper
   /usr/local/lib/python3.12/dist-packages/torch/distributed/distributed_c10d.py:4026 broadcast_object_list
   /usr/local/lib/python3.12/dist-packages/torch/distributed/c10d_logger.py:83 wrapper
   /usr/local/lib/python3.12/dist-packages/torch/distributed/distributed_c10d.py:3151 broadcast
=== 17:37:20 anon 1.9 file 0.7 shmem 4.8 GiB
   /usr/lib/python3.12/multiprocessing/spawn.py:135 _main
   /usr/lib/python3.12/multiprocessing/process.py:314 _bootstrap
   /usr/lib/python3.12/multiprocessing/process.py:108 run
   /usr/local/lib/python3.12/dist-packages/vllm/v1/executor/multiproc_executor.py:911 worker_main
   /usr/local/lib/python3.12/dist-packages/vllm/tracing/otel.py:178 sync_wrapper
   /usr/local/lib/python3.12/dist-packages/vllm/v1/executor/multiproc_executor.py:698 __init__
   /usr/local/lib/python3.12/dist-packages/vllm/v1/executor/multiproc_executor.py:621 _init_message_queues
   /usr/local/lib/python3.12/dist-packages/vllm/distributed/parallel_state.py:612 create_mq_broadcaster
   /usr/local/lib/python3.12/dist-packages/vllm/distributed/device_communicators/shm_broadcast.py:1021 create_from_process_group
   /usr/local/lib/python3.12/dist-packages/vllm/distributed/parallel_state.py:2384 in_the_same_node_as
   /usr/local/lib/python3.12/dist-packages/torch/distributed/c10d_logger.py:83 wrapper
   /usr/local/lib/python3.12/dist-packages/torch/distributed/distributed_c10d.py:4026 broadcast_object_list
   /usr/local/lib/python3.12/dist-packages/torch/distributed/c10d_logger.py:83 wrapper
   /usr/local/lib/python3.12/dist-packages/torch/distributed/distributed_c10d.py:3151 broadcast
=== 17:37:25 anon 1.9 file 0.7 shmem 4.8 GiB
   /usr/lib/python3.12/multiprocessing/spawn.py:135 _main
   /usr/lib/python3.12/multiprocessing/process.py:314 _bootstrap
   /usr/lib/python3.12/multiprocessing/process.py:108 run
   /usr/local/lib/python3.12/dist-packages/vllm/v1/executor/multiproc_executor.py:911 worker_main
   /usr/local/lib/python3.12/dist-packages/vllm/tracing/otel.py:178 sync_wrapper
   /usr/local/lib/python3.12/dist-packages/vllm/v1/executor/multiproc_executor.py:698 __init__
   /usr/local/lib/python3.12/dist-packages/vllm/v1/executor/multiproc_executor.py:621 _init_message_queues
   /usr/local/lib/python3.12/dist-packages/vllm/distributed/parallel_state.py:612 create_mq_broadcaster
   /usr/local/lib/python3.12/dist-packages/vllm/distributed/device_communicators/shm_broadcast.py:1021 create_from_process_group
   /usr/local/lib/python3.12/dist-packages/vllm/distributed/parallel_state.py:2384 in_the_same_node_as
   /usr/local/lib/python3.12/dist-packages/torch/distributed/c10d_logger.py:83 wrapper
   /usr/local/lib/python3.12/dist-packages/torch/distributed/distributed_c10d.py:4026 broadcast_object_list
   /usr/local/lib/python3.12/dist-packages/torch/distributed/c10d_logger.py:83 wrapper
   /usr/local/lib/python3.12/dist-packages/torch/distributed/distributed_c10d.py:3151 broadcast
=== 17:37:30 anon 1.9 file 0.7 shmem 4.8 GiB
   /usr/lib/python3.12/multiprocessing/spawn.py:135 _main
   /usr/lib/python3.12/multiprocessing/process.py:314 _bootstrap
   /usr/lib/python3.12/multiprocessing/process.py:108 run
   /usr/local/lib/python3.12/dist-packages/vllm/v1/executor/multiproc_executor.py:911 worker_main
   /usr/local/lib/python3.12/dist-packages/vllm/tracing/otel.py:178 sync_wrapper
   /usr/local/lib/python3.12/dist-packages/vllm/v1/executor/multiproc_executor.py:698 __init__
   /usr/local/lib/python3.12/dist-packages/vllm/v1/executor/multiproc_executor.py:621 _init_message_queues
   /usr/local/lib/python3.12/dist-packages/vllm/distributed/parallel_state.py:612 create_mq_broadcaster
   /usr/local/lib/python3.12/dist-packages/vllm/distributed/device_communicators/shm_broadcast.py:1021 create_from_process_group
   /usr/local/lib/python3.12/dist-packages/vllm/distributed/parallel_state.py:2384 in_the_same_node_as
   /usr/local/lib/python3.12/dist-packages/torch/distributed/c10d_logger.py:83 wrapper
   /usr/local/lib/python3.12/dist-packages/torch/distributed/distributed_c10d.py:4026 broadcast_object_list
   /usr/local/lib/python3.12/dist-packages/torch/distributed/c10d_logger.py:83 wrapper
   /usr/local/lib/python3.12/dist-packages/torch/distributed/distributed_c10d.py:3151 broadcast
=== 17:37:35 anon 1.9 file 0.7 shmem 4.8 GiB
   /usr/lib/python3.12/multiprocessing/spawn.py:135 _main
   /usr/lib/python3.12/multiprocessing/process.py:314 _bootstrap
   /usr/lib/python3.12/multiprocessing/process.py:108 run
   /usr/local/lib/python3.12/dist-packages/vllm/v1/executor/multiproc_executor.py:911 worker_main
   /usr/local/lib/python3.12/dist-packages/vllm/tracing/otel.py:178 sync_wrapper
   /usr/local/lib/python3.12/dist-packages/vllm/v1/executor/multiproc_executor.py:698 __init__
   /usr/local/lib/python3.12/dist-packages/vllm/v1/executor/multiproc_executor.py:621 _init_message_queues
   /usr/local/lib/python3.12/dist-packages/vllm/distributed/parallel_state.py:612 create_mq_broadcaster
   /usr/local/lib/python3.12/dist-packages/vllm/distributed/device_communicators/shm_broadcast.py:1021 create_from_process_group
   /usr/local/lib/python3.12/dist-packages/vllm/distributed/parallel_state.py:2384 in_the_same_node_as
   /usr/local/lib/python3.12/dist-packages/torch/distributed/c10d_logger.py:83 wrapper
   /usr/local/lib/python3.12/dist-packages/torch/distributed/distributed_c10d.py:4026 broadcast_object_list
   /usr/local/lib/python3.12/dist-packages/torch/distributed/c10d_logger.py:83 wrapper
   /usr/local/lib/python3.12/dist-packages/torch/distributed/distributed_c10d.py:3151 broadcast
=== 17:37:40 anon 1.9 file 0.7 shmem 4.8 GiB
   /usr/lib/python3.12/multiprocessing/spawn.py:135 _main
   /usr/lib/python3.12/multiprocessing/process.py:314 _bootstrap
   /usr/lib/python3.12/multiprocessing/process.py:108 run
   /usr/local/lib/python3.12/dist-packages/vllm/v1/executor/multiproc_executor.py:911 worker_main
   /usr/local/lib/python3.12/dist-packages/vllm/tracing/otel.py:178 sync_wrapper
   /usr/local/lib/python3.12/dist-packages/vllm/v1/executor/multiproc_executor.py:698 __init__
   /usr/local/lib/python3.12/dist-packages/vllm/v1/executor/multiproc_executor.py:621 _init_message_queues
   /usr/local/lib/python3.12/dist-packages/vllm/distributed/parallel_state.py:612 create_mq_broadcaster
   /usr/local/lib/python3.12/dist-packages/vllm/distributed/device_communicators/shm_broadcast.py:1021 create_from_process_group
   /usr/local/lib/python3.12/dist-packages/vllm/distributed/parallel_state.py:2384 in_the_same_node_as
   /usr/local/lib/python3.12/dist-packages/torch/distributed/c10d_logger.py:83 wrapper
   /usr/local/lib/python3.12/dist-packages/torch/distributed/distributed_c10d.py:4026 broadcast_object_list
   /usr/local/lib/python3.12/dist-packages/torch/distributed/c10d_logger.py:83 wrapper
   /usr/local/lib/python3.12/dist-packages/torch/distributed/distributed_c10d.py:3151 broadcast
=== 17:37:45 anon 1.9 file 0.7 shmem 4.8 GiB
   /usr/lib/python3.12/multiprocessing/spawn.py:135 _main
   /usr/lib/python3.12/multiprocessing/process.py:314 _bootstrap
   /usr/lib/python3.12/multiprocessing/process.py:108 run
   /usr/local/lib/python3.12/dist-packages/vllm/v1/executor/multiproc_executor.py:911 worker_main
   /usr/local/lib/python3.12/dist-packages/vllm/tracing/otel.py:178 sync_wrapper
   /usr/local/lib/python3.12/dist-packages/vllm/v1/executor/multiproc_executor.py:698 __init__
   /usr/local/lib/python3.12/dist-packages/vllm/v1/executor/multiproc_executor.py:621 _init_message_queues
   /usr/local/lib/python3.12/dist-packages/vllm/distributed/parallel_state.py:612 create_mq_broadcaster
   /usr/local/lib/python3.12/dist-packages/vllm/distributed/device_communicators/shm_broadcast.py:1021 create_from_process_group
   /usr/local/lib/python3.12/dist-packages/vllm/distributed/parallel_state.py:2384 in_the_same_node_as
   /usr/local/lib/python3.12/dist-packages/torch/distributed/c10d_logger.py:83 wrapper
   /usr/local/lib/python3.12/dist-packages/torch/distributed/distributed_c10d.py:4026 broadcast_object_list
   /usr/local/lib/python3.12/dist-packages/torch/distributed/c10d_logger.py:83 wrapper
   /usr/local/lib/python3.12/dist-packages/torch/distributed/distributed_c10d.py:3151 broadcast
=== 17:37:50 anon 1.9 file 0.7 shmem 4.8 GiB
   /usr/lib/python3.12/multiprocessing/spawn.py:135 _main
   /usr/lib/python3.12/multiprocessing/process.py:314 _bootstrap
   /usr/lib/python3.12/multiprocessing/process.py:108 run
   /usr/local/lib/python3.12/dist-packages/vllm/v1/executor/multiproc_executor.py:911 worker_main
   /usr/local/lib/python3.12/dist-packages/vllm/tracing/otel.py:178 sync_wrapper
   /usr/local/lib/python3.12/dist-packages/vllm/v1/executor/multiproc_executor.py:698 __init__
   /usr/local/lib/python3.12/dist-packages/vllm/v1/executor/multiproc_executor.py:621 _init_message_queues
   /usr/local/lib/python3.12/dist-packages/vllm/distributed/parallel_state.py:612 create_mq_broadcaster
   /usr/local/lib/python3.12/dist-packages/vllm/distributed/device_communicators/shm_broadcast.py:1021 create_from_process_group
   /usr/local/lib/python3.12/dist-packages/vllm/distributed/parallel_state.py:2384 in_the_same_node_as
   /usr/local/lib/python3.12/dist-packages/torch/distributed/c10d_logger.py:83 wrapper
   /usr/local/lib/python3.12/dist-packages/torch/distributed/distributed_c10d.py:4026 broadcast_object_list
   /usr/local/lib/python3.12/dist-packages/torch/distributed/c10d_logger.py:83 wrapper
   /usr/local/lib/python3.12/dist-packages/torch/distributed/distributed_c10d.py:3151 broadcast
=== 17:37:55 anon 1.9 file 0.7 shmem 4.8 GiB
   /usr/lib/python3.12/multiprocessing/spawn.py:135 _main
   /usr/lib/python3.12/multiprocessing/process.py:314 _bootstrap
   /usr/lib/python3.12/multiprocessing/process.py:108 run
   /usr/local/lib/python3.12/dist-packages/vllm/v1/executor/multiproc_executor.py:911 worker_main
   /usr/local/lib/python3.12/dist-packages/vllm/tracing/otel.py:178 sync_wrapper
   /usr/local/lib/python3.12/dist-packages/vllm/v1/executor/multiproc_executor.py:698 __init__
   /usr/local/lib/python3.12/dist-packages/vllm/v1/executor/multiproc_executor.py:621 _init_message_queues
   /usr/local/lib/python3.12/dist-packages/vllm/distributed/parallel_state.py:612 create_mq_broadcaster
   /usr/local/lib/python3.12/dist-packages/vllm/distributed/device_communicators/shm_broadcast.py:1021 create_from_process_group
   /usr/local/lib/python3.12/dist-packages/vllm/distributed/parallel_state.py:2384 in_the_same_node_as
   /usr/local/lib/python3.12/dist-packages/torch/distributed/c10d_logger.py:83 wrapper
   /usr/local/lib/python3.12/dist-packages/torch/distributed/distributed_c10d.py:4026 broadcast_object_list
   /usr/local/lib/python3.12/dist-packages/torch/distributed/c10d_logger.py:83 wrapper
   /usr/local/lib/python3.12/dist-packages/torch/distributed/distributed_c10d.py:3151 broadcast
=== 17:38:00 anon 1.9 file 0.7 shmem 4.8 GiB
   /usr/lib/python3.12/multiprocessing/spawn.py:135 _main
   /usr/lib/python3.12/multiprocessing/process.py:314 _bootstrap
   /usr/lib/python3.12/multiprocessing/process.py:108 run
   /usr/local/lib/python3.12/dist-packages/vllm/v1/executor/multiproc_executor.py:911 worker_main
   /usr/local/lib/python3.12/dist-packages/vllm/tracing/otel.py:178 sync_wrapper
   /usr/local/lib/python3.12/dist-packages/vllm/v1/executor/multiproc_executor.py:698 __init__
   /usr/local/lib/python3.12/dist-packages/vllm/v1/executor/multiproc_executor.py:621 _init_message_queues
   /usr/local/lib/python3.12/dist-packages/vllm/distributed/parallel_state.py:612 create_mq_broadcaster
   /usr/local/lib/python3.12/dist-packages/vllm/distributed/device_communicators/shm_broadcast.py:1021 create_from_process_group
   /usr/local/lib/python3.12/dist-packages/vllm/distributed/parallel_state.py:2384 in_the_same_node_as
   /usr/local/lib/python3.12/dist-packages/torch/distributed/c10d_logger.py:83 wrapper
   /usr/local/lib/python3.12/dist-packages/torch/distributed/distributed_c10d.py:4026 broadcast_object_list
   /usr/local/lib/python3.12/dist-packages/torch/distributed/c10d_logger.py:83 wrapper
   /usr/local/lib/python3.12/dist-packages/torch/distributed/distributed_c10d.py:3151 broadcast
=== 17:38:05 anon 1.9 file 0.7 shmem 4.8 GiB
   /usr/lib/python3.12/multiprocessing/spawn.py:135 _main
   /usr/lib/python3.12/multiprocessing/process.py:314 _bootstrap
   /usr/lib/python3.12/multiprocessing/process.py:108 run
   /usr/local/lib/python3.12/dist-packages/vllm/v1/executor/multiproc_executor.py:911 worker_main
   /usr/local/lib/python3.12/dist-packages/vllm/tracing/otel.py:178 sync_wrapper
   /usr/local/lib/python3.12/dist-packages/vllm/v1/executor/multiproc_executor.py:698 __init__
   /usr/local/lib/python3.12/dist-packages/vllm/v1/executor/multiproc_executor.py:621 _init_message_queues
   /usr/local/lib/python3.12/dist-packages/vllm/distributed/parallel_state.py:612 create_mq_broadcaster
   /usr/local/lib/python3.12/dist-packages/vllm/distributed/device_communicators/shm_broadcast.py:1021 create_from_process_group
   /usr/local/lib/python3.12/dist-packages/vllm/distributed/parallel_state.py:2384 in_the_same_node_as
   /usr/local/lib/python3.12/dist-packages/torch/distributed/c10d_logger.py:83 wrapper
   /usr/local/lib/python3.12/dist-packages/torch/distributed/distributed_c10d.py:4026 broadcast_object_list
   /usr/local/lib/python3.12/dist-packages/torch/distributed/c10d_logger.py:83 wrapper
   /usr/local/lib/python3.12/dist-packages/torch/distributed/distributed_c10d.py:3151 broadcast
=== 17:38:10 anon 1.9 file 0.7 shmem 4.8 GiB
   /usr/lib/python3.12/multiprocessing/spawn.py:135 _main
   /usr/lib/python3.12/multiprocessing/process.py:314 _bootstrap
   /usr/lib/python3.12/multiprocessing/process.py:108 run
   /usr/local/lib/python3.12/dist-packages/vllm/v1/executor/multiproc_executor.py:911 worker_main
   /usr/local/lib/python3.12/dist-packages/vllm/tracing/otel.py:178 sync_wrapper
   /usr/local/lib/python3.12/dist-packages/vllm/v1/executor/multiproc_executor.py:698 __init__
   /usr/local/lib/python3.12/dist-packages/vllm/v1/executor/multiproc_executor.py:621 _init_message_queues
   /usr/local/lib/python3.12/dist-packages/vllm/distributed/parallel_state.py:612 create_mq_broadcaster
   /usr/local/lib/python3.12/dist-packages/vllm/distributed/device_communicators/shm_broadcast.py:1021 create_from_process_group
   /usr/local/lib/python3.12/dist-packages/vllm/distributed/parallel_state.py:2384 in_the_same_node_as
   /usr/local/lib/python3.12/dist-packages/torch/distributed/c10d_logger.py:83 wrapper
   /usr/local/lib/python3.12/dist-packages/torch/distributed/distributed_c10d.py:4026 broadcast_object_list
   /usr/local/lib/python3.12/dist-packages/torch/distributed/c10d_logger.py:83 wrapper
   /usr/local/lib/python3.12/dist-packages/torch/distributed/distributed_c10d.py:3151 broadcast
=== 17:38:15 anon 1.9 file 0.7 shmem 4.8 GiB
   /usr/lib/python3.12/multiprocessing/spawn.py:135 _main
   /usr/lib/python3.12/multiprocessing/process.py:314 _bootstrap
   /usr/lib/python3.12/multiprocessing/process.py:108 run
   /usr/local/lib/python3.12/dist-packages/vllm/v1/executor/multiproc_executor.py:911 worker_main
   /usr/local/lib/python3.12/dist-packages/vllm/tracing/otel.py:178 sync_wrapper
   /usr/local/lib/python3.12/dist-packages/vllm/v1/executor/multiproc_executor.py:698 __init__
   /usr/local/lib/python3.12/dist-packages/vllm/v1/executor/multiproc_executor.py:621 _init_message_queues
   /usr/local/lib/python3.12/dist-packages/vllm/distributed/parallel_state.py:612 create_mq_broadcaster
   /usr/local/lib/python3.12/dist-packages/vllm/distributed/device_communicators/shm_broadcast.py:1021 create_from_process_group
   /usr/local/lib/python3.12/dist-packages/vllm/distributed/parallel_state.py:2384 in_the_same_node_as
   /usr/local/lib/python3.12/dist-packages/torch/distributed/c10d_logger.py:83 wrapper
   /usr/local/lib/python3.12/dist-packages/torch/distributed/distributed_c10d.py:4026 broadcast_object_list
   /usr/local/lib/python3.12/dist-packages/torch/distributed/c10d_logger.py:83 wrapper
   /usr/local/lib/python3.12/dist-packages/torch/distributed/distributed_c10d.py:3151 broadcast
=== 17:38:20 anon 1.9 file 0.7 shmem 4.8 GiB
   /usr/lib/python3.12/multiprocessing/spawn.py:135 _main
   /usr/lib/python3.12/multiprocessing/process.py:314 _bootstrap
   /usr/lib/python3.12/multiprocessing/process.py:108 run
   /usr/local/lib/python3.12/dist-packages/vllm/v1/executor/multiproc_executor.py:911 worker_main
   /usr/local/lib/python3.12/dist-packages/vllm/tracing/otel.py:178 sync_wrapper
   /usr/local/lib/python3.12/dist-packages/vllm/v1/executor/multiproc_executor.py:698 __init__
   /usr/local/lib/python3.12/dist-packages/vllm/v1/executor/multiproc_executor.py:621 _init_message_queues
   /usr/local/lib/python3.12/dist-packages/vllm/distributed/parallel_state.py:612 create_mq_broadcaster
   /usr/local/lib/python3.12/dist-packages/vllm/distributed/device_communicators/shm_broadcast.py:1021 create_from_process_group
   /usr/local/lib/python3.12/dist-packages/vllm/distributed/parallel_state.py:2384 in_the_same_node_as
   /usr/local/lib/python3.12/dist-packages/torch/distributed/c10d_logger.py:83 wrapper
   /usr/local/lib/python3.12/dist-packages/torch/distributed/distributed_c10d.py:4026 broadcast_object_list
   /usr/local/lib/python3.12/dist-packages/torch/distributed/c10d_logger.py:83 wrapper
   /usr/local/lib/python3.12/dist-packages/torch/distributed/distributed_c10d.py:3151 broadcast
=== 17:38:25 anon 1.9 file 0.7 shmem 4.8 GiB
   /usr/lib/python3.12/multiprocessing/spawn.py:135 _main
   /usr/lib/python3.12/multiprocessing/process.py:314 _bootstrap
   /usr/lib/python3.12/multiprocessing/process.py:108 run
   /usr/local/lib/python3.12/dist-packages/vllm/v1/executor/multiproc_executor.py:911 worker_main
   /usr/local/lib/python3.12/dist-packages/vllm/tracing/otel.py:178 sync_wrapper
   /usr/local/lib/python3.12/dist-packages/vllm/v1/executor/multiproc_executor.py:698 __init__
   /usr/local/lib/python3.12/dist-packages/vllm/v1/executor/multiproc_executor.py:621 _init_message_queues
   /usr/local/lib/python3.12/dist-packages/vllm/distributed/parallel_state.py:612 create_mq_broadcaster
   /usr/local/lib/python3.12/dist-packages/vllm/distributed/device_communicators/shm_broadcast.py:1021 create_from_process_group
   /usr/local/lib/python3.12/dist-packages/vllm/distributed/parallel_state.py:2384 in_the_same_node_as
   /usr/local/lib/python3.12/dist-packages/torch/distributed/c10d_logger.py:83 wrapper
   /usr/local/lib/python3.12/dist-packages/torch/distributed/distributed_c10d.py:4026 broadcast_object_list
   /usr/local/lib/python3.12/dist-packages/torch/distributed/c10d_logger.py:83 wrapper
   /usr/local/lib/python3.12/dist-packages/torch/distributed/distributed_c10d.py:3151 broadcast
=== 17:38:30 anon 1.9 file 0.7 shmem 4.8 GiB
   /usr/lib/python3.12/multiprocessing/spawn.py:135 _main
   /usr/lib/python3.12/multiprocessing/process.py:314 _bootstrap
   /usr/lib/python3.12/multiprocessing/process.py:108 run
   /usr/local/lib/python3.12/dist-packages/vllm/v1/executor/multiproc_executor.py:911 worker_main
   /usr/local/lib/python3.12/dist-packages/vllm/tracing/otel.py:178 sync_wrapper
   /usr/local/lib/python3.12/dist-packages/vllm/v1/executor/multiproc_executor.py:698 __init__
   /usr/local/lib/python3.12/dist-packages/vllm/v1/executor/multiproc_executor.py:621 _init_message_queues
   /usr/local/lib/python3.12/dist-packages/vllm/distributed/parallel_state.py:612 create_mq_broadcaster
   /usr/local/lib/python3.12/dist-packages/vllm/distributed/device_communicators/shm_broadcast.py:1021 create_from_process_group
   /usr/local/lib/python3.12/dist-packages/vllm/distributed/parallel_state.py:2384 in_the_same_node_as
   /usr/local/lib/python3.12/dist-packages/torch/distributed/c10d_logger.py:83 wrapper
   /usr/local/lib/python3.12/dist-packages/torch/distributed/distributed_c10d.py:4026 broadcast_object_list
   /usr/local/lib/python3.12/dist-packages/torch/distributed/c10d_logger.py:83 wrapper
   /usr/local/lib/python3.12/dist-packages/torch/distributed/distributed_c10d.py:3151 broadcast
=== 17:38:35 anon 1.9 file 0.7 shmem 4.8 GiB
   /usr/lib/python3.12/multiprocessing/spawn.py:135 _main
   /usr/lib/python3.12/multiprocessing/process.py:314 _bootstrap
   /usr/lib/python3.12/multiprocessing/process.py:108 run
   /usr/local/lib/python3.12/dist-packages/vllm/v1/executor/multiproc_executor.py:911 worker_main
   /usr/local/lib/python3.12/dist-packages/vllm/tracing/otel.py:178 sync_wrapper
   /usr/local/lib/python3.12/dist-packages/vllm/v1/executor/multiproc_executor.py:698 __init__
   /usr/local/lib/python3.12/dist-packages/vllm/v1/executor/multiproc_executor.py:621 _init_message_queues
   /usr/local/lib/python3.12/dist-packages/vllm/distributed/parallel_state.py:612 create_mq_broadcaster
   /usr/local/lib/python3.12/dist-packages/vllm/distributed/device_communicators/shm_broadcast.py:1021 create_from_process_group
   /usr/local/lib/python3.12/dist-packages/vllm/distributed/parallel_state.py:2384 in_the_same_node_as
   /usr/local/lib/python3.12/dist-packages/torch/distributed/c10d_logger.py:83 wrapper
   /usr/local/lib/python3.12/dist-packages/torch/distributed/distributed_c10d.py:4026 broadcast_object_list
   /usr/local/lib/python3.12/dist-packages/torch/distributed/c10d_logger.py:83 wrapper
   /usr/local/lib/python3.12/dist-packages/torch/distributed/distributed_c10d.py:3151 broadcast
=== 17:38:40 anon 1.9 file 0.7 shmem 4.8 GiB
   /usr/lib/python3.12/multiprocessing/spawn.py:135 _main
   /usr/lib/python3.12/multiprocessing/process.py:314 _bootstrap
   /usr/lib/python3.12/multiprocessing/process.py:108 run
   /usr/local/lib/python3.12/dist-packages/vllm/v1/executor/multiproc_executor.py:911 worker_main
   /usr/local/lib/python3.12/dist-packages/vllm/tracing/otel.py:178 sync_wrapper
   /usr/local/lib/python3.12/dist-packages/vllm/v1/executor/multiproc_executor.py:698 __init__
   /usr/local/lib/python3.12/dist-packages/vllm/v1/executor/multiproc_executor.py:621 _init_message_queues
   /usr/local/lib/python3.12/dist-packages/vllm/distributed/parallel_state.py:612 create_mq_broadcaster
   /usr/local/lib/python3.12/dist-packages/vllm/distributed/device_communicators/shm_broadcast.py:1021 create_from_process_group
   /usr/local/lib/python3.12/dist-packages/vllm/distributed/parallel_state.py:2384 in_the_same_node_as
   /usr/local/lib/python3.12/dist-packages/torch/distributed/c10d_logger.py:83 wrapper
   /usr/local/lib/python3.12/dist-packages/torch/distributed/distributed_c10d.py:4026 broadcast_object_list
   /usr/local/lib/python3.12/dist-packages/torch/distributed/c10d_logger.py:83 wrapper
   /usr/local/lib/python3.12/dist-packages/torch/distributed/distributed_c10d.py:3151 broadcast
=== 17:38:45 anon 1.9 file 0.7 shmem 4.8 GiB
   /usr/lib/python3.12/multiprocessing/spawn.py:135 _main
   /usr/lib/python3.12/multiprocessing/process.py:314 _bootstrap
   /usr/lib/python3.12/multiprocessing/process.py:108 run
   /usr/local/lib/python3.12/dist-packages/vllm/v1/executor/multiproc_executor.py:911 worker_main
   /usr/local/lib/python3.12/dist-packages/vllm/tracing/otel.py:178 sync_wrapper
   /usr/local/lib/python3.12/dist-packages/vllm/v1/executor/multiproc_executor.py:698 __init__
   /usr/local/lib/python3.12/dist-packages/vllm/v1/executor/multiproc_executor.py:621 _init_message_queues
   /usr/local/lib/python3.12/dist-packages/vllm/distributed/parallel_state.py:612 create_mq_broadcaster
   /usr/local/lib/python3.12/dist-packages/vllm/distributed/device_communicators/shm_broadcast.py:1021 create_from_process_group
   /usr/local/lib/python3.12/dist-packages/vllm/distributed/parallel_state.py:2384 in_the_same_node_as
   /usr/local/lib/python3.12/dist-packages/torch/distributed/c10d_logger.py:83 wrapper
   /usr/local/lib/python3.12/dist-packages/torch/distributed/distributed_c10d.py:4026 broadcast_object_list
   /usr/local/lib/python3.12/dist-packages/torch/distributed/c10d_logger.py:83 wrapper
   /usr/local/lib/python3.12/dist-packages/torch/distributed/distributed_c10d.py:3151 broadcast
=== 17:38:50 anon 1.9 file 0.7 shmem 4.8 GiB
   /usr/lib/python3.12/multiprocessing/spawn.py:135 _main
   /usr/lib/python3.12/multiprocessing/process.py:314 _bootstrap
   /usr/lib/python3.12/multiprocessing/process.py:108 run
   /usr/local/lib/python3.12/dist-packages/vllm/v1/executor/multiproc_executor.py:911 worker_main
   /usr/local/lib/python3.12/dist-packages/vllm/tracing/otel.py:178 sync_wrapper
   /usr/local/lib/python3.12/dist-packages/vllm/v1/executor/multiproc_executor.py:698 __init__
   /usr/local/lib/python3.12/dist-packages/vllm/v1/executor/multiproc_executor.py:621 _init_message_queues
   /usr/local/lib/python3.12/dist-packages/vllm/distributed/parallel_state.py:612 create_mq_broadcaster
   /usr/local/lib/python3.12/dist-packages/vllm/distributed/device_communicators/shm_broadcast.py:1021 create_from_process_group
   /usr/local/lib/python3.12/dist-packages/vllm/distributed/parallel_state.py:2384 in_the_same_node_as
   /usr/local/lib/python3.12/dist-packages/torch/distributed/c10d_logger.py:83 wrapper
   /usr/local/lib/python3.12/dist-packages/torch/distributed/distributed_c10d.py:4026 broadcast_object_list
   /usr/local/lib/python3.12/dist-packages/torch/distributed/c10d_logger.py:83 wrapper
   /usr/local/lib/python3.12/dist-packages/torch/distributed/distributed_c10d.py:3151 broadcast
=== 17:38:55 anon 1.9 file 0.7 shmem 4.8 GiB
   /usr/lib/python3.12/multiprocessing/spawn.py:135 _main
   /usr/lib/python3.12/multiprocessing/process.py:314 _bootstrap
   /usr/lib/python3.12/multiprocessing/process.py:108 run
   /usr/local/lib/python3.12/dist-packages/vllm/v1/executor/multiproc_executor.py:911 worker_main
   /usr/local/lib/python3.12/dist-packages/vllm/tracing/otel.py:178 sync_wrapper
   /usr/local/lib/python3.12/dist-packages/vllm/v1/executor/multiproc_executor.py:698 __init__
   /usr/local/lib/python3.12/dist-packages/vllm/v1/executor/multiproc_executor.py:621 _init_message_queues
   /usr/local/lib/python3.12/dist-packages/vllm/distributed/parallel_state.py:612 create_mq_broadcaster
   /usr/local/lib/python3.12/dist-packages/vllm/distributed/device_communicators/shm_broadcast.py:1021 create_from_process_group
   /usr/local/lib/python3.12/dist-packages/vllm/distributed/parallel_state.py:2384 in_the_same_node_as
   /usr/local/lib/python3.12/dist-packages/torch/distributed/c10d_logger.py:83 wrapper
   /usr/local/lib/python3.12/dist-packages/torch/distributed/distributed_c10d.py:4026 broadcast_object_list
   /usr/local/lib/python3.12/dist-packages/torch/distributed/c10d_logger.py:83 wrapper
   /usr/local/lib/python3.12/dist-packages/torch/distributed/distributed_c10d.py:3151 broadcast
=== 17:39:00 anon 1.9 file 0.7 shmem 4.8 GiB
   /usr/lib/python3.12/multiprocessing/spawn.py:135 _main
   /usr/lib/python3.12/multiprocessing/process.py:314 _bootstrap
   /usr/lib/python3.12/multiprocessing/process.py:108 run
   /usr/local/lib/python3.12/dist-packages/vllm/v1/executor/multiproc_executor.py:911 worker_main
   /usr/local/lib/python3.12/dist-packages/vllm/tracing/otel.py:178 sync_wrapper
   /usr/local/lib/python3.12/dist-packages/vllm/v1/executor/multiproc_executor.py:698 __init__
   /usr/local/lib/python3.12/dist-packages/vllm/v1/executor/multiproc_executor.py:621 _init_message_queues
   /usr/local/lib/python3.12/dist-packages/vllm/distributed/parallel_state.py:612 create_mq_broadcaster
   /usr/local/lib/python3.12/dist-packages/vllm/distributed/device_communicators/shm_broadcast.py:1021 create_from_process_group
   /usr/local/lib/python3.12/dist-packages/vllm/distributed/parallel_state.py:2384 in_the_same_node_as
   /usr/local/lib/python3.12/dist-packages/torch/distributed/c10d_logger.py:83 wrapper
   /usr/local/lib/python3.12/dist-packages/torch/distributed/distributed_c10d.py:4026 broadcast_object_list
   /usr/local/lib/python3.12/dist-packages/torch/distributed/c10d_logger.py:83 wrapper
   /usr/local/lib/python3.12/dist-packages/torch/distributed/distributed_c10d.py:3151 broadcast
=== 17:39:05 anon 1.9 file 0.7 shmem 4.8 GiB
   /usr/lib/python3.12/multiprocessing/spawn.py:135 _main
   /usr/lib/python3.12/multiprocessing/process.py:314 _bootstrap
   /usr/lib/python3.12/multiprocessing/process.py:108 run
   /usr/local/lib/python3.12/dist-packages/vllm/v1/executor/multiproc_executor.py:911 worker_main
   /usr/local/lib/python3.12/dist-packages/vllm/tracing/otel.py:178 sync_wrapper
   /usr/local/lib/python3.12/dist-packages/vllm/v1/executor/multiproc_executor.py:698 __init__
   /usr/local/lib/python3.12/dist-packages/vllm/v1/executor/multiproc_executor.py:621 _init_message_queues
   /usr/local/lib/python3.12/dist-packages/vllm/distributed/parallel_state.py:612 create_mq_broadcaster
   /usr/local/lib/python3.12/dist-packages/vllm/distributed/device_communicators/shm_broadcast.py:1021 create_from_process_group
   /usr/local/lib/python3.12/dist-packages/vllm/distributed/parallel_state.py:2384 in_the_same_node_as
   /usr/local/lib/python3.12/dist-packages/torch/distributed/c10d_logger.py:83 wrapper
   /usr/local/lib/python3.12/dist-packages/torch/distributed/distributed_c10d.py:4026 broadcast_object_list
   /usr/local/lib/python3.12/dist-packages/torch/distributed/c10d_logger.py:83 wrapper
   /usr/local/lib/python3.12/dist-packages/torch/distributed/distributed_c10d.py:3151 broadcast
=== 17:39:10 anon 1.9 file 0.7 shmem 4.8 GiB
   /usr/lib/python3.12/multiprocessing/spawn.py:135 _main
   /usr/lib/python3.12/multiprocessing/process.py:314 _bootstrap
   /usr/lib/python3.12/multiprocessing/process.py:108 run
   /usr/local/lib/python3.12/dist-packages/vllm/v1/executor/multiproc_executor.py:911 worker_main
   /usr/local/lib/python3.12/dist-packages/vllm/tracing/otel.py:178 sync_wrapper
   /usr/local/lib/python3.12/dist-packages/vllm/v1/executor/multiproc_executor.py:698 __init__
   /usr/local/lib/python3.12/dist-packages/vllm/v1/executor/multiproc_executor.py:621 _init_message_queues
   /usr/local/lib/python3.12/dist-packages/vllm/distributed/parallel_state.py:612 create_mq_broadcaster
   /usr/local/lib/python3.12/dist-packages/vllm/distributed/device_communicators/shm_broadcast.py:1021 create_from_process_group
   /usr/local/lib/python3.12/dist-packages/vllm/distributed/parallel_state.py:2384 in_the_same_node_as
   /usr/local/lib/python3.12/dist-packages/torch/distributed/c10d_logger.py:83 wrapper
   /usr/local/lib/python3.12/dist-packages/torch/distributed/distributed_c10d.py:4026 broadcast_object_list
   /usr/local/lib/python3.12/dist-packages/torch/distributed/c10d_logger.py:83 wrapper
   /usr/local/lib/python3.12/dist-packages/torch/distributed/distributed_c10d.py:3151 broadcast
=== 17:39:15 anon 1.9 file 0.7 shmem 4.8 GiB
   /usr/lib/python3.12/multiprocessing/spawn.py:135 _main
   /usr/lib/python3.12/multiprocessing/process.py:314 _bootstrap
   /usr/lib/python3.12/multiprocessing/process.py:108 run
   /usr/local/lib/python3.12/dist-packages/vllm/v1/executor/multiproc_executor.py:911 worker_main
   /usr/local/lib/python3.12/dist-packages/vllm/tracing/otel.py:178 sync_wrapper
   /usr/local/lib/python3.12/dist-packages/vllm/v1/executor/multiproc_executor.py:698 __init__
   /usr/local/lib/python3.12/dist-packages/vllm/v1/executor/multiproc_executor.py:621 _init_message_queues
   /usr/local/lib/python3.12/dist-packages/vllm/distributed/parallel_state.py:612 create_mq_broadcaster
   /usr/local/lib/python3.12/dist-packages/vllm/distributed/device_communicators/shm_broadcast.py:1021 create_from_process_group
   /usr/local/lib/python3.12/dist-packages/vllm/distributed/parallel_state.py:2384 in_the_same_node_as
   /usr/local/lib/python3.12/dist-packages/torch/distributed/c10d_logger.py:83 wrapper
   /usr/local/lib/python3.12/dist-packages/torch/distributed/distributed_c10d.py:4026 broadcast_object_list
   /usr/local/lib/python3.12/dist-packages/torch/distributed/c10d_logger.py:83 wrapper
   /usr/local/lib/python3.12/dist-packages/torch/distributed/distributed_c10d.py:3151 broadcast
=== 17:39:20 anon 1.9 file 0.7 shmem 4.8 GiB
   /usr/lib/python3.12/multiprocessing/spawn.py:135 _main
   /usr/lib/python3.12/multiprocessing/process.py:314 _bootstrap
   /usr/lib/python3.12/multiprocessing/process.py:108 run
   /usr/local/lib/python3.12/dist-packages/vllm/v1/executor/multiproc_executor.py:911 worker_main
   /usr/local/lib/python3.12/dist-packages/vllm/tracing/otel.py:178 sync_wrapper
   /usr/local/lib/python3.12/dist-packages/vllm/v1/executor/multiproc_executor.py:698 __init__
   /usr/local/lib/python3.12/dist-packages/vllm/v1/executor/multiproc_executor.py:621 _init_message_queues
   /usr/local/lib/python3.12/dist-packages/vllm/distributed/parallel_state.py:612 create_mq_broadcaster
   /usr/local/lib/python3.12/dist-packages/vllm/distributed/device_communicators/shm_broadcast.py:1021 create_from_process_group
   /usr/local/lib/python3.12/dist-packages/vllm/distributed/parallel_state.py:2384 in_the_same_node_as
   /usr/local/lib/python3.12/dist-packages/torch/distributed/c10d_logger.py:83 wrapper
   /usr/local/lib/python3.12/dist-packages/torch/distributed/distributed_c10d.py:4026 broadcast_object_list
   /usr/local/lib/python3.12/dist-packages/torch/distributed/c10d_logger.py:83 wrapper
   /usr/local/lib/python3.12/dist-packages/torch/distributed/distributed_c10d.py:3151 broadcast
=== 17:39:25 anon 1.9 file 0.7 shmem 4.8 GiB
   /usr/lib/python3.12/multiprocessing/spawn.py:135 _main
   /usr/lib/python3.12/multiprocessing/process.py:314 _bootstrap
   /usr/lib/python3.12/multiprocessing/process.py:108 run
   /usr/local/lib/python3.12/dist-packages/vllm/v1/executor/multiproc_executor.py:911 worker_main
   /usr/local/lib/python3.12/dist-packages/vllm/tracing/otel.py:178 sync_wrapper
   /usr/local/lib/python3.12/dist-packages/vllm/v1/executor/multiproc_executor.py:698 __init__
   /usr/local/lib/python3.12/dist-packages/vllm/v1/executor/multiproc_executor.py:621 _init_message_queues
   /usr/local/lib/python3.12/dist-packages/vllm/distributed/parallel_state.py:612 create_mq_broadcaster
   /usr/local/lib/python3.12/dist-packages/vllm/distributed/device_communicators/shm_broadcast.py:1021 create_from_process_group
   /usr/local/lib/python3.12/dist-packages/vllm/distributed/parallel_state.py:2384 in_the_same_node_as
   /usr/local/lib/python3.12/dist-packages/torch/distributed/c10d_logger.py:83 wrapper
   /usr/local/lib/python3.12/dist-packages/torch/distributed/distributed_c10d.py:4026 broadcast_object_list
   /usr/local/lib/python3.12/dist-packages/torch/distributed/c10d_logger.py:83 wrapper
   /usr/local/lib/python3.12/dist-packages/torch/distributed/distributed_c10d.py:3151 broadcast
=== 17:39:30 anon 1.9 file 0.7 shmem 4.8 GiB
   /usr/lib/python3.12/multiprocessing/spawn.py:135 _main
   /usr/lib/python3.12/multiprocessing/process.py:314 _bootstrap
   /usr/lib/python3.12/multiprocessing/process.py:108 run
   /usr/local/lib/python3.12/dist-packages/vllm/v1/executor/multiproc_executor.py:911 worker_main
   /usr/local/lib/python3.12/dist-packages/vllm/tracing/otel.py:178 sync_wrapper
   /usr/local/lib/python3.12/dist-packages/vllm/v1/executor/multiproc_executor.py:698 __init__
   /usr/local/lib/python3.12/dist-packages/vllm/v1/executor/multiproc_executor.py:621 _init_message_queues
   /usr/local/lib/python3.12/dist-packages/vllm/distributed/parallel_state.py:612 create_mq_broadcaster
   /usr/local/lib/python3.12/dist-packages/vllm/distributed/device_communicators/shm_broadcast.py:1021 create_from_process_group
   /usr/local/lib/python3.12/dist-packages/vllm/distributed/parallel_state.py:2384 in_the_same_node_as
   /usr/local/lib/python3.12/dist-packages/torch/distributed/c10d_logger.py:83 wrapper
   /usr/local/lib/python3.12/dist-packages/torch/distributed/distributed_c10d.py:4026 broadcast_object_list
   /usr/local/lib/python3.12/dist-packages/torch/distributed/c10d_logger.py:83 wrapper
   /usr/local/lib/python3.12/dist-packages/torch/distributed/distributed_c10d.py:3151 broadcast
=== 17:39:35 anon 1.9 file 0.7 shmem 4.8 GiB
   /usr/lib/python3.12/multiprocessing/spawn.py:135 _main
   /usr/lib/python3.12/multiprocessing/process.py:314 _bootstrap
   /usr/lib/python3.12/multiprocessing/process.py:108 run
   /usr/local/lib/python3.12/dist-packages/vllm/v1/executor/multiproc_executor.py:911 worker_main
   /usr/local/lib/python3.12/dist-packages/vllm/tracing/otel.py:178 sync_wrapper
   /usr/local/lib/python3.12/dist-packages/vllm/v1/executor/multiproc_executor.py:698 __init__
   /usr/local/lib/python3.12/dist-packages/vllm/v1/executor/multiproc_executor.py:621 _init_message_queues
   /usr/local/lib/python3.12/dist-packages/vllm/distributed/parallel_state.py:612 create_mq_broadcaster
   /usr/local/lib/python3.12/dist-packages/vllm/distributed/device_communicators/shm_broadcast.py:1021 create_from_process_group
   /usr/local/lib/python3.12/dist-packages/vllm/distributed/parallel_state.py:2384 in_the_same_node_as
   /usr/local/lib/python3.12/dist-packages/torch/distributed/c10d_logger.py:83 wrapper
   /usr/local/lib/python3.12/dist-packages/torch/distributed/distributed_c10d.py:4026 broadcast_object_list
   /usr/local/lib/python3.12/dist-packages/torch/distributed/c10d_logger.py:83 wrapper
   /usr/local/lib/python3.12/dist-packages/torch/distributed/distributed_c10d.py:3151 broadcast
=== 17:39:40 anon 1.9 file 0.7 shmem 4.8 GiB
   /usr/lib/python3.12/multiprocessing/spawn.py:135 _main
   /usr/lib/python3.12/multiprocessing/process.py:314 _bootstrap
   /usr/lib/python3.12/multiprocessing/process.py:108 run
   /usr/local/lib/python3.12/dist-packages/vllm/v1/executor/multiproc_executor.py:911 worker_main
   /usr/local/lib/python3.12/dist-packages/vllm/tracing/otel.py:178 sync_wrapper
   /usr/local/lib/python3.12/dist-packages/vllm/v1/executor/multiproc_executor.py:698 __init__
   /usr/local/lib/python3.12/dist-packages/vllm/v1/executor/multiproc_executor.py:621 _init_message_queues
   /usr/local/lib/python3.12/dist-packages/vllm/distributed/parallel_state.py:612 create_mq_broadcaster
   /usr/local/lib/python3.12/dist-packages/vllm/distributed/device_communicators/shm_broadcast.py:1021 create_from_process_group
   /usr/local/lib/python3.12/dist-packages/vllm/distributed/parallel_state.py:2384 in_the_same_node_as
   /usr/local/lib/python3.12/dist-packages/torch/distributed/c10d_logger.py:83 wrapper
   /usr/local/lib/python3.12/dist-packages/torch/distributed/distributed_c10d.py:4026 broadcast_object_list
   /usr/local/lib/python3.12/dist-packages/torch/distributed/c10d_logger.py:83 wrapper
   /usr/local/lib/python3.12/dist-packages/torch/distributed/distributed_c10d.py:3151 broadcast
=== 17:39:45 anon 1.9 file 0.7 shmem 4.8 GiB
   /usr/lib/python3.12/multiprocessing/spawn.py:135 _main
   /usr/lib/python3.12/multiprocessing/process.py:314 _bootstrap
   /usr/lib/python3.12/multiprocessing/process.py:108 run
   /usr/local/lib/python3.12/dist-packages/vllm/v1/executor/multiproc_executor.py:911 worker_main
   /usr/local/lib/python3.12/dist-packages/vllm/tracing/otel.py:178 sync_wrapper
   /usr/local/lib/python3.12/dist-packages/vllm/v1/executor/multiproc_executor.py:698 __init__
   /usr/local/lib/python3.12/dist-packages/vllm/v1/executor/multiproc_executor.py:621 _init_message_queues
   /usr/local/lib/python3.12/dist-packages/vllm/distributed/parallel_state.py:612 create_mq_broadcaster
   /usr/local/lib/python3.12/dist-packages/vllm/distributed/device_communicators/shm_broadcast.py:1021 create_from_process_group
   /usr/local/lib/python3.12/dist-packages/vllm/distributed/parallel_state.py:2384 in_the_same_node_as
   /usr/local/lib/python3.12/dist-packages/torch/distributed/c10d_logger.py:83 wrapper
   /usr/local/lib/python3.12/dist-packages/torch/distributed/distributed_c10d.py:4026 broadcast_object_list
   /usr/local/lib/python3.12/dist-packages/torch/distributed/c10d_logger.py:83 wrapper
   /usr/local/lib/python3.12/dist-packages/torch/distributed/distributed_c10d.py:3151 broadcast
=== 17:39:50 anon 1.9 file 0.7 shmem 4.8 GiB
   /usr/lib/python3.12/multiprocessing/spawn.py:135 _main
   /usr/lib/python3.12/multiprocessing/process.py:314 _bootstrap
   /usr/lib/python3.12/multiprocessing/process.py:108 run
   /usr/local/lib/python3.12/dist-packages/vllm/v1/executor/multiproc_executor.py:911 worker_main
   /usr/local/lib/python3.12/dist-packages/vllm/tracing/otel.py:178 sync_wrapper
   /usr/local/lib/python3.12/dist-packages/vllm/v1/executor/multiproc_executor.py:698 __init__
   /usr/local/lib/python3.12/dist-packages/vllm/v1/executor/multiproc_executor.py:621 _init_message_queues
   /usr/local/lib/python3.12/dist-packages/vllm/distributed/parallel_state.py:612 create_mq_broadcaster
   /usr/local/lib/python3.12/dist-packages/vllm/distributed/device_communicators/shm_broadcast.py:1021 create_from_process_group
   /usr/local/lib/python3.12/dist-packages/vllm/distributed/parallel_state.py:2384 in_the_same_node_as
   /usr/local/lib/python3.12/dist-packages/torch/distributed/c10d_logger.py:83 wrapper
   /usr/local/lib/python3.12/dist-packages/torch/distributed/distributed_c10d.py:4026 broadcast_object_list
   /usr/local/lib/python3.12/dist-packages/torch/distributed/c10d_logger.py:83 wrapper
   /usr/local/lib/python3.12/dist-packages/torch/distributed/distributed_c10d.py:3151 broadcast
=== 17:39:56 anon 1.9 file 0.7 shmem 4.8 GiB
   /usr/local/lib/python3.12/dist-packages/torch/nn/modules/module.py:1789 _call_impl
   /usr/local/lib/python3.12/dist-packages/vllm/models/deepseek_v4_1/nvidia/model.py:306 forward
   /usr/local/lib/python3.12/dist-packages/vllm/model_executor/kernels/mhc/tilelang.py:193 mhc_pre_delayed_tilelang
   /usr/local/lib/python3.12/dist-packages/vllm/model_executor/kernels/mhc/warmup.py:71 __call__
   /usr/local/lib/python3.12/dist-packages/vllm/model_executor/warmup/jit_warmup.py:568 _get_or_compile
   /usr/local/lib/python3.12/dist-packages/vllm/model_executor/kernels/mhc/warmup.py:60 compile
   /usr/local/lib/python3.12/dist-packages/tilelang/jit/__init__.py:443 compile
   /usr/local/lib/python3.12/dist-packages/tilelang/jit/__init__.py:364 get_tir
   /usr/local/lib/python3.12/dist-packages/tilelang/language/eager/builder.py:1464 __call__
   /usr/local/lib/python3.12/dist-packages/tilelang/language/eager/builder.py:1456 get_tir
   /usr/local/lib/python3.12/dist-packages/tilelang/language/eager/builder.py:1429 _build_tir_template
   /usr/lib/python3.12/contextlib.py:137 __enter__
   /usr/local/lib/python3.12/dist-packages/tilelang/language/eager/builder.py:230 prim_func
   /usr/local/lib/python3.12/dist-packages/tilelang/3rdparty/tvm/python/tvm/tirx/script/builder/ir.py:213 prim_func
=== 17:40:01 anon 2.3 file 0.8 shmem 4.8 GiB
   /usr/local/lib/python3.12/dist-packages/torch/nn/modules/module.py:1778 _wrapped_call_impl
   /usr/local/lib/python3.12/dist-packages/torch/nn/modules/module.py:1789 _call_impl
   /usr/local/lib/python3.12/dist-packages/vllm/models/deepseek_v4_1/nvidia/vl_model.py:317 forward
   /usr/local/lib/python3.12/dist-packages/torch/nn/modules/module.py:1778 _wrapped_call_impl
   /usr/local/lib/python3.12/dist-packages/torch/nn/modules/module.py:1789 _call_impl
   /usr/local/lib/python3.12/dist-packages/vllm/models/deepseek_v4_1/nvidia/model.py:1085 forward
   /usr/local/lib/python3.12/dist-packages/torch/nn/modules/module.py:1778 _wrapped_call_impl
   /usr/local/lib/python3.12/dist-packages/torch/nn/modules/module.py:1789 _call_impl
   /usr/local/lib/python3.12/dist-packages/vllm/models/deepseek_v4_1/nvidia/model.py:674 forward
   /usr/local/lib/python3.12/dist-packages/vllm/model_executor/kernels/mhc/triton.py:119 hc_collapse_triton
   /usr/local/lib/python3.12/dist-packages/triton/runtime/jit.py:370 <lambda>
   /usr/local/lib/python3.12/dist-packages/triton/runtime/jit.py:760 run
   /usr/local/lib/python3.12/dist-packages/triton/compiler/compiler.py:485 launch_metadata
   /usr/local/lib/python3.12/dist-packages/triton/compiler/compiler.py:468 _init_handles
=== 17:40:06 anon 2.7 file 0.8 shmem 4.8 GiB
   /usr/local/lib/python3.12/dist-packages/torch/nn/modules/module.py:1789 _call_impl
   /usr/local/lib/python3.12/dist-packages/vllm/models/deepseek_v4_1/attention.py:587 forward
   /usr/local/lib/python3.12/dist-packages/vllm/models/deepseek_v4_1/nvidia/flashinfer_sparse.py:601 _o_proj
   /usr/local/lib/python3.12/dist-packages/vllm/models/deepseek_v4/nvidia/ops/o_proj.py:87 deep_gemm_fp8_o_proj
   /usr/local/lib/python3.12/dist-packages/torch/nn/modules/module.py:1778 _wrapped_call_impl
   /usr/local/lib/python3.12/dist-packages/torch/nn/modules/module.py:1789 _call_impl
   /usr/local/lib/python3.12/dist-packages/vllm/model_executor/layers/linear.py:1771 forward
   /usr/local/lib/python3.12/dist-packages/vllm/distributed/communication_op.py:14 tensor_model_parallel_all_reduce
   /usr/local/lib/python3.12/dist-packages/vllm/distributed/parallel_state.py:742 all_reduce
   /usr/local/lib/python3.12/dist-packages/torch/_ops.py:1279 __call__
   /usr/local/lib/python3.12/dist-packages/vllm/distributed/parallel_state.py:198 all_reduce
   /usr/local/lib/python3.12/dist-packages/vllm/distributed/parallel_state.py:749 _all_reduce_out_place
   /usr/local/lib/python3.12/dist-packages/vllm/distributed/device_communicators/cuda_communicator.py:377 all_reduce
   /usr/local/lib/python3.12/dist-packages/vllm/distributed/device_communicators/pynccl.py:268 all_reduce
=== 17:40:12 anon 2.7 file 0.9 shmem 4.8 GiB
   /usr/local/lib/python3.12/dist-packages/torch/nn/modules/module.py:1778 _wrapped_call_impl
   /usr/local/lib/python3.12/dist-packages/torch/nn/modules/module.py:1789 _call_impl
   /usr/local/lib/python3.12/dist-packages/vllm/models/deepseek_v4_1/attention.py:574 forward
   /usr/local/lib/python3.12/dist-packages/vllm/models/deepseek_v4_1/attention.py:732 _prepare_and_attn
   /usr/local/lib/python3.12/dist-packages/vllm/compilation/breakable_cudagraph.py:104 wrapper
   /usr/local/lib/python3.12/dist-packages/vllm/models/deepseek_v4_1/attention.py:836 _sparse_indexer_and_attn
   /usr/local/lib/python3.12/dist-packages/vllm/models/deepseek_v4_1/nvidia/flashinfer_sparse.py:742 forward_mqa
   /usr/local/lib/python3.12/dist-packages/vllm/models/deepseek_v4_1/nvidia/flashinfer_sparse.py:673 _forward_sparse_impl
   /usr/local/lib/python3.12/dist-packages/vllm/models/deepseek_v4_1/nvidia/flashinfer_sparse.py:876 _forward_prefill
   /usr/local/lib/python3.12/dist-packages/vllm/models/deepseek_v4_1/common/ops/cache_utils.py:456 compute_global_topk_indices_and_lens
   /usr/local/lib/python3.12/dist-packages/triton/runtime/jit.py:370 <lambda>
   /usr/local/lib/python3.12/dist-packages/triton/runtime/jit.py:760 run
   /usr/local/lib/python3.12/dist-packages/triton/compiler/compiler.py:485 launch_metadata
   /usr/local/lib/python3.12/dist-packages/triton/compiler/compiler.py:468 _init_handles
=== 17:40:17 anon 2.8 file 0.9 shmem 4.8 GiB
   /usr/local/lib/python3.12/dist-packages/vllm/utils/flashinfer.py:920 mm_mxfp8
   /usr/local/lib/python3.12/dist-packages/flashinfer/utils.py:1561 wrapper
   /usr/local/lib/python3.12/dist-packages/flashinfer/api_logging.py:2348 _auto_dump_wrapper
   /usr/local/lib/python3.12/dist-packages/flashinfer/gemm/gemm_base.py:6267 mm_mxfp8
   /usr/local/lib/python3.12/dist-packages/flashinfer/autotuner/autotuner.py:2299 choose_one
   /usr/local/lib/python3.12/dist-packages/flashinfer/autotuner/autotuner.py:2785 _profile_single_kernel
   /usr/local/lib/python3.12/dist-packages/flashinfer/autotuner/autotuner.py:2706 pure_profile
   /usr/local/lib/python3.12/dist-packages/flashinfer/tllm_utils.py:12 delay_kernel
   /usr/local/lib/python3.12/dist-packages/flashinfer/tllm_utils.py:8 get_trtllm_utils_module
   /usr/local/lib/python3.12/dist-packages/flashinfer/jit/core.py:330 build_and_load
   /usr/local/lib/python3.12/dist-packages/flashinfer/jit/core.py:452 build
   /usr/local/lib/python3.12/dist-packages/flashinfer/jit/cpp_ext.py:404 run_ninja
   /usr/lib/python3.12/subprocess.py:550 run
   /usr/lib/python3.12/subprocess.py:1196 communicate
=== 17:40:22 anon 2.8 file 0.9 shmem 4.8 GiB
   /usr/local/lib/python3.12/dist-packages/torch/_library/custom_ops.py:863 __call__
   /usr/local/lib/python3.12/dist-packages/torch/_ops.py:875 __call__
   /usr/local/lib/python3.12/dist-packages/torch/_library/custom_ops.py:441 backend_impl
   /usr/local/lib/python3.12/dist-packages/torch/_compile.py:54 inner
   /usr/local/lib/python3.12/dist-packages/torch/_dynamo/eval_frame.py:1446 _fn
   /usr/local/lib/python3.12/dist-packages/torch/_library/custom_ops.py:502 wrapped_fn
   /usr/local/lib/python3.12/dist-packages/vllm/utils/flashinfer.py:920 mm_mxfp8
   /usr/local/lib/python3.12/dist-packages/flashinfer/utils.py:1561 wrapper
   /usr/local/lib/python3.12/dist-packages/flashinfer/api_logging.py:2348 _auto_dump_wrapper
   /usr/local/lib/python3.12/dist-packages/flashinfer/gemm/gemm_base.py:6267 mm_mxfp8
   /usr/local/lib/python3.12/dist-packages/flashinfer/autotuner/autotuner.py:2299 choose_one
   /usr/local/lib/python3.12/dist-packages/flashinfer/autotuner/autotuner.py:2804 _profile_single_kernel
   /usr/local/lib/python3.12/dist-packages/torch/distributed/c10d_logger.py:83 wrapper
   /usr/local/lib/python3.12/dist-packages/torch/distributed/distributed_c10d.py:3252 all_reduce
=== 17:40:27 anon 2.8 file 0.9 shmem 4.8 GiB
   /usr/local/lib/python3.12/dist-packages/torch/_library/custom_ops.py:863 __call__
   /usr/local/lib/python3.12/dist-packages/torch/_ops.py:875 __call__
   /usr/local/lib/python3.12/dist-packages/torch/_library/custom_ops.py:441 backend_impl
   /usr/local/lib/python3.12/dist-packages/torch/_compile.py:54 inner
   /usr/local/lib/python3.12/dist-packages/torch/_dynamo/eval_frame.py:1446 _fn
   /usr/local/lib/python3.12/dist-packages/torch/_library/custom_ops.py:502 wrapped_fn
   /usr/local/lib/python3.12/dist-packages/vllm/utils/flashinfer.py:920 mm_mxfp8
   /usr/local/lib/python3.12/dist-packages/flashinfer/utils.py:1561 wrapper
   /usr/local/lib/python3.12/dist-packages/flashinfer/api_logging.py:2348 _auto_dump_wrapper
   /usr/local/lib/python3.12/dist-packages/flashinfer/gemm/gemm_base.py:6267 mm_mxfp8
   /usr/local/lib/python3.12/dist-packages/flashinfer/autotuner/autotuner.py:2299 choose_one
   /usr/local/lib/python3.12/dist-packages/flashinfer/autotuner/autotuner.py:2785 _profile_single_kernel
   /usr/local/lib/python3.12/dist-packages/flashinfer/autotuner/autotuner.py:2716 pure_profile
   /usr/local/lib/python3.12/dist-packages/torch/cuda/streams.py:108 synchronize
=== 17:40:32 anon 2.9 file 0.9 shmem 4.8 GiB
   <string>:1 <module>
   /usr/lib/python3.12/multiprocessing/spawn.py:122 spawn_main
   /usr/lib/python3.12/multiprocessing/spawn.py:135 _main
   /usr/lib/python3.12/multiprocessing/process.py:314 _bootstrap
   /usr/lib/python3.12/multiprocessing/process.py:108 run
   /usr/local/lib/python3.12/dist-packages/vllm/v1/executor/multiproc_executor.py:935 worker_main
   /usr/local/lib/python3.12/dist-packages/vllm/v1/executor/multiproc_executor.py:1033 worker_busy_loop
   /usr/local/lib/python3.12/dist-packages/vllm/distributed/device_communicators/shm_broadcast.py:904 dequeue
   /usr/local/lib/python3.12/dist-packages/vllm/distributed/device_communicators/shm_broadcast.py:913 recv
   /usr/local/lib/python3.12/dist-packages/zmq/sugar/socket.py:1106 poll
   /usr/local/lib/python3.12/dist-packages/zmq/sugar/poll.py:106 poll
=== 17:40:37 anon 2.9 file 0.9 shmem 4.8 GiB
   /usr/local/lib/python3.12/dist-packages/vllm/models/deepseek_v4_1/nvidia/flashinfer_sparse.py:682 _forward_sparse_impl
   /usr/local/lib/python3.12/dist-packages/vllm/models/deepseek_v4_1/nvidia/flashinfer_sparse.py:815 _forward_decode
   /usr/local/lib/python3.12/dist-packages/vllm/utils/flashinfer.py:179 wrapper
   /usr/local/lib/python3.12/dist-packages/flashinfer/mla/_core.py:2258 trtllm_batch_decode_sparse_mla_dsv4
   /usr/local/lib/python3.12/dist-packages/flashinfer/mla/_core.py:1512 _trtllm_batch_decode_sparse_mla_dsv4_sm120
   /usr/local/lib/python3.12/dist-packages/flashinfer/mla/_core.py:670 _trtllm_batch_decode_sparse_mla_sm120
   /usr/local/lib/python3.12/dist-packages/flashinfer/mla/_sparse_mla_sm120.py:1337 run
   /usr/local/lib/python3.12/dist-packages/flashinfer/mla/_sparse_mla_sm120.py:893 _sparse_mla_sm120_paged_attention
   /usr/local/lib/python3.12/dist-packages/flashinfer/mla/_sparse_mla_sm120.py:706 _paged_attention
   /usr/local/lib/python3.12/dist-packages/flashinfer/mla/_sparse_mla_sm120_plan.py:656 plan
   /usr/local/lib/python3.12/dist-packages/flashinfer/mla/_sparse_mla_sm120_plan.py:525 _resolve_cpb
   /usr/local/lib/python3.12/dist-packages/flashinfer/mla/_sparse_mla_sm120_cpb.py:1013 get_constants
   /usr/local/lib/python3.12/dist-packages/flashinfer/mla/_sparse_mla_sm120_cpb.py:980 _maybe_load_disk
   /usr/lib/python3.12/pathlib.py:842 stat
=== 17:40:42 anon 2.9 file 0.9 shmem 4.8 GiB
   /usr/local/lib/python3.12/dist-packages/torch/nn/modules/module.py:1778 _wrapped_call_impl
   /usr/local/lib/python3.12/dist-packages/torch/nn/modules/module.py:1789 _call_impl
   /usr/local/lib/python3.12/dist-packages/vllm/models/deepseek_v4_1/nvidia/model.py:1085 forward
   /usr/local/lib/python3.12/dist-packages/torch/nn/modules/module.py:1778 _wrapped_call_impl
   /usr/local/lib/python3.12/dist-packages/torch/nn/modules/module.py:1789 _call_impl
   /usr/local/lib/python3.12/dist-packages/vllm/models/deepseek_v4_1/nvidia/model.py:626 forward
   /usr/local/lib/python3.12/dist-packages/torch/nn/modules/module.py:1778 _wrapped_call_impl
   /usr/local/lib/python3.12/dist-packages/torch/nn/modules/module.py:1789 _call_impl
   /usr/local/lib/python3.12/dist-packages/vllm/models/deepseek_v4_1/nvidia/model.py:384 forward
   /usr/local/lib/python3.12/dist-packages/torch/nn/modules/module.py:1778 _wrapped_call_impl
   /usr/local/lib/python3.12/dist-packages/torch/nn/modules/module.py:1789 _call_impl
   /usr/local/lib/python3.12/dist-packages/vllm/models/deepseek_v4_1/attention.py:587 forward
   /usr/local/lib/python3.12/dist-packages/vllm/models/deepseek_v4_1/nvidia/flashinfer_sparse.py:601 _o_proj
   /usr/local/lib/python3.12/dist-packages/vllm/models/deepseek_v4/nvidia/ops/o_proj.py:87 deep_gemm_fp8_o_proj
=== 17:40:47 anon 2.9 file 0.9 shmem 4.8 GiB
   /usr/lib/python3.12/multiprocessing/process.py:314 _bootstrap
   /usr/lib/python3.12/multiprocessing/process.py:108 run
   /usr/local/lib/python3.12/dist-packages/vllm/v1/executor/multiproc_executor.py:935 worker_main
   /usr/local/lib/python3.12/dist-packages/vllm/v1/executor/multiproc_executor.py:1033 worker_busy_loop
   /usr/local/lib/python3.12/dist-packages/vllm/v1/executor/multiproc_executor.py:1047 _execute_worker_rpc
   /usr/local/lib/python3.12/dist-packages/vllm/v1/worker/worker_base.py:375 execute_model
   /usr/local/lib/python3.12/dist-packages/torch/utils/_contextlib.py:124 decorate_context
   /usr/local/lib/python3.12/dist-packages/vllm/v1/worker/gpu_worker.py:1177 execute_model
   /usr/local/lib/python3.12/dist-packages/torch/utils/_contextlib.py:124 decorate_context
   /usr/local/lib/python3.12/dist-packages/vllm/v1/worker/gpu/model_runner.py:1728 execute_model
   /usr/local/lib/python3.12/dist-packages/vllm/models/deepseek_v4_1/nvidia/model_state.py:110 prepare_inputs
   /usr/local/lib/python3.12/dist-packages/torch/utils/_contextlib.py:124 decorate_context
   /usr/local/lib/python3.12/dist-packages/vllm/models/deepseek_v4_1/common/engram.py:1399 stage
   /usr/local/lib/python3.12/dist-packages/torch/cuda/streams.py:254 synchronize
=== 17:40:52 anon 2.9 file 0.9 shmem 4.8 GiB
   /usr/local/lib/python3.12/dist-packages/torch/nn/modules/module.py:1789 _call_impl
   /usr/local/lib/python3.12/dist-packages/vllm/models/deepseek_v4_1/nvidia/model.py:384 forward
   /usr/local/lib/python3.12/dist-packages/torch/nn/modules/module.py:1778 _wrapped_call_impl
   /usr/local/lib/python3.12/dist-packages/torch/nn/modules/module.py:1789 _call_impl
   /usr/local/lib/python3.12/dist-packages/vllm/models/deepseek_v4_1/attention.py:587 forward
   /usr/local/lib/python3.12/dist-packages/vllm/models/deepseek_v4_1/attention.py:732 _prepare_and_attn
   /usr/local/lib/python3.12/dist-packages/vllm/utils/multi_stream_utils.py:62 maybe_execute_in_parallel
   /usr/local/lib/python3.12/dist-packages/vllm/models/deepseek_v4_1/attention.py:711 prepare_indexer
   /usr/local/lib/python3.12/dist-packages/torch/nn/modules/module.py:1778 _wrapped_call_impl
   /usr/local/lib/python3.12/dist-packages/torch/nn/modules/module.py:1789 _call_impl
   /usr/local/lib/python3.12/dist-packages/vllm/models/deepseek_v4_1/attention.py:1227 forward
   /usr/local/lib/python3.12/dist-packages/triton/runtime/jit.py:370 <lambda>
   /usr/local/lib/python3.12/dist-packages/triton/runtime/jit.py:763 run
   /usr/local/lib/python3.12/dist-packages/triton/backends/nvidia/driver.py:328 __call__
=== 17:40:57 anon 2.9 file 0.9 shmem 4.8 GiB
   /usr/lib/python3.12/multiprocessing/process.py:314 _bootstrap
   /usr/lib/python3.12/multiprocessing/process.py:108 run
   /usr/local/lib/python3.12/dist-packages/vllm/v1/executor/multiproc_executor.py:935 worker_main
   /usr/local/lib/python3.12/dist-packages/vllm/v1/executor/multiproc_executor.py:1033 worker_busy_loop
   /usr/local/lib/python3.12/dist-packages/vllm/v1/executor/multiproc_executor.py:1047 _execute_worker_rpc
   /usr/local/lib/python3.12/dist-packages/vllm/v1/worker/worker_base.py:375 execute_model
   /usr/local/lib/python3.12/dist-packages/torch/utils/_contextlib.py:124 decorate_context
   /usr/local/lib/python3.12/dist-packages/vllm/v1/worker/gpu_worker.py:1177 execute_model
   /usr/local/lib/python3.12/dist-packages/torch/utils/_contextlib.py:124 decorate_context
   /usr/local/lib/python3.12/dist-packages/vllm/v1/worker/gpu/model_runner.py:1728 execute_model
   /usr/local/lib/python3.12/dist-packages/vllm/models/deepseek_v4_1/nvidia/model_state.py:110 prepare_inputs
   /usr/local/lib/python3.12/dist-packages/torch/utils/_contextlib.py:124 decorate_context
   /usr/local/lib/python3.12/dist-packages/vllm/models/deepseek_v4_1/common/engram.py:1399 stage
   /usr/local/lib/python3.12/dist-packages/torch/cuda/streams.py:254 synchronize
=== 17:41:02 anon 2.9 file 0.9 shmem 4.8 GiB
   /usr/local/lib/python3.12/dist-packages/torch/nn/modules/module.py:1789 _call_impl
   /usr/local/lib/python3.12/dist-packages/vllm/model_executor/layers/linear.py:599 forward
   /usr/local/lib/python3.12/dist-packages/vllm/model_executor/layers/quantization/modelopt.py:2447 apply
   /usr/local/lib/python3.12/dist-packages/vllm/model_executor/layers/quantization/modelopt.py:2296 apply
   /usr/local/lib/python3.12/dist-packages/vllm/model_executor/layers/quantization/modelopt.py:2451 <lambda>
   /usr/local/lib/python3.12/dist-packages/vllm/model_executor/kernels/linear/mxfp8/flashinfer.py:101 apply_weights
   /usr/local/lib/python3.12/dist-packages/vllm/model_executor/layers/quantization/utils/mxfp8_utils.py:227 mxfp8_e4m3_quantize
   /usr/local/lib/python3.12/dist-packages/torch/_ops.py:1279 __call__
   /usr/local/lib/python3.12/dist-packages/vllm/model_executor/layers/quantization/utils/mxfp8_utils.py:206 _mxfp8_e4m3_quantize_impl
   /usr/local/lib/python3.12/dist-packages/flashinfer/api_logging.py:2348 _auto_dump_wrapper
   /usr/local/lib/python3.12/dist-packages/flashinfer/quantization/fp8_quantization.py:246 mxfp8_quantize
   /usr/local/lib/python3.12/dist-packages/flashinfer/quantization/kernels/mxfp8_quantize.py:980 mxfp8_quantize_cute_dsl
   /usr/local/lib/python3.12/dist-packages/nvidia_cutlass_dsl/dsl_packages/cutlass/cutlass_dsl/tvm_ffi_provider.py:685 __call__
   <string>:3 wrapper
=== 17:41:07 anon 2.9 file 0.9 shmem 4.8 GiB
   /usr/local/lib/python3.12/dist-packages/torch/nn/modules/module.py:1789 _call_impl
   /usr/local/lib/python3.12/dist-packages/vllm/model_executor/layers/fused_moe/runner/moe_runner.py:788 forward
   /usr/local/lib/python3.12/dist-packages/torch/_ops.py:1279 __call__
   /usr/local/lib/python3.12/dist-packages/vllm/model_executor/layers/fused_moe/runner/moe_runner.py:162 _moe_forward_shared
   /usr/local/lib/python3.12/dist-packages/vllm/model_executor/layers/fused_moe/runner/moe_runner.py:904 _forward_impl
   /usr/local/lib/python3.12/dist-packages/vllm/model_executor/layers/fused_moe/runner/shared_experts.py:154 maybe_forward_async
   /usr/local/lib/python3.12/dist-packages/torch/nn/modules/module.py:1778 _wrapped_call_impl
   /usr/local/lib/python3.12/dist-packages/torch/nn/modules/module.py:1789 _call_impl
   /usr/local/lib/python3.12/dist-packages/vllm/models/deepseek_v4/nvidia/model.py:157 forward
   /usr/local/lib/python3.12/dist-packages/torch/nn/modules/module.py:1778 _wrapped_call_impl
   /usr/local/lib/python3.12/dist-packages/torch/nn/modules/module.py:1789 _call_impl
   /usr/local/lib/python3.12/dist-packages/vllm/model_executor/custom_op.py:136 forward
   /usr/local/lib/python3.12/dist-packages/vllm/model_executor/layers/activation.py:250 forward_cuda
   /usr/local/lib/python3.12/dist-packages/torch/_ops.py:1279 __call__
=== 17:41:12 anon 2.8 file 0.9 shmem 4.8 GiB
   /usr/local/lib/python3.12/dist-packages/torch/nn/modules/module.py:1778 _wrapped_call_impl
   /usr/local/lib/python3.12/dist-packages/torch/nn/modules/module.py:1789 _call_impl
   /usr/local/lib/python3.12/dist-packages/vllm/models/deepseek_v4_1/nvidia/model.py:1085 forward
   /usr/local/lib/python3.12/dist-packages/torch/nn/modules/module.py:1778 _wrapped_call_impl
   /usr/local/lib/python3.12/dist-packages/torch/nn/modules/module.py:1789 _call_impl
   /usr/local/lib/python3.12/dist-packages/vllm/models/deepseek_v4_1/nvidia/model.py:626 forward
   /usr/local/lib/python3.12/dist-packages/torch/nn/modules/module.py:1778 _wrapped_call_impl
   /usr/local/lib/python3.12/dist-packages/torch/nn/modules/module.py:1789 _call_impl
   /usr/local/lib/python3.12/dist-packages/vllm/models/deepseek_v4_1/nvidia/model.py:385 forward
   /usr/local/lib/python3.12/dist-packages/torch/nn/modules/module.py:1778 _wrapped_call_impl
   /usr/local/lib/python3.12/dist-packages/torch/nn/modules/module.py:1789 _call_impl
   /usr/local/lib/python3.12/dist-packages/vllm/models/deepseek_v4_1/attention.py:587 forward
   /usr/local/lib/python3.12/dist-packages/vllm/models/deepseek_v4_1/nvidia/flashinfer_sparse.py:601 _o_proj
   /usr/local/lib/python3.12/dist-packages/vllm/models/deepseek_v4/nvidia/ops/o_proj.py:87 deep_gemm_fp8_o_proj
=== 17:41:17 anon 2.8 file 0.9 shmem 4.8 GiB
   /usr/local/lib/python3.12/dist-packages/torch/nn/modules/module.py:1778 _wrapped_call_impl
   /usr/local/lib/python3.12/dist-packages/torch/nn/modules/module.py:1789 _call_impl
   /usr/local/lib/python3.12/dist-packages/vllm/models/deepseek_v4/nvidia/model.py:1029 forward
   /usr/local/lib/python3.12/dist-packages/vllm/models/deepseek_v4/nvidia/model.py:1078 _forward_fused_moe
   /usr/local/lib/python3.12/dist-packages/torch/nn/modules/module.py:1778 _wrapped_call_impl
   /usr/local/lib/python3.12/dist-packages/torch/nn/modules/module.py:1789 _call_impl
   /usr/local/lib/python3.12/dist-packages/vllm/model_executor/layers/fused_moe/runner/moe_runner.py:788 forward
   /usr/local/lib/python3.12/dist-packages/torch/_ops.py:1279 __call__
   /usr/local/lib/python3.12/dist-packages/vllm/model_executor/layers/fused_moe/runner/moe_runner.py:162 _moe_forward_shared
   /usr/local/lib/python3.12/dist-packages/vllm/model_executor/layers/fused_moe/runner/moe_runner.py:904 _forward_impl
   /usr/local/lib/python3.12/dist-packages/vllm/model_executor/layers/fused_moe/runner/moe_runner.py:642 _apply_quant_method
   /usr/local/lib/python3.12/dist-packages/vllm/model_executor/layers/fused_moe/routed_experts.py:1252 forward_modular
   /usr/local/lib/python3.12/dist-packages/cuda_exl3/moe.py:567 apply
   /usr/local/lib/python3.12/dist-packages/torch/_ops.py:1279 __call__
=== 17:41:22 anon 2.8 file 0.9 shmem 4.8 GiB
   /usr/local/lib/python3.12/dist-packages/vllm/v1/worker/gpu/model_runner.py:1796 execute_model
   /usr/local/lib/python3.12/dist-packages/torch/nn/modules/module.py:1778 _wrapped_call_impl
   /usr/local/lib/python3.12/dist-packages/torch/nn/modules/module.py:1789 _call_impl
   /usr/local/lib/python3.12/dist-packages/vllm/models/deepseek_v4_1/nvidia/vl_model.py:317 forward
   /usr/local/lib/python3.12/dist-packages/torch/nn/modules/module.py:1778 _wrapped_call_impl
   /usr/local/lib/python3.12/dist-packages/torch/nn/modules/module.py:1789 _call_impl
   /usr/local/lib/python3.12/dist-packages/vllm/models/deepseek_v4_1/nvidia/model.py:1085 forward
   /usr/local/lib/python3.12/dist-packages/torch/nn/modules/module.py:1778 _wrapped_call_impl
   /usr/local/lib/python3.12/dist-packages/torch/nn/modules/module.py:1789 _call_impl
   /usr/local/lib/python3.12/dist-packages/vllm/models/deepseek_v4_1/nvidia/model.py:626 forward
   /usr/local/lib/python3.12/dist-packages/torch/nn/modules/module.py:1778 _wrapped_call_impl
   /usr/local/lib/python3.12/dist-packages/torch/nn/modules/module.py:1789 _call_impl
   /usr/local/lib/python3.12/dist-packages/vllm/models/deepseek_v4_1/nvidia/model.py:369 forward
   /usr/local/lib/python3.12/dist-packages/vllm/model_executor/kernels/mhc/tilelang.py:217 mhc_pre_delayed_tilelang
=== 17:41:27 anon 2.8 file 0.9 shmem 4.8 GiB
   /usr/local/lib/python3.12/dist-packages/torch/nn/modules/module.py:1778 _wrapped_call_impl
   /usr/local/lib/python3.12/dist-packages/torch/nn/modules/module.py:1789 _call_impl
   /usr/local/lib/python3.12/dist-packages/vllm/models/deepseek_v4_1/attention.py:574 forward
   /usr/local/lib/python3.12/dist-packages/vllm/models/deepseek_v4_1/attention.py:810 _run_parallel_input_projections
   /usr/local/lib/python3.12/dist-packages/vllm/utils/multi_stream_utils.py:132 execute_in_parallel
   /usr/local/lib/python3.12/dist-packages/vllm/models/deepseek_v4_1/attention.py:801 <lambda>
   /usr/local/lib/python3.12/dist-packages/vllm/models/deepseek_v4_1/attention.py:748 _fused_wqa_wkv_gemm
   /usr/local/lib/python3.12/dist-packages/torch/nn/modules/module.py:1778 _wrapped_call_impl
   /usr/local/lib/python3.12/dist-packages/torch/nn/modules/module.py:1789 _call_impl
   /usr/local/lib/python3.12/dist-packages/vllm/model_executor/layers/linear.py:610 forward
   /usr/local/lib/python3.12/dist-packages/vllm/model_executor/layers/quantization/modelopt.py:2447 apply
   /usr/local/lib/python3.12/dist-packages/vllm/model_executor/layers/quantization/modelopt.py:2296 apply
   /usr/local/lib/python3.12/dist-packages/vllm/model_executor/layers/quantization/modelopt.py:2451 <lambda>
   /usr/local/lib/python3.12/dist-packages/vllm/model_executor/kernels/linear/mxfp8/flashinfer.py:114 apply_weights
=== 17:41:32 anon 2.8 file 0.9 shmem 4.8 GiB
   /usr/local/lib/python3.12/dist-packages/torch/nn/modules/module.py:1789 _call_impl
   /usr/local/lib/python3.12/dist-packages/vllm/model_executor/layers/fused_moe/runner/moe_runner.py:788 forward
   /usr/local/lib/python3.12/dist-packages/torch/_ops.py:1279 __call__
   /usr/local/lib/python3.12/dist-packages/vllm/model_executor/layers/fused_moe/runner/moe_runner.py:162 _moe_forward_shared
   /usr/local/lib/python3.12/dist-packages/vllm/model_executor/layers/fused_moe/runner/moe_runner.py:904 _forward_impl
   /usr/local/lib/python3.12/dist-packages/vllm/model_executor/layers/fused_moe/runner/moe_runner.py:642 _apply_quant_method
   /usr/local/lib/python3.12/dist-packages/vllm/model_executor/layers/fused_moe/router/fused_moe_router.py:81 select_experts
   /usr/local/lib/python3.12/dist-packages/vllm/model_executor/layers/fused_moe/router/base_router.py:305 _select_experts
   /usr/local/lib/python3.12/dist-packages/vllm/model_executor/layers/fused_moe/router/fused_topk_bias_router.py:442 _compute_routing
   /usr/local/lib/python3.12/dist-packages/vllm/model_executor/layers/fused_moe/router/fused_topk_bias_router.py:163 fused_topk_bias
   /usr/local/lib/python3.12/dist-packages/vllm/model_executor/layers/fused_moe/router/dsv4_topk.py:151 dsv4_topk
   /usr/local/lib/python3.12/dist-packages/triton/runtime/jit.py:370 <lambda>
   /usr/local/lib/python3.12/dist-packages/triton/runtime/jit.py:763 run
   /usr/local/lib/python3.12/dist-packages/triton/backends/nvidia/driver.py:328 __call__
=== 17:41:37 anon 2.8 file 0.9 shmem 4.8 GiB
   /usr/local/lib/python3.12/dist-packages/vllm/v1/worker/worker_base.py:375 execute_model
   /usr/local/lib/python3.12/dist-packages/torch/utils/_contextlib.py:124 decorate_context
   /usr/local/lib/python3.12/dist-packages/vllm/v1/worker/gpu_worker.py:1177 execute_model
   /usr/local/lib/python3.12/dist-packages/torch/utils/_contextlib.py:124 decorate_context
   /usr/local/lib/python3.12/dist-packages/vllm/v1/worker/gpu/model_runner.py:1796 execute_model
   /usr/local/lib/python3.12/dist-packages/torch/nn/modules/module.py:1778 _wrapped_call_impl
   /usr/local/lib/python3.12/dist-packages/torch/nn/modules/module.py:1789 _call_impl
   /usr/local/lib/python3.12/dist-packages/vllm/models/deepseek_v4_1/nvidia/vl_model.py:317 forward
   /usr/local/lib/python3.12/dist-packages/torch/nn/modules/module.py:1778 _wrapped_call_impl
   /usr/local/lib/python3.12/dist-packages/torch/nn/modules/module.py:1789 _call_impl
   /usr/local/lib/python3.12/dist-packages/vllm/models/deepseek_v4_1/nvidia/model.py:1085 forward
   /usr/local/lib/python3.12/dist-packages/torch/nn/modules/module.py:1778 _wrapped_call_impl
   /usr/local/lib/python3.12/dist-packages/torch/nn/modules/module.py:1789 _call_impl
   /usr/local/lib/python3.12/dist-packages/vllm/models/deepseek_v4_1/nvidia/model.py:626 forward
=== 17:41:42 anon 2.8 file 0.9 shmem 4.8 GiB
   /usr/local/lib/python3.12/dist-packages/vllm/v1/executor/multiproc_executor.py:1033 worker_busy_loop
   /usr/local/lib/python3.12/dist-packages/vllm/v1/executor/multiproc_executor.py:1047 _execute_worker_rpc
   /usr/local/lib/python3.12/dist-packages/vllm/v1/worker/worker_base.py:375 execute_model
   /usr/local/lib/python3.12/dist-packages/torch/utils/_contextlib.py:124 decorate_context
   /usr/local/lib/python3.12/dist-packages/vllm/v1/worker/gpu_worker.py:1177 execute_model
   /usr/local/lib/python3.12/dist-packages/torch/utils/_contextlib.py:124 decorate_context
   /usr/local/lib/python3.12/dist-packages/vllm/v1/worker/gpu/model_runner.py:1728 execute_model
   /usr/local/lib/python3.12/dist-packages/vllm/models/deepseek_v4_1/nvidia/model_state.py:110 prepare_inputs
   /usr/local/lib/python3.12/dist-packages/torch/utils/_contextlib.py:124 decorate_context
   /usr/local/lib/python3.12/dist-packages/vllm/models/deepseek_v4_1/common/engram.py:1405 stage
   /usr/local/lib/python3.12/dist-packages/vllm/models/deepseek_v4_1/common/engram.py:818 gather_dequant_many
   /usr/local/lib/python3.12/dist-packages/vllm/models/deepseek_v4_1/common/engram.py:681 _kai_parallel_read
   /usr/lib/python3.12/concurrent/futures/_base.py:461 result
   /usr/lib/python3.12/threading.py:365 wait
=== 17:41:47 anon 2.8 file 0.9 shmem 4.8 GiB
   /usr/local/lib/python3.12/dist-packages/vllm/v1/executor/multiproc_executor.py:1033 worker_busy_loop
   /usr/local/lib/python3.12/dist-packages/vllm/v1/executor/multiproc_executor.py:1047 _execute_worker_rpc
   /usr/local/lib/python3.12/dist-packages/vllm/v1/worker/worker_base.py:375 execute_model
   /usr/local/lib/python3.12/dist-packages/torch/utils/_contextlib.py:124 decorate_context
   /usr/local/lib/python3.12/dist-packages/vllm/v1/worker/gpu_worker.py:1177 execute_model
   /usr/local/lib/python3.12/dist-packages/torch/utils/_contextlib.py:124 decorate_context
   /usr/local/lib/python3.12/dist-packages/vllm/v1/worker/gpu/model_runner.py:1728 execute_model
   /usr/local/lib/python3.12/dist-packages/vllm/models/deepseek_v4_1/nvidia/model_state.py:110 prepare_inputs
   /usr/local/lib/python3.12/dist-packages/torch/utils/_contextlib.py:124 decorate_context
   /usr/local/lib/python3.12/dist-packages/vllm/models/deepseek_v4_1/common/engram.py:1409 stage
   /usr/local/lib/python3.12/dist-packages/vllm/models/deepseek_v4_1/common/engram.py:821 gather_dequant_many
   /usr/local/lib/python3.12/dist-packages/vllm/models/deepseek_v4_1/common/engram.py:681 _kai_parallel_read
   /usr/lib/python3.12/concurrent/futures/_base.py:461 result
   /usr/lib/python3.12/threading.py:365 wait
=== 17:41:52 anon 2.8 file 0.9 shmem 4.8 GiB
   /usr/local/lib/python3.12/dist-packages/vllm/models/deepseek_v4_1/nvidia/flashinfer_sparse.py:682 _forward_sparse_impl
   /usr/local/lib/python3.12/dist-packages/vllm/models/deepseek_v4_1/nvidia/flashinfer_sparse.py:815 _forward_decode
   /usr/local/lib/python3.12/dist-packages/vllm/utils/flashinfer.py:179 wrapper
   /usr/local/lib/python3.12/dist-packages/flashinfer/mla/_core.py:2258 trtllm_batch_decode_sparse_mla_dsv4
   /usr/local/lib/python3.12/dist-packages/flashinfer/mla/_core.py:1527 _trtllm_batch_decode_sparse_mla_dsv4_sm120
   /usr/local/lib/python3.12/dist-packages/flashinfer/mla/_core.py:689 _trtllm_batch_decode_sparse_mla_sm120
   /usr/local/lib/python3.12/dist-packages/flashinfer/mla/_sparse_mla_sm120.py:1355 run
   /usr/local/lib/python3.12/dist-packages/flashinfer/mla/_sparse_mla_sm120.py:893 _sparse_mla_sm120_paged_attention
   /usr/local/lib/python3.12/dist-packages/flashinfer/mla/_sparse_mla_sm120.py:722 _paged_attention
   /usr/local/lib/python3.12/dist-packages/flashinfer/mla/_sparse_mla_sm120_plan.py:656 plan
   /usr/local/lib/python3.12/dist-packages/flashinfer/mla/_sparse_mla_sm120_plan.py:525 _resolve_cpb
   /usr/local/lib/python3.12/dist-packages/flashinfer/mla/_sparse_mla_sm120_cpb.py:1013 get_constants
   /usr/local/lib/python3.12/dist-packages/flashinfer/mla/_sparse_mla_sm120_cpb.py:980 _maybe_load_disk
   /usr/lib/python3.12/pathlib.py:842 stat
=== 17:41:57 anon 2.8 file 0.9 shmem 4.8 GiB
   /usr/local/lib/python3.12/dist-packages/torch/nn/modules/module.py:1789 _call_impl
   /usr/local/lib/python3.12/dist-packages/vllm/models/deepseek_v4_1/nvidia/model.py:370 forward
   /usr/local/lib/python3.12/dist-packages/torch/nn/modules/module.py:1778 _wrapped_call_impl
   /usr/local/lib/python3.12/dist-packages/torch/nn/modules/module.py:1789 _call_impl
   /usr/local/lib/python3.12/dist-packages/vllm/models/deepseek_v4_1/common/engram.py:1309 forward
   /usr/local/lib/python3.12/dist-packages/torch/nn/modules/module.py:1778 _wrapped_call_impl
   /usr/local/lib/python3.12/dist-packages/torch/nn/modules/module.py:1789 _call_impl
   /usr/local/lib/python3.12/dist-packages/vllm/model_executor/layers/linear.py:411 forward
   /usr/local/lib/python3.12/dist-packages/vllm/model_executor/layers/quantization/modelopt.py:2447 apply
   /usr/local/lib/python3.12/dist-packages/vllm/model_executor/layers/quantization/modelopt.py:2296 apply
   /usr/local/lib/python3.12/dist-packages/vllm/model_executor/layers/quantization/modelopt.py:2451 <lambda>
   /usr/local/lib/python3.12/dist-packages/vllm/model_executor/kernels/linear/mxfp8/flashinfer.py:114 apply_weights
   /usr/local/lib/python3.12/dist-packages/vllm/model_executor/layers/quantization/utils/mxfp8_utils.py:227 mxfp8_e4m3_quantize
   /usr/local/lib/python3.12/dist-packages/torch/_ops.py:1279 __call__
=== 17:42:02 anon 2.8 file 0.9 shmem 4.8 GiB
   /usr/local/lib/python3.12/dist-packages/torch/nn/modules/module.py:1778 _wrapped_call_impl
   /usr/local/lib/python3.12/dist-packages/torch/nn/modules/module.py:1789 _call_impl
   /usr/local/lib/python3.12/dist-packages/vllm/models/deepseek_v4_1/nvidia/model.py:1085 forward
   /usr/local/lib/python3.12/dist-packages/torch/nn/modules/module.py:1778 _wrapped_call_impl
   /usr/local/lib/python3.12/dist-packages/torch/nn/modules/module.py:1789 _call_impl
   /usr/local/lib/python3.12/dist-packages/vllm/models/deepseek_v4_1/nvidia/model.py:626 forward
   /usr/local/lib/python3.12/dist-packages/torch/nn/modules/module.py:1778 _wrapped_call_impl
   /usr/local/lib/python3.12/dist-packages/torch/nn/modules/module.py:1789 _call_impl
   /usr/local/lib/python3.12/dist-packages/vllm/models/deepseek_v4_1/nvidia/model.py:384 forward
   /usr/local/lib/python3.12/dist-packages/vllm/model_executor/kernels/mhc/tilelang.py:217 mhc_pre_delayed_tilelang
   /usr/local/lib/python3.12/dist-packages/vllm/model_executor/kernels/mhc/warmup.py:71 __call__
   /usr/local/lib/python3.12/dist-packages/tilelang/jit/kernel.py:202 __call__
   /usr/local/lib/python3.12/dist-packages/tilelang/jit/adapter/tvm_ffi.py:292 func
   /usr/local/lib/python3.12/dist-packages/tvm_ffi/module.py:299 __call__
=== 17:42:07 anon 2.8 file 0.9 shmem 4.8 GiB
   /usr/local/lib/python3.12/dist-packages/vllm/model_executor/layers/quantization/modelopt.py:2451 <lambda>
   /usr/local/lib/python3.12/dist-packages/vllm/model_executor/kernels/linear/mxfp8/flashinfer.py:114 apply_weights
   /usr/local/lib/python3.12/dist-packages/torch/_library/custom_ops.py:863 __call__
   /usr/local/lib/python3.12/dist-packages/torch/_ops.py:875 __call__
   /usr/local/lib/python3.12/dist-packages/torch/_library/custom_ops.py:482 backend_impl
   /usr/local/lib/python3.12/dist-packages/torch/_compile.py:54 inner
   /usr/local/lib/python3.12/dist-packages/torch/_dynamo/eval_frame.py:1450 _fn
   /usr/local/lib/python3.12/dist-packages/torch/_library/custom_ops.py:502 wrapped_fn
   /usr/local/lib/python3.12/dist-packages/vllm/utils/flashinfer.py:920 mm_mxfp8
   /usr/local/lib/python3.12/dist-packages/flashinfer/utils.py:1561 wrapper
   /usr/local/lib/python3.12/dist-packages/flashinfer/api_logging.py:2348 _auto_dump_wrapper
   /usr/local/lib/python3.12/dist-packages/flashinfer/gemm/gemm_base.py:6275 mm_mxfp8
   /usr/local/lib/python3.12/dist-packages/flashinfer/autotuner/autotuner.py:764 __call__
   /usr/local/lib/python3.12/dist-packages/flashinfer/gemm/gemm_base.py:5282 forward
=== 17:42:12 anon 2.8 file 0.9 shmem 4.8 GiB
   /usr/local/lib/python3.12/dist-packages/vllm/models/deepseek_v4_1/nvidia/model.py:384 forward
   /usr/local/lib/python3.12/dist-packages/torch/nn/modules/module.py:1778 _wrapped_call_impl
   /usr/local/lib/python3.12/dist-packages/torch/nn/modules/module.py:1789 _call_impl
   /usr/local/lib/python3.12/dist-packages/vllm/models/deepseek_v4_1/attention.py:587 forward
   /usr/local/lib/python3.12/dist-packages/vllm/models/deepseek_v4_1/attention.py:732 _prepare_and_attn
   /usr/local/lib/python3.12/dist-packages/vllm/compilation/breakable_cudagraph.py:104 wrapper
   /usr/local/lib/python3.12/dist-packages/vllm/models/deepseek_v4_1/attention.py:836 _sparse_indexer_and_attn
   /usr/local/lib/python3.12/dist-packages/vllm/models/deepseek_v4_1/nvidia/flashinfer_sparse.py:742 forward_mqa
   /usr/local/lib/python3.12/dist-packages/vllm/models/deepseek_v4_1/nvidia/flashinfer_sparse.py:682 _forward_sparse_impl
   /usr/local/lib/python3.12/dist-packages/vllm/models/deepseek_v4_1/nvidia/flashinfer_sparse.py:815 _forward_decode
   /usr/local/lib/python3.12/dist-packages/vllm/utils/flashinfer.py:179 wrapper
   /usr/local/lib/python3.12/dist-packages/flashinfer/mla/_core.py:2258 trtllm_batch_decode_sparse_mla_dsv4
   /usr/local/lib/python3.12/dist-packages/flashinfer/mla/_core.py:1527 _trtllm_batch_decode_sparse_mla_dsv4_sm120
   /usr/local/lib/python3.12/dist-packages/flashinfer/mla/_core.py:689 _trtllm_batch_decode_sparse_mla_sm120
=== 17:42:17 anon 2.8 file 0.9 shmem 4.8 GiB
   /usr/local/lib/python3.12/dist-packages/vllm/v1/worker/gpu/model_runner.py:1796 execute_model
   /usr/local/lib/python3.12/dist-packages/torch/nn/modules/module.py:1778 _wrapped_call_impl
   /usr/local/lib/python3.12/dist-packages/torch/nn/modules/module.py:1789 _call_impl
   /usr/local/lib/python3.12/dist-packages/vllm/models/deepseek_v4_1/nvidia/vl_model.py:317 forward
   /usr/local/lib/python3.12/dist-packages/torch/nn/modules/module.py:1778 _wrapped_call_impl
   /usr/local/lib/python3.12/dist-packages/torch/nn/modules/module.py:1789 _call_impl
   /usr/local/lib/python3.12/dist-packages/vllm/models/deepseek_v4_1/nvidia/model.py:1085 forward
   /usr/local/lib/python3.12/dist-packages/torch/nn/modules/module.py:1778 _wrapped_call_impl
   /usr/local/lib/python3.12/dist-packages/torch/nn/modules/module.py:1789 _call_impl
   /usr/local/lib/python3.12/dist-packages/vllm/models/deepseek_v4_1/nvidia/model.py:626 forward
   /usr/local/lib/python3.12/dist-packages/torch/nn/modules/module.py:1778 _wrapped_call_impl
   /usr/local/lib/python3.12/dist-packages/torch/nn/modules/module.py:1789 _call_impl
   /usr/local/lib/python3.12/dist-packages/vllm/models/deepseek_v4_1/nvidia/model.py:385 forward
   /usr/local/lib/python3.12/dist-packages/vllm/model_executor/kernels/mhc/tilelang.py:217 mhc_pre_delayed_tilelang
=== 17:42:22 anon 2.8 file 0.9 shmem 4.8 GiB
   /usr/local/lib/python3.12/dist-packages/vllm/model_executor/layers/quantization/modelopt.py:2451 <lambda>
   /usr/local/lib/python3.12/dist-packages/vllm/model_executor/kernels/linear/mxfp8/flashinfer.py:114 apply_weights
   /usr/local/lib/python3.12/dist-packages/torch/_library/custom_ops.py:863 __call__
   /usr/local/lib/python3.12/dist-packages/torch/_ops.py:875 __call__
   /usr/local/lib/python3.12/dist-packages/torch/_library/custom_ops.py:482 backend_impl
   /usr/local/lib/python3.12/dist-packages/torch/_compile.py:54 inner
   /usr/local/lib/python3.12/dist-packages/torch/_dynamo/eval_frame.py:1450 _fn
   /usr/local/lib/python3.12/dist-packages/torch/_library/custom_ops.py:502 wrapped_fn
   /usr/local/lib/python3.12/dist-packages/vllm/utils/flashinfer.py:920 mm_mxfp8
   /usr/local/lib/python3.12/dist-packages/flashinfer/utils.py:1561 wrapper
   /usr/local/lib/python3.12/dist-packages/flashinfer/api_logging.py:2348 _auto_dump_wrapper
   /usr/local/lib/python3.12/dist-packages/flashinfer/gemm/gemm_base.py:6275 mm_mxfp8
   /usr/local/lib/python3.12/dist-packages/flashinfer/autotuner/autotuner.py:764 __call__
   /usr/local/lib/python3.12/dist-packages/flashinfer/gemm/gemm_base.py:5282 forward
=== 17:42:27 anon 2.8 file 0.9 shmem 4.8 GiB
   /usr/lib/python3.12/multiprocessing/process.py:314 _bootstrap
   /usr/lib/python3.12/multiprocessing/process.py:108 run
   /usr/local/lib/python3.12/dist-packages/vllm/v1/executor/multiproc_executor.py:935 worker_main
   /usr/local/lib/python3.12/dist-packages/vllm/v1/executor/multiproc_executor.py:1033 worker_busy_loop
   /usr/local/lib/python3.12/dist-packages/vllm/v1/executor/multiproc_executor.py:1047 _execute_worker_rpc
   /usr/local/lib/python3.12/dist-packages/vllm/v1/worker/worker_base.py:375 execute_model
   /usr/local/lib/python3.12/dist-packages/torch/utils/_contextlib.py:124 decorate_context
   /usr/local/lib/python3.12/dist-packages/vllm/v1/worker/gpu_worker.py:1177 execute_model
   /usr/local/lib/python3.12/dist-packages/torch/utils/_contextlib.py:124 decorate_context
   /usr/local/lib/python3.12/dist-packages/vllm/v1/worker/gpu/model_runner.py:1728 execute_model
   /usr/local/lib/python3.12/dist-packages/vllm/models/deepseek_v4_1/nvidia/model_state.py:110 prepare_inputs
   /usr/local/lib/python3.12/dist-packages/torch/utils/_contextlib.py:124 decorate_context
   /usr/local/lib/python3.12/dist-packages/vllm/models/deepseek_v4_1/common/engram.py:1399 stage
   /usr/local/lib/python3.12/dist-packages/torch/cuda/streams.py:254 synchronize
=== 17:42:32 anon 2.8 file 0.9 shmem 4.8 GiB
   /usr/lib/python3.12/multiprocessing/process.py:314 _bootstrap
   /usr/lib/python3.12/multiprocessing/process.py:108 run
   /usr/local/lib/python3.12/dist-packages/vllm/v1/executor/multiproc_executor.py:935 worker_main
   /usr/local/lib/python3.12/dist-packages/vllm/v1/executor/multiproc_executor.py:1033 worker_busy_loop
   /usr/local/lib/python3.12/dist-packages/vllm/v1/executor/multiproc_executor.py:1047 _execute_worker_rpc
   /usr/local/lib/python3.12/dist-packages/vllm/v1/worker/worker_base.py:375 execute_model
   /usr/local/lib/python3.12/dist-packages/torch/utils/_contextlib.py:124 decorate_context
   /usr/local/lib/python3.12/dist-packages/vllm/v1/worker/gpu_worker.py:1177 execute_model
   /usr/local/lib/python3.12/dist-packages/torch/utils/_contextlib.py:124 decorate_context
   /usr/local/lib/python3.12/dist-packages/vllm/v1/worker/gpu/model_runner.py:1677 execute_model
   /usr/local/lib/python3.12/dist-packages/vllm/v1/worker/gpu/model_states/default.py:208 prepare_attn
   /usr/local/lib/python3.12/dist-packages/vllm/v1/worker/gpu/attn_utils.py:336 build_attn_metadata
   /usr/local/lib/python3.12/dist-packages/vllm/v1/attention/backends/mla/sparse_swa.py:695 build
   /usr/local/lib/python3.12/dist-packages/vllm/v1/attention/backend.py:525 token_to_req_indices
=== 17:42:37 anon 2.8 file 0.9 shmem 4.8 GiB
   /usr/local/lib/python3.12/dist-packages/vllm/v1/executor/multiproc_executor.py:1033 worker_busy_loop
   /usr/local/lib/python3.12/dist-packages/vllm/v1/executor/multiproc_executor.py:1047 _execute_worker_rpc
   /usr/local/lib/python3.12/dist-packages/vllm/v1/worker/worker_base.py:375 execute_model
   /usr/local/lib/python3.12/dist-packages/torch/utils/_contextlib.py:124 decorate_context
   /usr/local/lib/python3.12/dist-packages/vllm/v1/worker/gpu_worker.py:1177 execute_model
   /usr/local/lib/python3.12/dist-packages/torch/utils/_contextlib.py:124 decorate_context
   /usr/local/lib/python3.12/dist-packages/vllm/v1/worker/gpu/model_runner.py:1728 execute_model
   /usr/local/lib/python3.12/dist-packages/vllm/models/deepseek_v4_1/nvidia/model_state.py:110 prepare_inputs
   /usr/local/lib/python3.12/dist-packages/torch/utils/_contextlib.py:124 decorate_context
   /usr/local/lib/python3.12/dist-packages/vllm/models/deepseek_v4_1/common/engram.py:1405 stage
   /usr/local/lib/python3.12/dist-packages/vllm/models/deepseek_v4_1/common/engram.py:815 gather_dequant_many
   /usr/local/lib/python3.12/dist-packages/vllm/models/deepseek_v4_1/common/engram.py:682 _kai_parallel_read
   /usr/lib/python3.12/concurrent/futures/_base.py:451 result
   /usr/lib/python3.12/threading.py:355 wait
=== 17:42:42 anon 2.8 file 0.9 shmem 4.8 GiB
   /usr/local/lib/python3.12/dist-packages/vllm/models/deepseek_v4_1/attention.py:732 _prepare_and_attn
   /usr/local/lib/python3.12/dist-packages/vllm/compilation/breakable_cudagraph.py:104 wrapper
   /usr/local/lib/python3.12/dist-packages/vllm/models/deepseek_v4_1/attention.py:836 _sparse_indexer_and_attn
   /usr/local/lib/python3.12/dist-packages/vllm/models/deepseek_v4_1/nvidia/flashinfer_sparse.py:742 forward_mqa
   /usr/local/lib/python3.12/dist-packages/vllm/models/deepseek_v4_1/nvidia/flashinfer_sparse.py:682 _forward_sparse_impl
   /usr/local/lib/python3.12/dist-packages/vllm/models/deepseek_v4_1/nvidia/flashinfer_sparse.py:815 _forward_decode
   /usr/local/lib/python3.12/dist-packages/vllm/utils/flashinfer.py:179 wrapper
   /usr/local/lib/python3.12/dist-packages/flashinfer/mla/_core.py:2258 trtllm_batch_decode_sparse_mla_dsv4
   /usr/local/lib/python3.12/dist-packages/flashinfer/mla/_core.py:1527 _trtllm_batch_decode_sparse_mla_dsv4_sm120
   /usr/local/lib/python3.12/dist-packages/flashinfer/mla/_core.py:689 _trtllm_batch_decode_sparse_mla_sm120
   /usr/local/lib/python3.12/dist-packages/flashinfer/mla/_sparse_mla_sm120.py:1355 run
   /usr/local/lib/python3.12/dist-packages/flashinfer/mla/_sparse_mla_sm120.py:893 _sparse_mla_sm120_paged_attention
   /usr/local/lib/python3.12/dist-packages/flashinfer/mla/_sparse_mla_sm120.py:722 _paged_attention
   /usr/local/lib/python3.12/dist-packages/flashinfer/mla/_sparse_mla_sm120.py:1594 sparse_mla_sm120_decode_dsv4
=== 17:42:47 anon 2.8 file 0.9 shmem 4.8 GiB
   /usr/local/lib/python3.12/dist-packages/torch/nn/modules/module.py:1778 _wrapped_call_impl
   /usr/local/lib/python3.12/dist-packages/torch/nn/modules/module.py:1789 _call_impl
   /usr/local/lib/python3.12/dist-packages/vllm/models/deepseek_v4/nvidia/model.py:1029 forward
   /usr/local/lib/python3.12/dist-packages/vllm/models/deepseek_v4/nvidia/model.py:1078 _forward_fused_moe
   /usr/local/lib/python3.12/dist-packages/torch/nn/modules/module.py:1778 _wrapped_call_impl
   /usr/local/lib/python3.12/dist-packages/torch/nn/modules/module.py:1789 _call_impl
   /usr/local/lib/python3.12/dist-packages/vllm/model_executor/layers/fused_moe/runner/moe_runner.py:788 forward
   /usr/local/lib/python3.12/dist-packages/torch/_ops.py:1279 __call__
   /usr/local/lib/python3.12/dist-packages/vllm/model_executor/layers/fused_moe/runner/moe_runner.py:162 _moe_forward_shared
   /usr/local/lib/python3.12/dist-packages/vllm/model_executor/layers/fused_moe/runner/moe_runner.py:904 _forward_impl
   /usr/local/lib/python3.12/dist-packages/vllm/model_executor/layers/fused_moe/runner/moe_runner.py:642 _apply_quant_method
   /usr/local/lib/python3.12/dist-packages/vllm/model_executor/layers/fused_moe/routed_experts.py:1252 forward_modular
   /usr/local/lib/python3.12/dist-packages/cuda_exl3/moe.py:567 apply
   /usr/local/lib/python3.12/dist-packages/torch/_ops.py:1279 __call__
=== 17:42:52 anon 2.8 file 0.9 shmem 4.8 GiB
   /usr/lib/python3.12/multiprocessing/process.py:314 _bootstrap
   /usr/lib/python3.12/multiprocessing/process.py:108 run
   /usr/local/lib/python3.12/dist-packages/vllm/v1/executor/multiproc_executor.py:935 worker_main
   /usr/local/lib/python3.12/dist-packages/vllm/v1/executor/multiproc_executor.py:1033 worker_busy_loop
   /usr/local/lib/python3.12/dist-packages/vllm/v1/executor/multiproc_executor.py:1047 _execute_worker_rpc
   /usr/local/lib/python3.12/dist-packages/vllm/v1/worker/worker_base.py:375 execute_model
   /usr/local/lib/python3.12/dist-packages/torch/utils/_contextlib.py:124 decorate_context
   /usr/local/lib/python3.12/dist-packages/vllm/v1/worker/gpu_worker.py:1177 execute_model
   /usr/local/lib/python3.12/dist-packages/torch/utils/_contextlib.py:124 decorate_context
   /usr/local/lib/python3.12/dist-packages/vllm/v1/worker/gpu/model_runner.py:1728 execute_model
   /usr/local/lib/python3.12/dist-packages/vllm/models/deepseek_v4_1/nvidia/model_state.py:110 prepare_inputs
   /usr/local/lib/python3.12/dist-packages/torch/utils/_contextlib.py:124 decorate_context
   /usr/local/lib/python3.12/dist-packages/vllm/models/deepseek_v4_1/common/engram.py:1399 stage
   /usr/local/lib/python3.12/dist-packages/torch/cuda/streams.py:254 synchronize
=== 17:42:57 anon 2.8 file 0.9 shmem 4.8 GiB
   /usr/local/lib/python3.12/dist-packages/vllm/models/deepseek_v4_1/attention.py:587 forward
   /usr/local/lib/python3.12/dist-packages/vllm/models/deepseek_v4_1/nvidia/flashinfer_sparse.py:601 _o_proj
   /usr/local/lib/python3.12/dist-packages/vllm/models/deepseek_v4/nvidia/ops/o_proj.py:87 deep_gemm_fp8_o_proj
   /usr/local/lib/python3.12/dist-packages/torch/nn/modules/module.py:1778 _wrapped_call_impl
   /usr/local/lib/python3.12/dist-packages/torch/nn/modules/module.py:1789 _call_impl
   /usr/local/lib/python3.12/dist-packages/vllm/model_executor/layers/linear.py:1771 forward
   /usr/local/lib/python3.12/dist-packages/vllm/distributed/communication_op.py:14 tensor_model_parallel_all_reduce
   /usr/local/lib/python3.12/dist-packages/vllm/distributed/parallel_state.py:742 all_reduce
   /usr/local/lib/python3.12/dist-packages/torch/_ops.py:1279 __call__
   /usr/local/lib/python3.12/dist-packages/vllm/distributed/parallel_state.py:198 all_reduce
   /usr/local/lib/python3.12/dist-packages/vllm/distributed/parallel_state.py:749 _all_reduce_out_place
   /usr/local/lib/python3.12/dist-packages/vllm/distributed/device_communicators/cuda_communicator.py:377 all_reduce
   /usr/local/lib/python3.12/dist-packages/vllm/distributed/device_communicators/pynccl.py:268 all_reduce
   /usr/local/lib/python3.12/dist-packages/vllm/distributed/device_communicators/pynccl_wrapper.py:504 ncclAllReduce
=== 17:43:02 anon 2.8 file 0.9 shmem 4.8 GiB
   /usr/local/lib/python3.12/dist-packages/torch/nn/modules/module.py:1789 _call_impl
   /usr/local/lib/python3.12/dist-packages/vllm/models/deepseek_v4_1/nvidia/model.py:1085 forward
   /usr/local/lib/python3.12/dist-packages/torch/nn/modules/module.py:1778 _wrapped_call_impl
   /usr/local/lib/python3.12/dist-packages/torch/nn/modules/module.py:1789 _call_impl
   /usr/local/lib/python3.12/dist-packages/vllm/models/deepseek_v4_1/nvidia/model.py:626 forward
   /usr/local/lib/python3.12/dist-packages/torch/nn/modules/module.py:1778 _wrapped_call_impl
   /usr/local/lib/python3.12/dist-packages/torch/nn/modules/module.py:1789 _call_impl
   /usr/local/lib/python3.12/dist-packages/vllm/models/deepseek_v4_1/nvidia/model.py:385 forward
   /usr/local/lib/python3.12/dist-packages/vllm/model_executor/kernels/mhc/tilelang.py:619 mhc_post_tilelang
   /usr/local/lib/python3.12/dist-packages/vllm/utils/jit_monitor.py:510 _call_with_monitor
   /usr/local/lib/python3.12/dist-packages/vllm/utils/jit_monitor.py:401 _tilelang_cache_miss_key
   /usr/local/lib/python3.12/dist-packages/tilelang/language/eager/builder.py:1450 parse_args
   /usr/local/lib/python3.12/dist-packages/tilelang/language/eager/builder.py:1095 _parse_phase2_key
   /usr/local/lib/python3.12/dist-packages/tvm_ffi/container.py:507 __iter__
=== 17:43:07 anon 2.8 file 0.9 shmem 4.8 GiB
   /usr/local/lib/python3.12/dist-packages/vllm/models/deepseek_v4_1/nvidia/flashinfer_sparse.py:682 _forward_sparse_impl
   /usr/local/lib/python3.12/dist-packages/vllm/models/deepseek_v4_1/nvidia/flashinfer_sparse.py:815 _forward_decode
   /usr/local/lib/python3.12/dist-packages/vllm/utils/flashinfer.py:179 wrapper
   /usr/local/lib/python3.12/dist-packages/flashinfer/mla/_core.py:2258 trtllm_batch_decode_sparse_mla_dsv4
   /usr/local/lib/python3.12/dist-packages/flashinfer/mla/_core.py:1527 _trtllm_batch_decode_sparse_mla_dsv4_sm120
   /usr/local/lib/python3.12/dist-packages/flashinfer/mla/_core.py:689 _trtllm_batch_decode_sparse_mla_sm120
   /usr/local/lib/python3.12/dist-packages/flashinfer/mla/_sparse_mla_sm120.py:1355 run
   /usr/local/lib/python3.12/dist-packages/flashinfer/mla/_sparse_mla_sm120.py:893 _sparse_mla_sm120_paged_attention
   /usr/local/lib/python3.12/dist-packages/flashinfer/mla/_sparse_mla_sm120.py:722 _paged_attention
   /usr/local/lib/python3.12/dist-packages/flashinfer/mla/_sparse_mla_sm120_plan.py:656 plan
   /usr/local/lib/python3.12/dist-packages/flashinfer/mla/_sparse_mla_sm120_plan.py:525 _resolve_cpb
   /usr/local/lib/python3.12/dist-packages/flashinfer/mla/_sparse_mla_sm120_cpb.py:1013 get_constants
   /usr/local/lib/python3.12/dist-packages/flashinfer/mla/_sparse_mla_sm120_cpb.py:980 _maybe_load_disk
   /usr/lib/python3.12/pathlib.py:842 stat
=== 17:43:12 anon 2.8 file 0.9 shmem 4.8 GiB
   /usr/local/lib/python3.12/dist-packages/vllm/models/deepseek_v4_1/nvidia/model.py:385 forward
   /usr/local/lib/python3.12/dist-packages/torch/nn/modules/module.py:1778 _wrapped_call_impl
   /usr/local/lib/python3.12/dist-packages/torch/nn/modules/module.py:1789 _call_impl
   /usr/local/lib/python3.12/dist-packages/vllm/models/deepseek_v4/nvidia/model.py:1029 forward
   /usr/local/lib/python3.12/dist-packages/vllm/models/deepseek_v4/nvidia/model.py:1078 _forward_fused_moe
   /usr/local/lib/python3.12/dist-packages/torch/nn/modules/module.py:1778 _wrapped_call_impl
   /usr/local/lib/python3.12/dist-packages/torch/nn/modules/module.py:1789 _call_impl
   /usr/local/lib/python3.12/dist-packages/vllm/model_executor/layers/fused_moe/runner/moe_runner.py:788 forward
   /usr/local/lib/python3.12/dist-packages/torch/_ops.py:1279 __call__
   /usr/local/lib/python3.12/dist-packages/vllm/model_executor/layers/fused_moe/runner/moe_runner.py:162 _moe_forward_shared
   /usr/local/lib/python3.12/dist-packages/vllm/model_executor/layers/fused_moe/runner/moe_runner.py:904 _forward_impl
   /usr/local/lib/python3.12/dist-packages/vllm/model_executor/layers/fused_moe/runner/moe_runner.py:642 _apply_quant_method
   /usr/local/lib/python3.12/dist-packages/vllm/model_executor/layers/fused_moe/routed_experts.py:1252 forward_modular
   /usr/local/lib/python3.12/dist-packages/cuda_exl3/moe.py:567 apply
=== 17:43:17 anon 2.8 file 0.9 shmem 4.8 GiB
   /usr/local/lib/python3.12/dist-packages/torch/nn/modules/module.py:1778 _wrapped_call_impl
   /usr/local/lib/python3.12/dist-packages/torch/nn/modules/module.py:1789 _call_impl
   /usr/local/lib/python3.12/dist-packages/vllm/models/deepseek_v4/nvidia/model.py:1029 forward
   /usr/local/lib/python3.12/dist-packages/vllm/models/deepseek_v4/nvidia/model.py:1078 _forward_fused_moe
   /usr/local/lib/python3.12/dist-packages/torch/nn/modules/module.py:1778 _wrapped_call_impl
   /usr/local/lib/python3.12/dist-packages/torch/nn/modules/module.py:1789 _call_impl
   /usr/local/lib/python3.12/dist-packages/vllm/model_executor/layers/fused_moe/runner/moe_runner.py:788 forward
   /usr/local/lib/python3.12/dist-packages/torch/_ops.py:1279 __call__
   /usr/local/lib/python3.12/dist-packages/vllm/model_executor/layers/fused_moe/runner/moe_runner.py:162 _moe_forward_shared
   /usr/local/lib/python3.12/dist-packages/vllm/model_executor/layers/fused_moe/runner/moe_runner.py:904 _forward_impl
   /usr/local/lib/python3.12/dist-packages/vllm/model_executor/layers/fused_moe/runner/moe_runner.py:642 _apply_quant_method
   /usr/local/lib/python3.12/dist-packages/vllm/model_executor/layers/fused_moe/routed_experts.py:1252 forward_modular
   /usr/local/lib/python3.12/dist-packages/cuda_exl3/moe.py:567 apply
   /usr/local/lib/python3.12/dist-packages/torch/_ops.py:1279 __call__
=== 17:43:22 anon 2.8 file 0.9 shmem 4.8 GiB
   /usr/local/lib/python3.12/dist-packages/vllm/models/deepseek_v4/nvidia/model.py:157 forward
   /usr/local/lib/python3.12/dist-packages/torch/nn/modules/module.py:1778 _wrapped_call_impl
   /usr/local/lib/python3.12/dist-packages/torch/nn/modules/module.py:1789 _call_impl
   /usr/local/lib/python3.12/dist-packages/vllm/model_executor/layers/linear.py:1773 forward
   /usr/local/lib/python3.12/dist-packages/vllm/model_executor/layers/quantization/modelopt.py:2447 apply
   /usr/local/lib/python3.12/dist-packages/vllm/model_executor/layers/quantization/modelopt.py:2296 apply
   /usr/local/lib/python3.12/dist-packages/vllm/model_executor/layers/quantization/modelopt.py:2451 <lambda>
   /usr/local/lib/python3.12/dist-packages/vllm/model_executor/kernels/linear/mxfp8/flashinfer.py:114 apply_weights
   /usr/local/lib/python3.12/dist-packages/vllm/model_executor/layers/quantization/utils/mxfp8_utils.py:227 mxfp8_e4m3_quantize
   /usr/local/lib/python3.12/dist-packages/torch/_ops.py:1279 __call__
   /usr/local/lib/python3.12/dist-packages/vllm/model_executor/layers/quantization/utils/mxfp8_utils.py:206 _mxfp8_e4m3_quantize_impl
   /usr/local/lib/python3.12/dist-packages/flashinfer/api_logging.py:2348 _auto_dump_wrapper
   /usr/local/lib/python3.12/dist-packages/flashinfer/quantization/fp8_quantization.py:246 mxfp8_quantize
   /usr/local/lib/python3.12/dist-packages/flashinfer/quantization/kernels/mxfp8_quantize.py:980 mxfp8_quantize_cute_dsl
=== 17:43:27 anon 2.8 file 0.9 shmem 4.8 GiB
   /usr/lib/python3.12/multiprocessing/process.py:314 _bootstrap
   /usr/lib/python3.12/multiprocessing/process.py:108 run
   /usr/local/lib/python3.12/dist-packages/vllm/v1/executor/multiproc_executor.py:935 worker_main
   /usr/local/lib/python3.12/dist-packages/vllm/v1/executor/multiproc_executor.py:1033 worker_busy_loop
   /usr/local/lib/python3.12/dist-packages/vllm/v1/executor/multiproc_executor.py:1047 _execute_worker_rpc
   /usr/local/lib/python3.12/dist-packages/vllm/v1/worker/worker_base.py:375 execute_model
   /usr/local/lib/python3.12/dist-packages/torch/utils/_contextlib.py:124 decorate_context
   /usr/local/lib/python3.12/dist-packages/vllm/v1/worker/gpu_worker.py:1177 execute_model
   /usr/local/lib/python3.12/dist-packages/torch/utils/_contextlib.py:124 decorate_context
   /usr/local/lib/python3.12/dist-packages/vllm/v1/worker/gpu/model_runner.py:1728 execute_model
   /usr/local/lib/python3.12/dist-packages/vllm/models/deepseek_v4_1/nvidia/model_state.py:110 prepare_inputs
   /usr/local/lib/python3.12/dist-packages/torch/utils/_contextlib.py:124 decorate_context
   /usr/local/lib/python3.12/dist-packages/vllm/models/deepseek_v4_1/common/engram.py:1399 stage
   /usr/local/lib/python3.12/dist-packages/torch/cuda/streams.py:254 synchronize
=== 17:43:32 anon 2.8 file 0.9 shmem 4.8 GiB
   /usr/lib/python3.12/multiprocessing/process.py:314 _bootstrap
   /usr/lib/python3.12/multiprocessing/process.py:108 run
   /usr/local/lib/python3.12/dist-packages/vllm/v1/executor/multiproc_executor.py:935 worker_main
   /usr/local/lib/python3.12/dist-packages/vllm/v1/executor/multiproc_executor.py:1033 worker_busy_loop
   /usr/local/lib/python3.12/dist-packages/vllm/v1/executor/multiproc_executor.py:1047 _execute_worker_rpc
   /usr/local/lib/python3.12/dist-packages/vllm/v1/worker/worker_base.py:375 execute_model
   /usr/local/lib/python3.12/dist-packages/torch/utils/_contextlib.py:124 decorate_context
   /usr/local/lib/python3.12/dist-packages/vllm/v1/worker/gpu_worker.py:1177 execute_model
   /usr/local/lib/python3.12/dist-packages/torch/utils/_contextlib.py:124 decorate_context
   /usr/local/lib/python3.12/dist-packages/vllm/v1/worker/gpu/model_runner.py:1677 execute_model
   /usr/local/lib/python3.12/dist-packages/vllm/v1/worker/gpu/model_states/default.py:208 prepare_attn
   /usr/local/lib/python3.12/dist-packages/vllm/v1/worker/gpu/attn_utils.py:336 build_attn_metadata
   /usr/local/lib/python3.12/dist-packages/vllm/v1/attention/backends/mla/sparse_swa.py:695 build
   /usr/local/lib/python3.12/dist-packages/vllm/v1/attention/backend.py:525 token_to_req_indices
=== 17:43:37 anon 2.8 file 0.9 shmem 4.8 GiB
   /usr/local/lib/python3.12/dist-packages/vllm/models/deepseek_v4/nvidia/model.py:157 forward
   /usr/local/lib/python3.12/dist-packages/torch/nn/modules/module.py:1778 _wrapped_call_impl
   /usr/local/lib/python3.12/dist-packages/torch/nn/modules/module.py:1789 _call_impl
   /usr/local/lib/python3.12/dist-packages/vllm/model_executor/layers/linear.py:1773 forward
   /usr/local/lib/python3.12/dist-packages/vllm/model_executor/layers/quantization/modelopt.py:2447 apply
   /usr/local/lib/python3.12/dist-packages/vllm/model_executor/layers/quantization/modelopt.py:2296 apply
   /usr/local/lib/python3.12/dist-packages/vllm/model_executor/layers/quantization/modelopt.py:2451 <lambda>
   /usr/local/lib/python3.12/dist-packages/vllm/model_executor/kernels/linear/mxfp8/flashinfer.py:114 apply_weights
   /usr/local/lib/python3.12/dist-packages/vllm/model_executor/layers/quantization/utils/mxfp8_utils.py:227 mxfp8_e4m3_quantize
   /usr/local/lib/python3.12/dist-packages/torch/_ops.py:1279 __call__
   /usr/local/lib/python3.12/dist-packages/vllm/model_executor/layers/quantization/utils/mxfp8_utils.py:206 _mxfp8_e4m3_quantize_impl
   /usr/local/lib/python3.12/dist-packages/flashinfer/api_logging.py:2348 _auto_dump_wrapper
   /usr/local/lib/python3.12/dist-packages/flashinfer/quantization/fp8_quantization.py:246 mxfp8_quantize
   /usr/local/lib/python3.12/dist-packages/flashinfer/quantization/kernels/mxfp8_quantize.py:980 mxfp8_quantize_cute_dsl
=== 17:43:42 anon 2.8 file 0.9 shmem 4.8 GiB
   /usr/local/lib/python3.12/dist-packages/torch/nn/modules/module.py:1789 _call_impl
   /usr/local/lib/python3.12/dist-packages/vllm/model_executor/layers/fused_moe/runner/moe_runner.py:788 forward
   /usr/local/lib/python3.12/dist-packages/torch/_ops.py:1279 __call__
   /usr/local/lib/python3.12/dist-packages/vllm/model_executor/layers/fused_moe/runner/moe_runner.py:162 _moe_forward_shared
   /usr/local/lib/python3.12/dist-packages/vllm/model_executor/layers/fused_moe/runner/moe_runner.py:904 _forward_impl
   /usr/local/lib/python3.12/dist-packages/vllm/model_executor/layers/fused_moe/runner/moe_runner.py:642 _apply_quant_method
   /usr/local/lib/python3.12/dist-packages/vllm/model_executor/layers/fused_moe/router/fused_moe_router.py:81 select_experts
   /usr/local/lib/python3.12/dist-packages/vllm/model_executor/layers/fused_moe/router/base_router.py:305 _select_experts
   /usr/local/lib/python3.12/dist-packages/vllm/model_executor/layers/fused_moe/router/fused_topk_bias_router.py:442 _compute_routing
   /usr/local/lib/python3.12/dist-packages/vllm/model_executor/layers/fused_moe/router/fused_topk_bias_router.py:163 fused_topk_bias
   /usr/local/lib/python3.12/dist-packages/vllm/model_executor/layers/fused_moe/router/dsv4_topk.py:151 dsv4_topk
   /usr/local/lib/python3.12/dist-packages/triton/runtime/jit.py:370 <lambda>
   /usr/local/lib/python3.12/dist-packages/triton/runtime/jit.py:763 run
   /usr/local/lib/python3.12/dist-packages/triton/backends/nvidia/driver.py:328 __call__
=== 17:43:47 anon 2.8 file 0.9 shmem 4.8 GiB
   /usr/local/lib/python3.12/dist-packages/vllm/model_executor/layers/quantization/modelopt.py:2451 <lambda>
   /usr/local/lib/python3.12/dist-packages/vllm/model_executor/kernels/linear/mxfp8/flashinfer.py:114 apply_weights
   /usr/local/lib/python3.12/dist-packages/torch/_library/custom_ops.py:863 __call__
   /usr/local/lib/python3.12/dist-packages/torch/_ops.py:875 __call__
   /usr/local/lib/python3.12/dist-packages/torch/_library/custom_ops.py:482 backend_impl
   /usr/local/lib/python3.12/dist-packages/torch/_compile.py:54 inner
   /usr/local/lib/python3.12/dist-packages/torch/_dynamo/eval_frame.py:1450 _fn
   /usr/local/lib/python3.12/dist-packages/torch/_library/custom_ops.py:502 wrapped_fn
   /usr/local/lib/python3.12/dist-packages/vllm/utils/flashinfer.py:920 mm_mxfp8
   /usr/local/lib/python3.12/dist-packages/flashinfer/utils.py:1561 wrapper
   /usr/local/lib/python3.12/dist-packages/flashinfer/api_logging.py:2348 _auto_dump_wrapper
   /usr/local/lib/python3.12/dist-packages/flashinfer/gemm/gemm_base.py:6275 mm_mxfp8
   /usr/local/lib/python3.12/dist-packages/flashinfer/autotuner/autotuner.py:764 __call__
   /usr/local/lib/python3.12/dist-packages/flashinfer/gemm/gemm_base.py:5282 forward
=== 17:43:52 anon 2.8 file 0.9 shmem 4.8 GiB
   /usr/local/lib/python3.12/dist-packages/torch/nn/modules/module.py:1778 _wrapped_call_impl
   /usr/local/lib/python3.12/dist-packages/torch/nn/modules/module.py:1789 _call_impl
   /usr/local/lib/python3.12/dist-packages/vllm/models/deepseek_v4_1/nvidia/model.py:1085 forward
   /usr/local/lib/python3.12/dist-packages/torch/nn/modules/module.py:1778 _wrapped_call_impl
   /usr/local/lib/python3.12/dist-packages/torch/nn/modules/module.py:1789 _call_impl
   /usr/local/lib/python3.12/dist-packages/vllm/models/deepseek_v4_1/nvidia/model.py:626 forward
   /usr/local/lib/python3.12/dist-packages/torch/nn/modules/module.py:1778 _wrapped_call_impl
   /usr/local/lib/python3.12/dist-packages/torch/nn/modules/module.py:1789 _call_impl
   /usr/local/lib/python3.12/dist-packages/vllm/models/deepseek_v4_1/nvidia/model.py:384 forward
   /usr/local/lib/python3.12/dist-packages/vllm/model_executor/kernels/mhc/tilelang.py:217 mhc_pre_delayed_tilelang
   /usr/local/lib/python3.12/dist-packages/vllm/model_executor/kernels/mhc/warmup.py:71 __call__
   /usr/local/lib/python3.12/dist-packages/tilelang/jit/kernel.py:202 __call__
   /usr/local/lib/python3.12/dist-packages/tilelang/jit/adapter/tvm_ffi.py:292 func
   /usr/local/lib/python3.12/dist-packages/tvm_ffi/module.py:299 __call__
=== 17:43:57 anon 2.8 file 0.9 shmem 4.8 GiB
   /usr/lib/python3.12/multiprocessing/process.py:108 run
   /usr/local/lib/python3.12/dist-packages/vllm/v1/executor/multiproc_executor.py:935 worker_main
   /usr/local/lib/python3.12/dist-packages/vllm/v1/executor/multiproc_executor.py:1033 worker_busy_loop
   /usr/local/lib/python3.12/dist-packages/vllm/v1/executor/multiproc_executor.py:1047 _execute_worker_rpc
   /usr/local/lib/python3.12/dist-packages/vllm/v1/worker/worker_base.py:375 execute_model
   /usr/local/lib/python3.12/dist-packages/torch/utils/_contextlib.py:124 decorate_context
   /usr/local/lib/python3.12/dist-packages/vllm/v1/worker/gpu_worker.py:1177 execute_model
   /usr/local/lib/python3.12/dist-packages/torch/utils/_contextlib.py:124 decorate_context
   /usr/local/lib/python3.12/dist-packages/vllm/v1/worker/gpu/model_runner.py:1796 execute_model
   /usr/local/lib/python3.12/dist-packages/vllm/models/deepseek_v4_1/nvidia/model_state.py:117 prepare_inputs
   /usr/local/lib/python3.12/dist-packages/torch/utils/_contextlib.py:123 decorate_context
   /usr/local/lib/python3.12/dist-packages/vllm/models/deepseek_v4_1/common/engram.py:1411 stage
   /usr/local/lib/python3.12/dist-packages/vllm/models/deepseek_v4_1/common/engram.py:821 gather_dequant_many
   /usr/local/lib/python3.12/dist-packages/vllm/models/deepseek_v4_1/common/engram.py:796 dequant
=== 17:44:02 anon 2.8 file 0.9 shmem 4.8 GiB
   /usr/local/lib/python3.12/dist-packages/vllm/models/deepseek_v4/nvidia/model.py:1029 forward
   /usr/local/lib/python3.12/dist-packages/vllm/models/deepseek_v4/nvidia/model.py:1078 _forward_fused_moe
   /usr/local/lib/python3.12/dist-packages/torch/nn/modules/module.py:1778 _wrapped_call_impl
   /usr/local/lib/python3.12/dist-packages/torch/nn/modules/module.py:1789 _call_impl
   /usr/local/lib/python3.12/dist-packages/vllm/model_executor/layers/fused_moe/runner/moe_runner.py:788 forward
   /usr/local/lib/python3.12/dist-packages/vllm/model_executor/layers/fused_moe/runner/moe_runner.py:511 _maybe_reduce_final_output
   /usr/local/lib/python3.12/dist-packages/vllm/distributed/communication_op.py:14 tensor_model_parallel_all_reduce
   /usr/local/lib/python3.12/dist-packages/vllm/distributed/parallel_state.py:742 all_reduce
   /usr/local/lib/python3.12/dist-packages/torch/_ops.py:1279 __call__
   /usr/local/lib/python3.12/dist-packages/vllm/distributed/parallel_state.py:198 all_reduce
   /usr/local/lib/python3.12/dist-packages/vllm/distributed/parallel_state.py:749 _all_reduce_out_place
   /usr/local/lib/python3.12/dist-packages/vllm/distributed/device_communicators/cuda_communicator.py:377 all_reduce
   /usr/local/lib/python3.12/dist-packages/vllm/distributed/device_communicators/pynccl.py:268 all_reduce
   /usr/local/lib/python3.12/dist-packages/vllm/distributed/device_communicators/pynccl_wrapper.py:504 ncclAllReduce
=== 17:44:07 anon 2.8 file 0.9 shmem 4.8 GiB
   /usr/local/lib/python3.12/dist-packages/vllm/v1/worker/gpu/model_runner.py:1796 execute_model
   /usr/local/lib/python3.12/dist-packages/torch/nn/modules/module.py:1778 _wrapped_call_impl
   /usr/local/lib/python3.12/dist-packages/torch/nn/modules/module.py:1789 _call_impl
   /usr/local/lib/python3.12/dist-packages/vllm/models/deepseek_v4_1/nvidia/vl_model.py:317 forward
   /usr/local/lib/python3.12/dist-packages/torch/nn/modules/module.py:1778 _wrapped_call_impl
   /usr/local/lib/python3.12/dist-packages/torch/nn/modules/module.py:1789 _call_impl
   /usr/local/lib/python3.12/dist-packages/vllm/models/deepseek_v4_1/nvidia/model.py:1085 forward
   /usr/local/lib/python3.12/dist-packages/torch/nn/modules/module.py:1778 _wrapped_call_impl
   /usr/local/lib/python3.12/dist-packages/torch/nn/modules/module.py:1789 _call_impl
   /usr/local/lib/python3.12/dist-packages/vllm/models/deepseek_v4_1/nvidia/model.py:626 forward
   /usr/local/lib/python3.12/dist-packages/torch/nn/modules/module.py:1778 _wrapped_call_impl
   /usr/local/lib/python3.12/dist-packages/torch/nn/modules/module.py:1789 _call_impl
   /usr/local/lib/python3.12/dist-packages/vllm/models/deepseek_v4_1/nvidia/model.py:385 forward
   /usr/local/lib/python3.12/dist-packages/vllm/model_executor/kernels/mhc/tilelang.py:217 mhc_pre_delayed_tilelang
=== 17:44:12 anon 2.8 file 0.9 shmem 4.8 GiB
   /usr/lib/python3.12/multiprocessing/process.py:314 _bootstrap
   /usr/lib/python3.12/multiprocessing/process.py:108 run
   /usr/local/lib/python3.12/dist-packages/vllm/v1/executor/multiproc_executor.py:935 worker_main
   /usr/local/lib/python3.12/dist-packages/vllm/v1/executor/multiproc_executor.py:1033 worker_busy_loop
   /usr/local/lib/python3.12/dist-packages/vllm/v1/executor/multiproc_executor.py:1049 _execute_worker_rpc
   /usr/local/lib/python3.12/dist-packages/torch/utils/_contextlib.py:123 decorate_context
   /usr/local/lib/python3.12/dist-packages/vllm/v1/worker/gpu_worker.py:1112 sample_tokens
   /usr/local/lib/python3.12/dist-packages/torch/utils/_contextlib.py:123 decorate_context
   /usr/local/lib/python3.12/dist-packages/vllm/v1/worker/gpu/eplb_utils.py:33 wrapper
   /usr/local/lib/python3.12/dist-packages/vllm/v1/worker/gpu/model_runner.py:1994 sample_tokens
   /usr/local/lib/python3.12/dist-packages/vllm/v1/worker/gpu/model_runner.py:1491 sample
   /usr/local/lib/python3.12/dist-packages/vllm/v1/worker/gpu/sample/sampler.py:207 __call__
   /usr/local/lib/python3.12/dist-packages/vllm/v1/worker/gpu/sample/sampler.py:325 sample
   /usr/local/lib/python3.12/dist-packages/vllm/v1/worker/gpu/sample/gumbel.py:306 gumbel_sample
=== 17:44:17 anon 2.8 file 0.9 shmem 4.8 GiB
   /usr/local/lib/python3.12/dist-packages/vllm/models/deepseek_v4_1/nvidia/model.py:384 forward
   /usr/local/lib/python3.12/dist-packages/torch/nn/modules/module.py:1778 _wrapped_call_impl
   /usr/local/lib/python3.12/dist-packages/torch/nn/modules/module.py:1789 _call_impl
   /usr/local/lib/python3.12/dist-packages/vllm/models/deepseek_v4_1/attention.py:587 forward
   /usr/local/lib/python3.12/dist-packages/vllm/models/deepseek_v4_1/attention.py:732 _prepare_and_attn
   /usr/local/lib/python3.12/dist-packages/vllm/compilation/breakable_cudagraph.py:104 wrapper
   /usr/local/lib/python3.12/dist-packages/vllm/models/deepseek_v4_1/attention.py:836 _sparse_indexer_and_attn
   /usr/local/lib/python3.12/dist-packages/vllm/models/deepseek_v4_1/nvidia/flashinfer_sparse.py:742 forward_mqa
   /usr/local/lib/python3.12/dist-packages/vllm/models/deepseek_v4_1/nvidia/flashinfer_sparse.py:682 _forward_sparse_impl
   /usr/local/lib/python3.12/dist-packages/vllm/models/deepseek_v4_1/nvidia/flashinfer_sparse.py:815 _forward_decode
   /usr/local/lib/python3.12/dist-packages/vllm/utils/flashinfer.py:179 wrapper
   /usr/local/lib/python3.12/dist-packages/flashinfer/mla/_core.py:2258 trtllm_batch_decode_sparse_mla_dsv4
   /usr/local/lib/python3.12/dist-packages/flashinfer/mla/_core.py:1527 _trtllm_batch_decode_sparse_mla_dsv4_sm120
   /usr/local/lib/python3.12/dist-packages/flashinfer/mla/_core.py:689 _trtllm_batch_decode_sparse_mla_sm120
=== 17:44:22 anon 2.8 file 0.9 shmem 4.8 GiB
   /usr/local/lib/python3.12/dist-packages/vllm/models/deepseek_v4/nvidia/model.py:1029 forward
   /usr/local/lib/python3.12/dist-packages/vllm/models/deepseek_v4/nvidia/model.py:1078 _forward_fused_moe
   /usr/local/lib/python3.12/dist-packages/torch/nn/modules/module.py:1778 _wrapped_call_impl
   /usr/local/lib/python3.12/dist-packages/torch/nn/modules/module.py:1789 _call_impl
   /usr/local/lib/python3.12/dist-packages/vllm/model_executor/layers/fused_moe/runner/moe_runner.py:788 forward
   /usr/local/lib/python3.12/dist-packages/vllm/model_executor/layers/fused_moe/runner/moe_runner.py:511 _maybe_reduce_final_output
   /usr/local/lib/python3.12/dist-packages/vllm/distributed/communication_op.py:14 tensor_model_parallel_all_reduce
   /usr/local/lib/python3.12/dist-packages/vllm/distributed/parallel_state.py:742 all_reduce
   /usr/local/lib/python3.12/dist-packages/torch/_ops.py:1279 __call__
   /usr/local/lib/python3.12/dist-packages/vllm/distributed/parallel_state.py:198 all_reduce
   /usr/local/lib/python3.12/dist-packages/vllm/distributed/parallel_state.py:749 _all_reduce_out_place
   /usr/local/lib/python3.12/dist-packages/vllm/distributed/device_communicators/cuda_communicator.py:377 all_reduce
   /usr/local/lib/python3.12/dist-packages/vllm/distributed/device_communicators/pynccl.py:268 all_reduce
   /usr/local/lib/python3.12/dist-packages/vllm/distributed/device_communicators/pynccl_wrapper.py:504 ncclAllReduce
=== 17:44:27 anon 2.8 file 0.9 shmem 4.8 GiB
   /usr/local/lib/python3.12/dist-packages/vllm/v1/worker/gpu/model_runner.py:1796 execute_model
   /usr/local/lib/python3.12/dist-packages/torch/nn/modules/module.py:1778 _wrapped_call_impl
   /usr/local/lib/python3.12/dist-packages/torch/nn/modules/module.py:1789 _call_impl
   /usr/local/lib/python3.12/dist-packages/vllm/models/deepseek_v4_1/nvidia/vl_model.py:317 forward
   /usr/local/lib/python3.12/dist-packages/torch/nn/modules/module.py:1778 _wrapped_call_impl
   /usr/local/lib/python3.12/dist-packages/torch/nn/modules/module.py:1789 _call_impl
   /usr/local/lib/python3.12/dist-packages/vllm/models/deepseek_v4_1/nvidia/model.py:1085 forward
   /usr/local/lib/python3.12/dist-packages/torch/nn/modules/module.py:1778 _wrapped_call_impl
   /usr/local/lib/python3.12/dist-packages/torch/nn/modules/module.py:1789 _call_impl
   /usr/local/lib/python3.12/dist-packages/vllm/models/deepseek_v4_1/nvidia/model.py:626 forward
   /usr/local/lib/python3.12/dist-packages/torch/nn/modules/module.py:1778 _wrapped_call_impl
   /usr/local/lib/python3.12/dist-packages/torch/nn/modules/module.py:1789 _call_impl
   /usr/local/lib/python3.12/dist-packages/vllm/models/deepseek_v4_1/nvidia/model.py:384 forward
   /usr/local/lib/python3.12/dist-packages/vllm/model_executor/kernels/mhc/tilelang.py:217 mhc_pre_delayed_tilelang
=== 17:44:32 anon 2.8 file 0.9 shmem 4.8 GiB
   /usr/local/lib/python3.12/dist-packages/vllm/model_executor/layers/quantization/modelopt.py:2447 apply
   /usr/local/lib/python3.12/dist-packages/vllm/model_executor/layers/quantization/modelopt.py:2296 apply
   /usr/local/lib/python3.12/dist-packages/vllm/model_executor/layers/quantization/modelopt.py:2451 <lambda>
   /usr/local/lib/python3.12/dist-packages/vllm/model_executor/kernels/linear/mxfp8/flashinfer.py:114 apply_weights
   /usr/local/lib/python3.12/dist-packages/torch/_library/custom_ops.py:863 __call__
   /usr/local/lib/python3.12/dist-packages/torch/_ops.py:875 __call__
   /usr/local/lib/python3.12/dist-packages/torch/_library/custom_ops.py:482 backend_impl
   /usr/local/lib/python3.12/dist-packages/torch/_compile.py:54 inner
   /usr/local/lib/python3.12/dist-packages/torch/_dynamo/eval_frame.py:1450 _fn
   /usr/local/lib/python3.12/dist-packages/torch/_library/custom_ops.py:502 wrapped_fn
   /usr/local/lib/python3.12/dist-packages/vllm/utils/flashinfer.py:920 mm_mxfp8
   /usr/local/lib/python3.12/dist-packages/flashinfer/utils.py:1561 wrapper
   /usr/local/lib/python3.12/dist-packages/flashinfer/api_logging.py:2348 _auto_dump_wrapper
   /usr/local/lib/python3.12/dist-packages/flashinfer/gemm/gemm_base.py:6275 mm_mxfp8
=== 17:44:37 anon 2.8 file 0.9 shmem 4.8 GiB
   /usr/local/lib/python3.12/dist-packages/vllm/v1/worker/gpu/model_runner.py:1796 execute_model
   /usr/local/lib/python3.12/dist-packages/torch/nn/modules/module.py:1778 _wrapped_call_impl
   /usr/local/lib/python3.12/dist-packages/torch/nn/modules/module.py:1789 _call_impl
   /usr/local/lib/python3.12/dist-packages/vllm/models/deepseek_v4_1/nvidia/vl_model.py:317 forward
   /usr/local/lib/python3.12/dist-packages/torch/nn/modules/module.py:1778 _wrapped_call_impl
   /usr/local/lib/python3.12/dist-packages/torch/nn/modules/module.py:1789 _call_impl
   /usr/local/lib/python3.12/dist-packages/vllm/models/deepseek_v4_1/nvidia/model.py:1085 forward
   /usr/local/lib/python3.12/dist-packages/torch/nn/modules/module.py:1778 _wrapped_call_impl
   /usr/local/lib/python3.12/dist-packages/torch/nn/modules/module.py:1789 _call_impl
   /usr/local/lib/python3.12/dist-packages/vllm/models/deepseek_v4_1/nvidia/model.py:626 forward
   /usr/local/lib/python3.12/dist-packages/torch/nn/modules/module.py:1778 _wrapped_call_impl
   /usr/local/lib/python3.12/dist-packages/torch/nn/modules/module.py:1789 _call_impl
   /usr/local/lib/python3.12/dist-packages/vllm/models/deepseek_v4_1/nvidia/model.py:384 forward
   /usr/local/lib/python3.12/dist-packages/vllm/model_executor/kernels/mhc/tilelang.py:217 mhc_pre_delayed_tilelang
=== 17:44:42 anon 2.8 file 0.9 shmem 4.8 GiB
   /usr/local/lib/python3.12/dist-packages/vllm/v1/worker/gpu/model_runner.py:1796 execute_model
   /usr/local/lib/python3.12/dist-packages/torch/nn/modules/module.py:1778 _wrapped_call_impl
   /usr/local/lib/python3.12/dist-packages/torch/nn/modules/module.py:1789 _call_impl
   /usr/local/lib/python3.12/dist-packages/vllm/models/deepseek_v4_1/nvidia/vl_model.py:317 forward
   /usr/local/lib/python3.12/dist-packages/torch/nn/modules/module.py:1778 _wrapped_call_impl
   /usr/local/lib/python3.12/dist-packages/torch/nn/modules/module.py:1789 _call_impl
   /usr/local/lib/python3.12/dist-packages/vllm/models/deepseek_v4_1/nvidia/model.py:1085 forward
   /usr/local/lib/python3.12/dist-packages/torch/nn/modules/module.py:1778 _wrapped_call_impl
   /usr/local/lib/python3.12/dist-packages/torch/nn/modules/module.py:1789 _call_impl
   /usr/local/lib/python3.12/dist-packages/vllm/models/deepseek_v4_1/nvidia/model.py:626 forward
   /usr/local/lib/python3.12/dist-packages/torch/nn/modules/module.py:1778 _wrapped_call_impl
   /usr/local/lib/python3.12/dist-packages/torch/nn/modules/module.py:1789 _call_impl
   /usr/local/lib/python3.12/dist-packages/vllm/models/deepseek_v4_1/nvidia/model.py:384 forward
   /usr/local/lib/python3.12/dist-packages/vllm/model_executor/kernels/mhc/tilelang.py:217 mhc_pre_delayed_tilelang
=== 17:44:47 anon 2.8 file 0.9 shmem 4.8 GiB
   /usr/local/lib/python3.12/dist-packages/torch/nn/modules/module.py:1778 _wrapped_call_impl
   /usr/local/lib/python3.12/dist-packages/torch/nn/modules/module.py:1789 _call_impl
   /usr/local/lib/python3.12/dist-packages/vllm/models/deepseek_v4_1/nvidia/model.py:626 forward
   /usr/local/lib/python3.12/dist-packages/torch/nn/modules/module.py:1778 _wrapped_call_impl
   /usr/local/lib/python3.12/dist-packages/torch/nn/modules/module.py:1789 _call_impl
   /usr/local/lib/python3.12/dist-packages/vllm/models/deepseek_v4_1/nvidia/model.py:384 forward
   /usr/local/lib/python3.12/dist-packages/torch/nn/modules/module.py:1778 _wrapped_call_impl
   /usr/local/lib/python3.12/dist-packages/torch/nn/modules/module.py:1789 _call_impl
   /usr/local/lib/python3.12/dist-packages/vllm/models/deepseek_v4_1/attention.py:587 forward
   /usr/local/lib/python3.12/dist-packages/vllm/models/deepseek_v4_1/attention.py:732 _prepare_and_attn
   /usr/local/lib/python3.12/dist-packages/vllm/compilation/breakable_cudagraph.py:104 wrapper
   /usr/local/lib/python3.12/dist-packages/vllm/models/deepseek_v4_1/attention.py:836 _sparse_indexer_and_attn
   /usr/local/lib/python3.12/dist-packages/vllm/models/deepseek_v4_1/nvidia/flashinfer_sparse.py:742 forward_mqa
   /usr/local/lib/python3.12/dist-packages/vllm/models/deepseek_v4_1/nvidia/flashinfer_sparse.py:682 _forward_sparse_impl
=== 17:44:52 anon 2.8 file 0.9 shmem 4.8 GiB
   /usr/local/lib/python3.12/dist-packages/vllm/models/deepseek_v4/nvidia/model.py:1029 forward
   /usr/local/lib/python3.12/dist-packages/vllm/models/deepseek_v4/nvidia/model.py:1078 _forward_fused_moe
   /usr/local/lib/python3.12/dist-packages/torch/nn/modules/module.py:1778 _wrapped_call_impl
   /usr/local/lib/python3.12/dist-packages/torch/nn/modules/module.py:1789 _call_impl
   /usr/local/lib/python3.12/dist-packages/vllm/model_executor/layers/fused_moe/runner/moe_runner.py:788 forward
   /usr/local/lib/python3.12/dist-packages/vllm/model_executor/layers/fused_moe/runner/moe_runner.py:511 _maybe_reduce_final_output
   /usr/local/lib/python3.12/dist-packages/vllm/distributed/communication_op.py:14 tensor_model_parallel_all_reduce
   /usr/local/lib/python3.12/dist-packages/vllm/distributed/parallel_state.py:742 all_reduce
   /usr/local/lib/python3.12/dist-packages/torch/_ops.py:1279 __call__
   /usr/local/lib/python3.12/dist-packages/vllm/distributed/parallel_state.py:198 all_reduce
   /usr/local/lib/python3.12/dist-packages/vllm/distributed/parallel_state.py:749 _all_reduce_out_place
   /usr/local/lib/python3.12/dist-packages/vllm/distributed/device_communicators/cuda_communicator.py:377 all_reduce
   /usr/local/lib/python3.12/dist-packages/vllm/distributed/device_communicators/pynccl.py:268 all_reduce
   /usr/local/lib/python3.12/dist-packages/vllm/distributed/device_communicators/pynccl_wrapper.py:504 ncclAllReduce
=== 17:44:57 anon 2.8 file 0.9 shmem 4.8 GiB
   /usr/lib/python3.12/multiprocessing/process.py:314 _bootstrap
   /usr/lib/python3.12/multiprocessing/process.py:108 run
   /usr/local/lib/python3.12/dist-packages/vllm/v1/executor/multiproc_executor.py:935 worker_main
   /usr/local/lib/python3.12/dist-packages/vllm/v1/executor/multiproc_executor.py:1033 worker_busy_loop
   /usr/local/lib/python3.12/dist-packages/vllm/v1/executor/multiproc_executor.py:1047 _execute_worker_rpc
   /usr/local/lib/python3.12/dist-packages/vllm/v1/worker/worker_base.py:375 execute_model
   /usr/local/lib/python3.12/dist-packages/torch/utils/_contextlib.py:124 decorate_context
   /usr/local/lib/python3.12/dist-packages/vllm/v1/worker/gpu_worker.py:1177 execute_model
   /usr/local/lib/python3.12/dist-packages/torch/utils/_contextlib.py:124 decorate_context
   /usr/local/lib/python3.12/dist-packages/vllm/v1/worker/gpu/model_runner.py:1677 execute_model
   /usr/local/lib/python3.12/dist-packages/vllm/v1/worker/gpu/model_states/default.py:208 prepare_attn
   /usr/local/lib/python3.12/dist-packages/vllm/v1/worker/gpu/attn_utils.py:336 build_attn_metadata
   /usr/local/lib/python3.12/dist-packages/vllm/v1/attention/backends/mla/sparse_swa.py:695 build
   /usr/local/lib/python3.12/dist-packages/vllm/v1/attention/backend.py:525 token_to_req_indices
=== 17:45:02 anon 2.8 file 0.9 shmem 4.8 GiB
   /usr/local/lib/python3.12/dist-packages/vllm/models/deepseek_v4/nvidia/model.py:1029 forward
   /usr/local/lib/python3.12/dist-packages/vllm/models/deepseek_v4/nvidia/model.py:1078 _forward_fused_moe
   /usr/local/lib/python3.12/dist-packages/torch/nn/modules/module.py:1778 _wrapped_call_impl
   /usr/local/lib/python3.12/dist-packages/torch/nn/modules/module.py:1789 _call_impl
   /usr/local/lib/python3.12/dist-packages/vllm/model_executor/layers/fused_moe/runner/moe_runner.py:788 forward
   /usr/local/lib/python3.12/dist-packages/vllm/model_executor/layers/fused_moe/runner/moe_runner.py:511 _maybe_reduce_final_output
   /usr/local/lib/python3.12/dist-packages/vllm/distributed/communication_op.py:14 tensor_model_parallel_all_reduce
   /usr/local/lib/python3.12/dist-packages/vllm/distributed/parallel_state.py:742 all_reduce
   /usr/local/lib/python3.12/dist-packages/torch/_ops.py:1279 __call__
   /usr/local/lib/python3.12/dist-packages/vllm/distributed/parallel_state.py:198 all_reduce
   /usr/local/lib/python3.12/dist-packages/vllm/distributed/parallel_state.py:749 _all_reduce_out_place
   /usr/local/lib/python3.12/dist-packages/vllm/distributed/device_communicators/cuda_communicator.py:377 all_reduce
   /usr/local/lib/python3.12/dist-packages/vllm/distributed/device_communicators/pynccl.py:268 all_reduce
   /usr/local/lib/python3.12/dist-packages/vllm/distributed/device_communicators/pynccl_wrapper.py:504 ncclAllReduce
=== 17:45:07 anon 2.8 file 0.9 shmem 4.8 GiB
   /usr/lib/python3.12/multiprocessing/process.py:314 _bootstrap
   /usr/lib/python3.12/multiprocessing/process.py:108 run
   /usr/local/lib/python3.12/dist-packages/vllm/v1/executor/multiproc_executor.py:935 worker_main
   /usr/local/lib/python3.12/dist-packages/vllm/v1/executor/multiproc_executor.py:1033 worker_busy_loop
   /usr/local/lib/python3.12/dist-packages/vllm/v1/executor/multiproc_executor.py:1047 _execute_worker_rpc
   /usr/local/lib/python3.12/dist-packages/vllm/v1/worker/worker_base.py:375 execute_model
   /usr/local/lib/python3.12/dist-packages/torch/utils/_contextlib.py:124 decorate_context
   /usr/local/lib/python3.12/dist-packages/vllm/v1/worker/gpu_worker.py:1177 execute_model
   /usr/local/lib/python3.12/dist-packages/torch/utils/_contextlib.py:124 decorate_context
   /usr/local/lib/python3.12/dist-packages/vllm/v1/worker/gpu/model_runner.py:1677 execute_model
   /usr/local/lib/python3.12/dist-packages/vllm/v1/worker/gpu/model_states/default.py:208 prepare_attn
   /usr/local/lib/python3.12/dist-packages/vllm/v1/worker/gpu/attn_utils.py:336 build_attn_metadata
   /usr/local/lib/python3.12/dist-packages/vllm/v1/attention/backends/mla/sparse_swa.py:695 build
   /usr/local/lib/python3.12/dist-packages/vllm/v1/attention/backend.py:525 token_to_req_indices
=== 17:45:12 anon 2.8 file 0.9 shmem 4.8 GiB
   /usr/local/lib/python3.12/dist-packages/vllm/models/deepseek_v4_1/nvidia/vl_model.py:317 forward
   /usr/local/lib/python3.12/dist-packages/torch/nn/modules/module.py:1778 _wrapped_call_impl
   /usr/local/lib/python3.12/dist-packages/torch/nn/modules/module.py:1789 _call_impl
   /usr/local/lib/python3.12/dist-packages/vllm/models/deepseek_v4_1/nvidia/model.py:1085 forward
   /usr/local/lib/python3.12/dist-packages/torch/nn/modules/module.py:1778 _wrapped_call_impl
   /usr/local/lib/python3.12/dist-packages/torch/nn/modules/module.py:1789 _call_impl
   /usr/local/lib/python3.12/dist-packages/vllm/models/deepseek_v4_1/nvidia/model.py:626 forward
   /usr/local/lib/python3.12/dist-packages/torch/nn/modules/module.py:1778 _wrapped_call_impl
   /usr/local/lib/python3.12/dist-packages/torch/nn/modules/module.py:1789 _call_impl
   /usr/local/lib/python3.12/dist-packages/vllm/models/deepseek_v4_1/nvidia/model.py:369 forward
   /usr/local/lib/python3.12/dist-packages/torch/nn/modules/module.py:1778 _wrapped_call_impl
   /usr/local/lib/python3.12/dist-packages/torch/nn/modules/module.py:1789 _call_impl
   /usr/local/lib/python3.12/dist-packages/vllm/models/deepseek_v4_1/attention.py:587 forward
   /usr/local/lib/python3.12/dist-packages/vllm/models/deepseek_v4_1/attention.py:621 _split_qkv_and_norm
=== 17:45:17 anon 2.8 file 0.9 shmem 4.8 GiB
   /usr/lib/python3.12/multiprocessing/process.py:314 _bootstrap
   /usr/lib/python3.12/multiprocessing/process.py:108 run
   /usr/local/lib/python3.12/dist-packages/vllm/v1/executor/multiproc_executor.py:935 worker_main
   /usr/local/lib/python3.12/dist-packages/vllm/v1/executor/multiproc_executor.py:1033 worker_busy_loop
   /usr/local/lib/python3.12/dist-packages/vllm/v1/executor/multiproc_executor.py:1047 _execute_worker_rpc
   /usr/local/lib/python3.12/dist-packages/vllm/v1/worker/worker_base.py:375 execute_model
   /usr/local/lib/python3.12/dist-packages/torch/utils/_contextlib.py:124 decorate_context
   /usr/local/lib/python3.12/dist-packages/vllm/v1/worker/gpu_worker.py:1177 execute_model
   /usr/local/lib/python3.12/dist-packages/torch/utils/_contextlib.py:124 decorate_context
   /usr/local/lib/python3.12/dist-packages/vllm/v1/worker/gpu/model_runner.py:1728 execute_model
   /usr/local/lib/python3.12/dist-packages/vllm/models/deepseek_v4_1/nvidia/model_state.py:110 prepare_inputs
   /usr/local/lib/python3.12/dist-packages/torch/utils/_contextlib.py:124 decorate_context
   /usr/local/lib/python3.12/dist-packages/vllm/models/deepseek_v4_1/common/engram.py:1405 stage
   /usr/local/lib/python3.12/dist-packages/vllm/models/deepseek_v4_1/common/engram.py:989 disk_rel_owned
=== 17:45:22 anon 2.8 file 0.9 shmem 4.8 GiB
   /usr/local/lib/python3.12/dist-packages/torch/nn/modules/module.py:1789 _call_impl
   /usr/local/lib/python3.12/dist-packages/vllm/model_executor/layers/linear.py:1773 forward
   /usr/local/lib/python3.12/dist-packages/vllm/model_executor/layers/quantization/modelopt.py:2447 apply
   /usr/local/lib/python3.12/dist-packages/vllm/model_executor/layers/quantization/modelopt.py:2296 apply
   /usr/local/lib/python3.12/dist-packages/vllm/model_executor/layers/quantization/modelopt.py:2451 <lambda>
   /usr/local/lib/python3.12/dist-packages/vllm/model_executor/kernels/linear/mxfp8/flashinfer.py:114 apply_weights
   /usr/local/lib/python3.12/dist-packages/vllm/model_executor/layers/quantization/utils/mxfp8_utils.py:227 mxfp8_e4m3_quantize
   /usr/local/lib/python3.12/dist-packages/torch/_ops.py:1279 __call__
   /usr/local/lib/python3.12/dist-packages/vllm/model_executor/layers/quantization/utils/mxfp8_utils.py:206 _mxfp8_e4m3_quantize_impl
   /usr/local/lib/python3.12/dist-packages/flashinfer/api_logging.py:2348 _auto_dump_wrapper
   /usr/local/lib/python3.12/dist-packages/flashinfer/quantization/fp8_quantization.py:246 mxfp8_quantize
   /usr/local/lib/python3.12/dist-packages/flashinfer/quantization/kernels/mxfp8_quantize.py:980 mxfp8_quantize_cute_dsl
   /usr/local/lib/python3.12/dist-packages/nvidia_cutlass_dsl/dsl_packages/cutlass/cutlass_dsl/tvm_ffi_provider.py:685 __call__
   <string>:3 wrapper
=== 17:45:27 anon 2.8 file 0.9 shmem 4.8 GiB
   /usr/local/lib/python3.12/dist-packages/vllm/models/deepseek_v4_1/nvidia/vl_model.py:317 forward
   /usr/local/lib/python3.12/dist-packages/torch/nn/modules/module.py:1778 _wrapped_call_impl
   /usr/local/lib/python3.12/dist-packages/torch/nn/modules/module.py:1789 _call_impl
   /usr/local/lib/python3.12/dist-packages/vllm/models/deepseek_v4_1/nvidia/model.py:1085 forward
   /usr/local/lib/python3.12/dist-packages/torch/nn/modules/module.py:1778 _wrapped_call_impl
   /usr/local/lib/python3.12/dist-packages/torch/nn/modules/module.py:1789 _call_impl
   /usr/local/lib/python3.12/dist-packages/vllm/models/deepseek_v4_1/nvidia/model.py:626 forward
   /usr/local/lib/python3.12/dist-packages/torch/nn/modules/module.py:1778 _wrapped_call_impl
   /usr/local/lib/python3.12/dist-packages/torch/nn/modules/module.py:1789 _call_impl
   /usr/local/lib/python3.12/dist-packages/vllm/models/deepseek_v4_1/nvidia/model.py:385 forward
   /usr/local/lib/python3.12/dist-packages/torch/nn/modules/module.py:1778 _wrapped_call_impl
   /usr/local/lib/python3.12/dist-packages/torch/nn/modules/module.py:1789 _call_impl
   /usr/local/lib/python3.12/dist-packages/vllm/models/deepseek_v4/nvidia/model.py:1029 forward
   /usr/local/lib/python3.12/dist-packages/vllm/models/deepseek_v4/nvidia/model.py:1078 _forward_fused_moe
=== 17:45:32 anon 2.8 file 0.9 shmem 4.8 GiB
   /usr/local/lib/python3.12/dist-packages/vllm/models/deepseek_v4/nvidia/model.py:157 forward
   /usr/local/lib/python3.12/dist-packages/torch/nn/modules/module.py:1778 _wrapped_call_impl
   /usr/local/lib/python3.12/dist-packages/torch/nn/modules/module.py:1789 _call_impl
   /usr/local/lib/python3.12/dist-packages/vllm/model_executor/layers/linear.py:1773 forward
   /usr/local/lib/python3.12/dist-packages/vllm/model_executor/layers/quantization/modelopt.py:2447 apply
   /usr/local/lib/python3.12/dist-packages/vllm/model_executor/layers/quantization/modelopt.py:2296 apply
   /usr/local/lib/python3.12/dist-packages/vllm/model_executor/layers/quantization/modelopt.py:2451 <lambda>
   /usr/local/lib/python3.12/dist-packages/vllm/model_executor/kernels/linear/mxfp8/flashinfer.py:114 apply_weights
   /usr/local/lib/python3.12/dist-packages/vllm/model_executor/layers/quantization/utils/mxfp8_utils.py:227 mxfp8_e4m3_quantize
   /usr/local/lib/python3.12/dist-packages/torch/_ops.py:1279 __call__
   /usr/local/lib/python3.12/dist-packages/vllm/model_executor/layers/quantization/utils/mxfp8_utils.py:206 _mxfp8_e4m3_quantize_impl
   /usr/local/lib/python3.12/dist-packages/flashinfer/api_logging.py:2348 _auto_dump_wrapper
   /usr/local/lib/python3.12/dist-packages/flashinfer/quantization/fp8_quantization.py:246 mxfp8_quantize
   /usr/local/lib/python3.12/dist-packages/flashinfer/quantization/kernels/mxfp8_quantize.py:980 mxfp8_quantize_cute_dsl
=== 17:45:37 anon 2.8 file 0.9 shmem 4.8 GiB
   /usr/local/lib/python3.12/dist-packages/vllm/models/deepseek_v4_1/attention.py:732 _prepare_and_attn
   /usr/local/lib/python3.12/dist-packages/vllm/compilation/breakable_cudagraph.py:104 wrapper
   /usr/local/lib/python3.12/dist-packages/vllm/models/deepseek_v4_1/attention.py:836 _sparse_indexer_and_attn
   /usr/local/lib/python3.12/dist-packages/vllm/models/deepseek_v4_1/nvidia/flashinfer_sparse.py:742 forward_mqa
   /usr/local/lib/python3.12/dist-packages/vllm/models/deepseek_v4_1/nvidia/flashinfer_sparse.py:682 _forward_sparse_impl
   /usr/local/lib/python3.12/dist-packages/vllm/models/deepseek_v4_1/nvidia/flashinfer_sparse.py:815 _forward_decode
   /usr/local/lib/python3.12/dist-packages/vllm/utils/flashinfer.py:179 wrapper
   /usr/local/lib/python3.12/dist-packages/flashinfer/mla/_core.py:2258 trtllm_batch_decode_sparse_mla_dsv4
   /usr/local/lib/python3.12/dist-packages/flashinfer/mla/_core.py:1527 _trtllm_batch_decode_sparse_mla_dsv4_sm120
   /usr/local/lib/python3.12/dist-packages/flashinfer/mla/_core.py:689 _trtllm_batch_decode_sparse_mla_sm120
   /usr/local/lib/python3.12/dist-packages/flashinfer/mla/_sparse_mla_sm120.py:1355 run
   /usr/local/lib/python3.12/dist-packages/flashinfer/mla/_sparse_mla_sm120.py:893 _sparse_mla_sm120_paged_attention
   /usr/local/lib/python3.12/dist-packages/flashinfer/mla/_sparse_mla_sm120.py:722 _paged_attention
   /usr/local/lib/python3.12/dist-packages/flashinfer/mla/_sparse_mla_sm120.py:1594 sparse_mla_sm120_decode_dsv4
=== 17:45:42 anon 2.8 file 0.9 shmem 4.8 GiB
   /usr/local/lib/python3.12/dist-packages/torch/nn/modules/module.py:1778 _wrapped_call_impl
   /usr/local/lib/python3.12/dist-packages/torch/nn/modules/module.py:1789 _call_impl
   /usr/local/lib/python3.12/dist-packages/vllm/models/deepseek_v4_1/nvidia/model.py:1085 forward
   /usr/local/lib/python3.12/dist-packages/torch/nn/modules/module.py:1778 _wrapped_call_impl
   /usr/local/lib/python3.12/dist-packages/torch/nn/modules/module.py:1789 _call_impl
   /usr/local/lib/python3.12/dist-packages/vllm/models/deepseek_v4_1/nvidia/model.py:626 forward
   /usr/local/lib/python3.12/dist-packages/torch/nn/modules/module.py:1778 _wrapped_call_impl
   /usr/local/lib/python3.12/dist-packages/torch/nn/modules/module.py:1789 _call_impl
   /usr/local/lib/python3.12/dist-packages/vllm/models/deepseek_v4_1/nvidia/model.py:385 forward
   /usr/local/lib/python3.12/dist-packages/vllm/model_executor/kernels/mhc/tilelang.py:217 mhc_pre_delayed_tilelang
   /usr/local/lib/python3.12/dist-packages/vllm/model_executor/kernels/mhc/warmup.py:71 __call__
   /usr/local/lib/python3.12/dist-packages/tilelang/jit/kernel.py:202 __call__
   /usr/local/lib/python3.12/dist-packages/tilelang/jit/adapter/tvm_ffi.py:292 func
   /usr/local/lib/python3.12/dist-packages/tvm_ffi/module.py:299 __call__
=== 17:45:47 anon 2.8 file 0.9 shmem 4.8 GiB
   /usr/lib/python3.12/multiprocessing/process.py:314 _bootstrap
   /usr/lib/python3.12/multiprocessing/process.py:108 run
   /usr/local/lib/python3.12/dist-packages/vllm/v1/executor/multiproc_executor.py:935 worker_main
   /usr/local/lib/python3.12/dist-packages/vllm/v1/executor/multiproc_executor.py:1033 worker_busy_loop
   /usr/local/lib/python3.12/dist-packages/vllm/v1/executor/multiproc_executor.py:1047 _execute_worker_rpc
   /usr/local/lib/python3.12/dist-packages/vllm/v1/worker/worker_base.py:375 execute_model
   /usr/local/lib/python3.12/dist-packages/torch/utils/_contextlib.py:124 decorate_context
   /usr/local/lib/python3.12/dist-packages/vllm/v1/worker/gpu_worker.py:1177 execute_model
   /usr/local/lib/python3.12/dist-packages/torch/utils/_contextlib.py:124 decorate_context
   /usr/local/lib/python3.12/dist-packages/vllm/v1/worker/gpu/model_runner.py:1728 execute_model
   /usr/local/lib/python3.12/dist-packages/vllm/models/deepseek_v4_1/nvidia/model_state.py:110 prepare_inputs
   /usr/local/lib/python3.12/dist-packages/torch/utils/_contextlib.py:124 decorate_context
   /usr/local/lib/python3.12/dist-packages/vllm/models/deepseek_v4_1/common/engram.py:1399 stage
   /usr/local/lib/python3.12/dist-packages/torch/cuda/streams.py:254 synchronize
=== 17:45:52 anon 2.8 file 0.9 shmem 4.8 GiB
   /usr/local/lib/python3.12/dist-packages/vllm/models/deepseek_v4_1/nvidia/model.py:385 forward
   /usr/local/lib/python3.12/dist-packages/torch/nn/modules/module.py:1778 _wrapped_call_impl
   /usr/local/lib/python3.12/dist-packages/torch/nn/modules/module.py:1789 _call_impl
   /usr/local/lib/python3.12/dist-packages/vllm/models/deepseek_v4/nvidia/model.py:1029 forward
   /usr/local/lib/python3.12/dist-packages/vllm/models/deepseek_v4/nvidia/model.py:1078 _forward_fused_moe
   /usr/local/lib/python3.12/dist-packages/torch/nn/modules/module.py:1778 _wrapped_call_impl
   /usr/local/lib/python3.12/dist-packages/torch/nn/modules/module.py:1789 _call_impl
   /usr/local/lib/python3.12/dist-packages/vllm/model_executor/layers/fused_moe/runner/moe_runner.py:788 forward
   /usr/local/lib/python3.12/dist-packages/torch/_ops.py:1279 __call__
   /usr/local/lib/python3.12/dist-packages/vllm/model_executor/layers/fused_moe/runner/moe_runner.py:162 _moe_forward_shared
   /usr/local/lib/python3.12/dist-packages/vllm/model_executor/layers/fused_moe/runner/moe_runner.py:904 _forward_impl
   /usr/local/lib/python3.12/dist-packages/torch/nn/modules/module.py:1778 _wrapped_call_impl
   /usr/local/lib/python3.12/dist-packages/torch/nn/modules/module.py:1789 _call_impl
   /usr/local/lib/python3.12/dist-packages/vllm/model_executor/layers/fused_moe/router/gate_linear.py:213 forward
=== 17:45:57 anon 2.8 file 0.9 shmem 4.8 GiB
   /usr/local/lib/python3.12/dist-packages/torch/nn/modules/module.py:1789 _call_impl
   /usr/local/lib/python3.12/dist-packages/vllm/models/deepseek_v4_1/attention.py:587 forward
   /usr/local/lib/python3.12/dist-packages/vllm/models/deepseek_v4_1/attention.py:732 _prepare_and_attn
   /usr/local/lib/python3.12/dist-packages/vllm/compilation/breakable_cudagraph.py:104 wrapper
   /usr/local/lib/python3.12/dist-packages/vllm/models/deepseek_v4_1/attention.py:836 _sparse_indexer_and_attn
   /usr/local/lib/python3.12/dist-packages/vllm/models/deepseek_v4_1/nvidia/flashinfer_sparse.py:742 forward_mqa
   /usr/local/lib/python3.12/dist-packages/vllm/models/deepseek_v4_1/nvidia/flashinfer_sparse.py:682 _forward_sparse_impl
   /usr/local/lib/python3.12/dist-packages/vllm/models/deepseek_v4_1/nvidia/flashinfer_sparse.py:815 _forward_decode
   /usr/local/lib/python3.12/dist-packages/vllm/utils/flashinfer.py:179 wrapper
   /usr/local/lib/python3.12/dist-packages/flashinfer/mla/_core.py:2258 trtllm_batch_decode_sparse_mla_dsv4
   /usr/local/lib/python3.12/dist-packages/flashinfer/mla/_core.py:1527 _trtllm_batch_decode_sparse_mla_dsv4_sm120
   /usr/local/lib/python3.12/dist-packages/flashinfer/mla/_core.py:689 _trtllm_batch_decode_sparse_mla_sm120
   /usr/local/lib/python3.12/dist-packages/flashinfer/mla/_core.py:341 _sparse_mla_decode_workspace
   /usr/local/lib/python3.12/dist-packages/flashinfer/mla/_core.py:302 _workspace_tensor_view
=== 17:46:02 anon 2.8 file 0.9 shmem 4.8 GiB
   /usr/local/lib/python3.12/dist-packages/torch/nn/modules/module.py:1789 _call_impl
   /usr/local/lib/python3.12/dist-packages/vllm/model_executor/layers/linear.py:1771 forward
   /usr/local/lib/python3.12/dist-packages/vllm/model_executor/layers/quantization/modelopt.py:2447 apply
   /usr/local/lib/python3.12/dist-packages/vllm/model_executor/layers/quantization/modelopt.py:2296 apply
   /usr/local/lib/python3.12/dist-packages/vllm/model_executor/layers/quantization/modelopt.py:2451 <lambda>
   /usr/local/lib/python3.12/dist-packages/vllm/model_executor/kernels/linear/mxfp8/flashinfer.py:114 apply_weights
   /usr/local/lib/python3.12/dist-packages/vllm/model_executor/layers/quantization/utils/mxfp8_utils.py:227 mxfp8_e4m3_quantize
   /usr/local/lib/python3.12/dist-packages/torch/_ops.py:1279 __call__
   /usr/local/lib/python3.12/dist-packages/vllm/model_executor/layers/quantization/utils/mxfp8_utils.py:206 _mxfp8_e4m3_quantize_impl
   /usr/local/lib/python3.12/dist-packages/flashinfer/api_logging.py:2348 _auto_dump_wrapper
   /usr/local/lib/python3.12/dist-packages/flashinfer/quantization/fp8_quantization.py:246 mxfp8_quantize
   /usr/local/lib/python3.12/dist-packages/flashinfer/quantization/kernels/mxfp8_quantize.py:980 mxfp8_quantize_cute_dsl
   /usr/local/lib/python3.12/dist-packages/nvidia_cutlass_dsl/dsl_packages/cutlass/cutlass_dsl/tvm_ffi_provider.py:685 __call__
   <string>:3 wrapper
=== 17:46:07 anon 2.8 file 0.9 shmem 4.8 GiB
   /usr/local/lib/python3.12/dist-packages/vllm/model_executor/layers/quantization/modelopt.py:2451 <lambda>
   /usr/local/lib/python3.12/dist-packages/vllm/model_executor/kernels/linear/mxfp8/flashinfer.py:114 apply_weights
   /usr/local/lib/python3.12/dist-packages/torch/_library/custom_ops.py:863 __call__
   /usr/local/lib/python3.12/dist-packages/torch/_ops.py:875 __call__
   /usr/local/lib/python3.12/dist-packages/torch/_library/custom_ops.py:482 backend_impl
   /usr/local/lib/python3.12/dist-packages/torch/_compile.py:54 inner
   /usr/local/lib/python3.12/dist-packages/torch/_dynamo/eval_frame.py:1450 _fn
   /usr/local/lib/python3.12/dist-packages/torch/_library/custom_ops.py:502 wrapped_fn
   /usr/local/lib/python3.12/dist-packages/vllm/utils/flashinfer.py:920 mm_mxfp8
   /usr/local/lib/python3.12/dist-packages/flashinfer/utils.py:1561 wrapper
   /usr/local/lib/python3.12/dist-packages/flashinfer/api_logging.py:2348 _auto_dump_wrapper
   /usr/local/lib/python3.12/dist-packages/flashinfer/gemm/gemm_base.py:6275 mm_mxfp8
   /usr/local/lib/python3.12/dist-packages/flashinfer/autotuner/autotuner.py:764 __call__
   /usr/local/lib/python3.12/dist-packages/flashinfer/gemm/gemm_base.py:5282 forward
=== 17:46:12 anon 2.8 file 0.9 shmem 4.8 GiB
   /usr/local/lib/python3.12/dist-packages/vllm/models/deepseek_v4_1/attention.py:587 forward
   /usr/local/lib/python3.12/dist-packages/vllm/models/deepseek_v4_1/nvidia/flashinfer_sparse.py:601 _o_proj
   /usr/local/lib/python3.12/dist-packages/vllm/models/deepseek_v4/nvidia/ops/o_proj.py:87 deep_gemm_fp8_o_proj
   /usr/local/lib/python3.12/dist-packages/torch/nn/modules/module.py:1778 _wrapped_call_impl
   /usr/local/lib/python3.12/dist-packages/torch/nn/modules/module.py:1789 _call_impl
   /usr/local/lib/python3.12/dist-packages/vllm/model_executor/layers/linear.py:1771 forward
   /usr/local/lib/python3.12/dist-packages/vllm/distributed/communication_op.py:14 tensor_model_parallel_all_reduce
   /usr/local/lib/python3.12/dist-packages/vllm/distributed/parallel_state.py:742 all_reduce
   /usr/local/lib/python3.12/dist-packages/torch/_ops.py:1279 __call__
   /usr/local/lib/python3.12/dist-packages/vllm/distributed/parallel_state.py:198 all_reduce
   /usr/local/lib/python3.12/dist-packages/vllm/distributed/parallel_state.py:749 _all_reduce_out_place
   /usr/local/lib/python3.12/dist-packages/vllm/distributed/device_communicators/cuda_communicator.py:377 all_reduce
   /usr/local/lib/python3.12/dist-packages/vllm/distributed/device_communicators/pynccl.py:268 all_reduce
   /usr/local/lib/python3.12/dist-packages/vllm/distributed/device_communicators/pynccl_wrapper.py:504 ncclAllReduce
=== 17:46:17 anon 2.8 file 0.9 shmem 4.8 GiB
   /usr/lib/python3.12/multiprocessing/process.py:314 _bootstrap
   /usr/lib/python3.12/multiprocessing/process.py:108 run
   /usr/local/lib/python3.12/dist-packages/vllm/v1/executor/multiproc_executor.py:935 worker_main
   /usr/local/lib/python3.12/dist-packages/vllm/v1/executor/multiproc_executor.py:1033 worker_busy_loop
   /usr/local/lib/python3.12/dist-packages/vllm/v1/executor/multiproc_executor.py:1047 _execute_worker_rpc
   /usr/local/lib/python3.12/dist-packages/vllm/v1/worker/worker_base.py:375 execute_model
   /usr/local/lib/python3.12/dist-packages/torch/utils/_contextlib.py:124 decorate_context
   /usr/local/lib/python3.12/dist-packages/vllm/v1/worker/gpu_worker.py:1177 execute_model
   /usr/local/lib/python3.12/dist-packages/torch/utils/_contextlib.py:124 decorate_context
   /usr/local/lib/python3.12/dist-packages/vllm/v1/worker/gpu/model_runner.py:1728 execute_model
   /usr/local/lib/python3.12/dist-packages/vllm/models/deepseek_v4_1/nvidia/model_state.py:110 prepare_inputs
   /usr/local/lib/python3.12/dist-packages/torch/utils/_contextlib.py:124 decorate_context
   /usr/local/lib/python3.12/dist-packages/vllm/models/deepseek_v4_1/common/engram.py:1399 stage
   /usr/local/lib/python3.12/dist-packages/torch/cuda/streams.py:254 synchronize
=== 17:46:22 anon 2.8 file 0.9 shmem 4.8 GiB
   /usr/local/lib/python3.12/dist-packages/torch/nn/modules/module.py:1789 _call_impl
   /usr/local/lib/python3.12/dist-packages/vllm/models/deepseek_v4_1/nvidia/model.py:385 forward
   /usr/local/lib/python3.12/dist-packages/torch/nn/modules/module.py:1778 _wrapped_call_impl
   /usr/local/lib/python3.12/dist-packages/torch/nn/modules/module.py:1789 _call_impl
   /usr/local/lib/python3.12/dist-packages/vllm/models/deepseek_v4/nvidia/model.py:1029 forward
   /usr/local/lib/python3.12/dist-packages/vllm/models/deepseek_v4/nvidia/model.py:1078 _forward_fused_moe
   /usr/local/lib/python3.12/dist-packages/torch/nn/modules/module.py:1778 _wrapped_call_impl
   /usr/local/lib/python3.12/dist-packages/torch/nn/modules/module.py:1789 _call_impl
   /usr/local/lib/python3.12/dist-packages/vllm/model_executor/layers/fused_moe/runner/moe_runner.py:788 forward
   /usr/local/lib/python3.12/dist-packages/torch/_ops.py:1279 __call__
   /usr/local/lib/python3.12/dist-packages/vllm/model_executor/layers/fused_moe/runner/moe_runner.py:162 _moe_forward_shared
   /usr/local/lib/python3.12/dist-packages/vllm/model_executor/layers/fused_moe/runner/moe_runner.py:904 _forward_impl
   /usr/local/lib/python3.12/dist-packages/vllm/model_executor/layers/fused_moe/runner/moe_runner.py:642 _apply_quant_method
   /usr/local/lib/python3.12/dist-packages/vllm/model_executor/layers/fused_moe/routed_experts.py:1252 forward_modular
=== 17:46:27 anon 2.8 file 0.9 shmem 4.8 GiB
   /usr/local/lib/python3.12/dist-packages/vllm/v1/worker/gpu/model_runner.py:1796 execute_model
   /usr/local/lib/python3.12/dist-packages/torch/nn/modules/module.py:1778 _wrapped_call_impl
   /usr/local/lib/python3.12/dist-packages/torch/nn/modules/module.py:1789 _call_impl
   /usr/local/lib/python3.12/dist-packages/vllm/models/deepseek_v4_1/nvidia/vl_model.py:317 forward
   /usr/local/lib/python3.12/dist-packages/torch/nn/modules/module.py:1778 _wrapped_call_impl
   /usr/local/lib/python3.12/dist-packages/torch/nn/modules/module.py:1789 _call_impl
   /usr/local/lib/python3.12/dist-packages/vllm/models/deepseek_v4_1/nvidia/model.py:1085 forward
   /usr/local/lib/python3.12/dist-packages/torch/nn/modules/module.py:1778 _wrapped_call_impl
   /usr/local/lib/python3.12/dist-packages/torch/nn/modules/module.py:1789 _call_impl
   /usr/local/lib/python3.12/dist-packages/vllm/models/deepseek_v4_1/nvidia/model.py:626 forward
   /usr/local/lib/python3.12/dist-packages/torch/nn/modules/module.py:1778 _wrapped_call_impl
   /usr/local/lib/python3.12/dist-packages/torch/nn/modules/module.py:1789 _call_impl
   /usr/local/lib/python3.12/dist-packages/vllm/models/deepseek_v4_1/nvidia/model.py:370 forward
   /usr/local/lib/python3.12/dist-packages/vllm/model_executor/kernels/mhc/tilelang.py:217 mhc_pre_delayed_tilelang
=== 17:46:32 anon 2.8 file 0.9 shmem 4.8 GiB
   /usr/local/lib/python3.12/dist-packages/vllm/v1/executor/multiproc_executor.py:1033 worker_busy_loop
   /usr/local/lib/python3.12/dist-packages/vllm/v1/executor/multiproc_executor.py:1047 _execute_worker_rpc
   /usr/local/lib/python3.12/dist-packages/vllm/v1/worker/worker_base.py:375 execute_model
   /usr/local/lib/python3.12/dist-packages/torch/utils/_contextlib.py:124 decorate_context
   /usr/local/lib/python3.12/dist-packages/vllm/v1/worker/gpu_worker.py:1177 execute_model
   /usr/local/lib/python3.12/dist-packages/torch/utils/_contextlib.py:124 decorate_context
   /usr/local/lib/python3.12/dist-packages/vllm/v1/worker/gpu/model_runner.py:1728 execute_model
   /usr/local/lib/python3.12/dist-packages/vllm/models/deepseek_v4_1/nvidia/model_state.py:110 prepare_inputs
   /usr/local/lib/python3.12/dist-packages/torch/utils/_contextlib.py:124 decorate_context
   /usr/local/lib/python3.12/dist-packages/vllm/models/deepseek_v4_1/common/engram.py:1405 stage
   /usr/local/lib/python3.12/dist-packages/vllm/models/deepseek_v4_1/common/engram.py:815 gather_dequant_many
   /usr/local/lib/python3.12/dist-packages/vllm/models/deepseek_v4_1/common/engram.py:682 _kai_parallel_read
   /usr/lib/python3.12/concurrent/futures/_base.py:451 result
   /usr/lib/python3.12/threading.py:355 wait
=== 17:46:37 anon 2.8 file 0.9 shmem 4.8 GiB
   /usr/local/lib/python3.12/dist-packages/vllm/models/deepseek_v4_1/attention.py:732 _prepare_and_attn
   /usr/local/lib/python3.12/dist-packages/vllm/compilation/breakable_cudagraph.py:104 wrapper
   /usr/local/lib/python3.12/dist-packages/vllm/models/deepseek_v4_1/attention.py:836 _sparse_indexer_and_attn
   /usr/local/lib/python3.12/dist-packages/vllm/models/deepseek_v4_1/nvidia/flashinfer_sparse.py:742 forward_mqa
   /usr/local/lib/python3.12/dist-packages/vllm/models/deepseek_v4_1/nvidia/flashinfer_sparse.py:682 _forward_sparse_impl
   /usr/local/lib/python3.12/dist-packages/vllm/models/deepseek_v4_1/nvidia/flashinfer_sparse.py:815 _forward_decode
   /usr/local/lib/python3.12/dist-packages/vllm/utils/flashinfer.py:179 wrapper
   /usr/local/lib/python3.12/dist-packages/flashinfer/mla/_core.py:2258 trtllm_batch_decode_sparse_mla_dsv4
   /usr/local/lib/python3.12/dist-packages/flashinfer/mla/_core.py:1527 _trtllm_batch_decode_sparse_mla_dsv4_sm120
   /usr/local/lib/python3.12/dist-packages/flashinfer/mla/_core.py:689 _trtllm_batch_decode_sparse_mla_sm120
   /usr/local/lib/python3.12/dist-packages/flashinfer/mla/_sparse_mla_sm120.py:1355 run
   /usr/local/lib/python3.12/dist-packages/flashinfer/mla/_sparse_mla_sm120.py:893 _sparse_mla_sm120_paged_attention
   /usr/local/lib/python3.12/dist-packages/flashinfer/mla/_sparse_mla_sm120.py:722 _paged_attention
   /usr/local/lib/python3.12/dist-packages/flashinfer/mla/_sparse_mla_sm120.py:1594 sparse_mla_sm120_decode_dsv4
=== 17:46:42 anon 2.8 file 0.9 shmem 4.8 GiB
   /usr/local/lib/python3.12/dist-packages/vllm/v1/worker/gpu/model_runner.py:1796 execute_model
   /usr/local/lib/python3.12/dist-packages/torch/nn/modules/module.py:1778 _wrapped_call_impl
   /usr/local/lib/python3.12/dist-packages/torch/nn/modules/module.py:1789 _call_impl
   /usr/local/lib/python3.12/dist-packages/vllm/models/deepseek_v4_1/nvidia/vl_model.py:317 forward
   /usr/local/lib/python3.12/dist-packages/torch/nn/modules/module.py:1778 _wrapped_call_impl
   /usr/local/lib/python3.12/dist-packages/torch/nn/modules/module.py:1789 _call_impl
   /usr/local/lib/python3.12/dist-packages/vllm/models/deepseek_v4_1/nvidia/model.py:1085 forward
   /usr/local/lib/python3.12/dist-packages/torch/nn/modules/module.py:1778 _wrapped_call_impl
   /usr/local/lib/python3.12/dist-packages/torch/nn/modules/module.py:1789 _call_impl
   /usr/local/lib/python3.12/dist-packages/vllm/models/deepseek_v4_1/nvidia/model.py:626 forward
   /usr/local/lib/python3.12/dist-packages/torch/nn/modules/module.py:1778 _wrapped_call_impl
   /usr/local/lib/python3.12/dist-packages/torch/nn/modules/module.py:1789 _call_impl
   /usr/local/lib/python3.12/dist-packages/vllm/models/deepseek_v4_1/nvidia/model.py:385 forward
   /usr/local/lib/python3.12/dist-packages/vllm/model_executor/kernels/mhc/tilelang.py:217 mhc_pre_delayed_tilelang
=== 17:46:47 anon 2.8 file 0.9 shmem 4.8 GiB
   /usr/local/lib/python3.12/dist-packages/vllm/models/deepseek_v4_1/nvidia/model.py:1085 forward
   /usr/local/lib/python3.12/dist-packages/torch/nn/modules/module.py:1778 _wrapped_call_impl
   /usr/local/lib/python3.12/dist-packages/torch/nn/modules/module.py:1789 _call_impl
   /usr/local/lib/python3.12/dist-packages/vllm/models/deepseek_v4_1/nvidia/model.py:626 forward
   /usr/local/lib/python3.12/dist-packages/torch/nn/modules/module.py:1778 _wrapped_call_impl
   /usr/local/lib/python3.12/dist-packages/torch/nn/modules/module.py:1789 _call_impl
   /usr/local/lib/python3.12/dist-packages/vllm/models/deepseek_v4_1/nvidia/model.py:384 forward
   /usr/local/lib/python3.12/dist-packages/torch/nn/modules/module.py:1778 _wrapped_call_impl
   /usr/local/lib/python3.12/dist-packages/torch/nn/modules/module.py:1789 _call_impl
   /usr/local/lib/python3.12/dist-packages/vllm/models/deepseek_v4_1/attention.py:587 forward
   /usr/local/lib/python3.12/dist-packages/vllm/models/deepseek_v4_1/attention.py:732 _prepare_and_attn
   /usr/local/lib/python3.12/dist-packages/vllm/models/deepseek_v4_1/attention.py:687 project_query_and_cache_kv
   /usr/local/lib/python3.12/dist-packages/vllm/models/deepseek_v4_1/attention.py:878 _fused_qnorm_rope_kv_insert
   /usr/local/lib/python3.12/dist-packages/torch/_ops.py:1279 __call__
=== 17:46:52 anon 2.8 file 0.9 shmem 4.8 GiB
   /usr/local/lib/python3.12/dist-packages/vllm/model_executor/layers/quantization/modelopt.py:2451 <lambda>
   /usr/local/lib/python3.12/dist-packages/vllm/model_executor/kernels/linear/mxfp8/flashinfer.py:114 apply_weights
   /usr/local/lib/python3.12/dist-packages/torch/_library/custom_ops.py:863 __call__
   /usr/local/lib/python3.12/dist-packages/torch/_ops.py:875 __call__
   /usr/local/lib/python3.12/dist-packages/torch/_library/custom_ops.py:482 backend_impl
   /usr/local/lib/python3.12/dist-packages/torch/_compile.py:54 inner
   /usr/local/lib/python3.12/dist-packages/torch/_dynamo/eval_frame.py:1450 _fn
   /usr/local/lib/python3.12/dist-packages/torch/_library/custom_ops.py:502 wrapped_fn
   /usr/local/lib/python3.12/dist-packages/vllm/utils/flashinfer.py:920 mm_mxfp8
   /usr/local/lib/python3.12/dist-packages/flashinfer/utils.py:1561 wrapper
   /usr/local/lib/python3.12/dist-packages/flashinfer/api_logging.py:2348 _auto_dump_wrapper
   /usr/local/lib/python3.12/dist-packages/flashinfer/gemm/gemm_base.py:6275 mm_mxfp8
   /usr/local/lib/python3.12/dist-packages/flashinfer/autotuner/autotuner.py:764 __call__
   /usr/local/lib/python3.12/dist-packages/flashinfer/gemm/gemm_base.py:5282 forward
=== 17:46:57 anon 2.8 file 0.9 shmem 4.8 GiB
   /usr/local/lib/python3.12/dist-packages/torch/nn/modules/module.py:1789 _call_impl
   /usr/local/lib/python3.12/dist-packages/vllm/models/deepseek_v4_1/nvidia/model.py:1085 forward
   /usr/local/lib/python3.12/dist-packages/torch/nn/modules/module.py:1778 _wrapped_call_impl
   /usr/local/lib/python3.12/dist-packages/torch/nn/modules/module.py:1789 _call_impl
   /usr/local/lib/python3.12/dist-packages/vllm/models/deepseek_v4_1/nvidia/model.py:626 forward
   /usr/local/lib/python3.12/dist-packages/torch/nn/modules/module.py:1778 _wrapped_call_impl
   /usr/local/lib/python3.12/dist-packages/torch/nn/modules/module.py:1789 _call_impl
   /usr/local/lib/python3.12/dist-packages/vllm/models/deepseek_v4_1/nvidia/model.py:384 forward
   /usr/local/lib/python3.12/dist-packages/vllm/model_executor/kernels/mhc/tilelang.py:619 mhc_post_tilelang
   /usr/local/lib/python3.12/dist-packages/vllm/utils/jit_monitor.py:510 _call_with_monitor
   /usr/local/lib/python3.12/dist-packages/tilelang/jit/__init__.py:538 __call__
   /usr/local/lib/python3.12/dist-packages/tilelang/jit/kernel.py:202 __call__
   /usr/local/lib/python3.12/dist-packages/tilelang/jit/adapter/tvm_ffi.py:292 func
   /usr/local/lib/python3.12/dist-packages/tvm_ffi/module.py:299 __call__
=== 17:47:02 anon 2.8 file 0.9 shmem 4.8 GiB
   /usr/local/lib/python3.12/dist-packages/vllm/model_executor/layers/quantization/modelopt.py:2451 <lambda>
   /usr/local/lib/python3.12/dist-packages/vllm/model_executor/kernels/linear/mxfp8/flashinfer.py:114 apply_weights
   /usr/local/lib/python3.12/dist-packages/torch/_library/custom_ops.py:863 __call__
   /usr/local/lib/python3.12/dist-packages/torch/_ops.py:875 __call__
   /usr/local/lib/python3.12/dist-packages/torch/_library/custom_ops.py:482 backend_impl
   /usr/local/lib/python3.12/dist-packages/torch/_compile.py:54 inner
   /usr/local/lib/python3.12/dist-packages/torch/_dynamo/eval_frame.py:1450 _fn
   /usr/local/lib/python3.12/dist-packages/torch/_library/custom_ops.py:502 wrapped_fn
   /usr/local/lib/python3.12/dist-packages/vllm/utils/flashinfer.py:920 mm_mxfp8
   /usr/local/lib/python3.12/dist-packages/flashinfer/utils.py:1561 wrapper
   /usr/local/lib/python3.12/dist-packages/flashinfer/api_logging.py:2348 _auto_dump_wrapper
   /usr/local/lib/python3.12/dist-packages/flashinfer/gemm/gemm_base.py:6275 mm_mxfp8
   /usr/local/lib/python3.12/dist-packages/flashinfer/autotuner/autotuner.py:764 __call__
   /usr/local/lib/python3.12/dist-packages/flashinfer/gemm/gemm_base.py:5282 forward
=== 17:47:07 anon 2.8 file 0.9 shmem 4.8 GiB
   /usr/local/lib/python3.12/dist-packages/torch/nn/modules/module.py:1789 _call_impl
   /usr/local/lib/python3.12/dist-packages/vllm/model_executor/layers/linear.py:610 forward
   /usr/local/lib/python3.12/dist-packages/vllm/model_executor/layers/quantization/modelopt.py:2447 apply
   /usr/local/lib/python3.12/dist-packages/vllm/model_executor/layers/quantization/modelopt.py:2296 apply
   /usr/local/lib/python3.12/dist-packages/vllm/model_executor/layers/quantization/modelopt.py:2451 <lambda>
   /usr/local/lib/python3.12/dist-packages/vllm/model_executor/kernels/linear/mxfp8/flashinfer.py:114 apply_weights
   /usr/local/lib/python3.12/dist-packages/vllm/model_executor/layers/quantization/utils/mxfp8_utils.py:227 mxfp8_e4m3_quantize
   /usr/local/lib/python3.12/dist-packages/torch/_ops.py:1279 __call__
   /usr/local/lib/python3.12/dist-packages/vllm/model_executor/layers/quantization/utils/mxfp8_utils.py:206 _mxfp8_e4m3_quantize_impl
   /usr/local/lib/python3.12/dist-packages/flashinfer/api_logging.py:2348 _auto_dump_wrapper
   /usr/local/lib/python3.12/dist-packages/flashinfer/quantization/fp8_quantization.py:246 mxfp8_quantize
   /usr/local/lib/python3.12/dist-packages/flashinfer/quantization/kernels/mxfp8_quantize.py:980 mxfp8_quantize_cute_dsl
   /usr/local/lib/python3.12/dist-packages/nvidia_cutlass_dsl/dsl_packages/cutlass/cutlass_dsl/tvm_ffi_provider.py:685 __call__
   <string>:3 wrapper
=== 17:47:12 anon 2.8 file 0.9 shmem 4.8 GiB
   /usr/lib/python3.12/multiprocessing/spawn.py:135 _main
   /usr/lib/python3.12/multiprocessing/process.py:314 _bootstrap
   /usr/lib/python3.12/multiprocessing/process.py:108 run
   /usr/local/lib/python3.12/dist-packages/vllm/v1/executor/multiproc_executor.py:935 worker_main
   /usr/local/lib/python3.12/dist-packages/vllm/v1/executor/multiproc_executor.py:1033 worker_busy_loop
   /usr/local/lib/python3.12/dist-packages/vllm/v1/executor/multiproc_executor.py:1047 _execute_worker_rpc
   /usr/local/lib/python3.12/dist-packages/vllm/v1/worker/worker_base.py:375 execute_model
   /usr/local/lib/python3.12/dist-packages/torch/utils/_contextlib.py:124 decorate_context
   /usr/local/lib/python3.12/dist-packages/vllm/v1/worker/gpu_worker.py:1177 execute_model
   /usr/local/lib/python3.12/dist-packages/torch/utils/_contextlib.py:124 decorate_context
   /usr/local/lib/python3.12/dist-packages/vllm/v1/worker/gpu/model_runner.py:1728 execute_model
   /usr/local/lib/python3.12/dist-packages/vllm/v1/worker/gpu/model_states/default.py:228 prepare_attn
   /usr/local/lib/python3.12/dist-packages/vllm/v1/worker/gpu/attn_utils.py:343 build_attn_metadata
   /usr/local/lib/python3.12/dist-packages/vllm/v1/attention/backends/mla/sparse_swa.py:695 build
=== 17:47:17 anon 2.8 file 0.9 shmem 4.8 GiB
   /usr/local/lib/python3.12/dist-packages/vllm/models/deepseek_v4/nvidia/model.py:1029 forward
   /usr/local/lib/python3.12/dist-packages/vllm/models/deepseek_v4/nvidia/model.py:1078 _forward_fused_moe
   /usr/local/lib/python3.12/dist-packages/torch/nn/modules/module.py:1778 _wrapped_call_impl
   /usr/local/lib/python3.12/dist-packages/torch/nn/modules/module.py:1789 _call_impl
   /usr/local/lib/python3.12/dist-packages/vllm/model_executor/layers/fused_moe/runner/moe_runner.py:788 forward
   /usr/local/lib/python3.12/dist-packages/vllm/model_executor/layers/fused_moe/runner/moe_runner.py:511 _maybe_reduce_final_output
   /usr/local/lib/python3.12/dist-packages/vllm/distributed/communication_op.py:14 tensor_model_parallel_all_reduce
   /usr/local/lib/python3.12/dist-packages/vllm/distributed/parallel_state.py:742 all_reduce
   /usr/local/lib/python3.12/dist-packages/torch/_ops.py:1279 __call__
   /usr/local/lib/python3.12/dist-packages/vllm/distributed/parallel_state.py:198 all_reduce
   /usr/local/lib/python3.12/dist-packages/vllm/distributed/parallel_state.py:749 _all_reduce_out_place
   /usr/local/lib/python3.12/dist-packages/vllm/distributed/device_communicators/cuda_communicator.py:377 all_reduce
   /usr/local/lib/python3.12/dist-packages/vllm/distributed/device_communicators/pynccl.py:268 all_reduce
   /usr/local/lib/python3.12/dist-packages/vllm/distributed/device_communicators/pynccl_wrapper.py:504 ncclAllReduce
=== 17:47:22 anon 2.8 file 0.9 shmem 4.8 GiB
   /usr/local/lib/python3.12/dist-packages/torch/nn/modules/module.py:1778 _wrapped_call_impl
   /usr/local/lib/python3.12/dist-packages/torch/nn/modules/module.py:1789 _call_impl
   /usr/local/lib/python3.12/dist-packages/vllm/models/deepseek_v4_1/attention.py:587 forward
   /usr/local/lib/python3.12/dist-packages/vllm/models/deepseek_v4_1/attention.py:810 _run_parallel_input_projections
   /usr/local/lib/python3.12/dist-packages/vllm/utils/multi_stream_utils.py:132 execute_in_parallel
   /usr/local/lib/python3.12/dist-packages/vllm/models/deepseek_v4_1/attention.py:801 <lambda>
   /usr/local/lib/python3.12/dist-packages/vllm/models/deepseek_v4_1/attention.py:748 _fused_wqa_wkv_gemm
   /usr/local/lib/python3.12/dist-packages/torch/nn/modules/module.py:1778 _wrapped_call_impl
   /usr/local/lib/python3.12/dist-packages/torch/nn/modules/module.py:1789 _call_impl
   /usr/local/lib/python3.12/dist-packages/vllm/model_executor/layers/linear.py:610 forward
   /usr/local/lib/python3.12/dist-packages/vllm/model_executor/layers/quantization/modelopt.py:2447 apply
   /usr/local/lib/python3.12/dist-packages/vllm/model_executor/layers/quantization/modelopt.py:2296 apply
   /usr/local/lib/python3.12/dist-packages/vllm/model_executor/layers/quantization/modelopt.py:2451 <lambda>
   /usr/local/lib/python3.12/dist-packages/vllm/model_executor/kernels/linear/mxfp8/flashinfer.py:114 apply_weights
=== 17:47:27 anon 2.8 file 0.9 shmem 4.8 GiB
   /usr/local/lib/python3.12/dist-packages/torch/nn/modules/module.py:1778 _wrapped_call_impl
   /usr/local/lib/python3.12/dist-packages/torch/nn/modules/module.py:1789 _call_impl
   /usr/local/lib/python3.12/dist-packages/vllm/models/deepseek_v4_1/nvidia/model.py:1085 forward
   /usr/local/lib/python3.12/dist-packages/torch/nn/modules/module.py:1778 _wrapped_call_impl
   /usr/local/lib/python3.12/dist-packages/torch/nn/modules/module.py:1789 _call_impl
   /usr/local/lib/python3.12/dist-packages/vllm/models/deepseek_v4_1/nvidia/model.py:626 forward
   /usr/local/lib/python3.12/dist-packages/torch/nn/modules/module.py:1778 _wrapped_call_impl
   /usr/local/lib/python3.12/dist-packages/torch/nn/modules/module.py:1789 _call_impl
   /usr/local/lib/python3.12/dist-packages/vllm/models/deepseek_v4_1/nvidia/model.py:384 forward
   /usr/local/lib/python3.12/dist-packages/vllm/model_executor/kernels/mhc/tilelang.py:217 mhc_pre_delayed_tilelang
   /usr/local/lib/python3.12/dist-packages/vllm/model_executor/kernels/mhc/warmup.py:71 __call__
   /usr/local/lib/python3.12/dist-packages/tilelang/jit/kernel.py:202 __call__
   /usr/local/lib/python3.12/dist-packages/tilelang/jit/adapter/tvm_ffi.py:292 func
   /usr/local/lib/python3.12/dist-packages/tvm_ffi/module.py:299 __call__
=== 17:47:32 anon 2.8 file 0.9 shmem 4.8 GiB
   /usr/local/lib/python3.12/dist-packages/vllm/models/deepseek_v4/nvidia/model.py:1029 forward
   /usr/local/lib/python3.12/dist-packages/vllm/models/deepseek_v4/nvidia/model.py:1078 _forward_fused_moe
   /usr/local/lib/python3.12/dist-packages/torch/nn/modules/module.py:1778 _wrapped_call_impl
   /usr/local/lib/python3.12/dist-packages/torch/nn/modules/module.py:1789 _call_impl
   /usr/local/lib/python3.12/dist-packages/vllm/model_executor/layers/fused_moe/runner/moe_runner.py:788 forward
   /usr/local/lib/python3.12/dist-packages/torch/_ops.py:1279 __call__
   /usr/local/lib/python3.12/dist-packages/vllm/model_executor/layers/fused_moe/runner/moe_runner.py:162 _moe_forward_shared
   /usr/local/lib/python3.12/dist-packages/vllm/model_executor/layers/fused_moe/runner/moe_runner.py:904 _forward_impl
   /usr/local/lib/python3.12/dist-packages/vllm/model_executor/layers/fused_moe/runner/moe_runner.py:642 _apply_quant_method
   /usr/local/lib/python3.12/dist-packages/vllm/model_executor/layers/fused_moe/routed_experts.py:1252 forward_modular
   /usr/local/lib/python3.12/dist-packages/cuda_exl3/moe.py:567 apply
   /usr/local/lib/python3.12/dist-packages/vllm/model_executor/layers/fused_moe/moe_align_block_size.py:103 moe_align_block_size
   /usr/local/lib/python3.12/dist-packages/vllm/_custom_ops.py:2327 moe_align_block_size
   /usr/local/lib/python3.12/dist-packages/torch/_ops.py:1279 __call__
=== 17:47:37 anon 2.8 file 0.9 shmem 4.8 GiB
   /usr/local/lib/python3.12/dist-packages/vllm/v1/worker/gpu/model_runner.py:1491 sample
   /usr/local/lib/python3.12/dist-packages/vllm/models/deepseek_v4_1/nvidia/vl_model.py:326 compute_logits
   /usr/local/lib/python3.12/dist-packages/vllm/models/deepseek_v4_1/nvidia/model.py:1056 compute_logits
   /usr/local/lib/python3.12/dist-packages/torch/nn/modules/module.py:1778 _wrapped_call_impl
   /usr/local/lib/python3.12/dist-packages/torch/nn/modules/module.py:1789 _call_impl
   /usr/local/lib/python3.12/dist-packages/vllm/model_executor/layers/logits_processor.py:120 forward
   /usr/local/lib/python3.12/dist-packages/vllm/model_executor/layers/logits_processor.py:199 _get_logits
   /usr/local/lib/python3.12/dist-packages/vllm/model_executor/layers/logits_processor.py:134 _gather_logits
   /usr/local/lib/python3.12/dist-packages/vllm/distributed/communication_op.py:21 tensor_model_parallel_all_gather
   /usr/local/lib/python3.12/dist-packages/vllm/distributed/parallel_state.py:761 all_gather
   /usr/local/lib/python3.12/dist-packages/torch/_ops.py:1279 __call__
   /usr/local/lib/python3.12/dist-packages/vllm/distributed/parallel_state.py:230 all_gather
   /usr/local/lib/python3.12/dist-packages/vllm/distributed/parallel_state.py:770 _all_gather_out_place
   /usr/local/lib/python3.12/dist-packages/vllm/distributed/device_communicators/cuda_communicator.py:421 all_gather
=== 17:47:42 anon 2.8 file 0.9 shmem 4.8 GiB
   /usr/local/lib/python3.12/dist-packages/vllm/models/deepseek_v4/nvidia/model.py:1029 forward
   /usr/local/lib/python3.12/dist-packages/vllm/models/deepseek_v4/nvidia/model.py:1078 _forward_fused_moe
   /usr/local/lib/python3.12/dist-packages/torch/nn/modules/module.py:1778 _wrapped_call_impl
   /usr/local/lib/python3.12/dist-packages/torch/nn/modules/module.py:1789 _call_impl
   /usr/local/lib/python3.12/dist-packages/vllm/model_executor/layers/fused_moe/runner/moe_runner.py:788 forward
   /usr/local/lib/python3.12/dist-packages/vllm/model_executor/layers/fused_moe/runner/moe_runner.py:511 _maybe_reduce_final_output
   /usr/local/lib/python3.12/dist-packages/vllm/distributed/communication_op.py:14 tensor_model_parallel_all_reduce
   /usr/local/lib/python3.12/dist-packages/vllm/distributed/parallel_state.py:742 all_reduce
   /usr/local/lib/python3.12/dist-packages/torch/_ops.py:1279 __call__
   /usr/local/lib/python3.12/dist-packages/vllm/distributed/parallel_state.py:198 all_reduce
   /usr/local/lib/python3.12/dist-packages/vllm/distributed/parallel_state.py:749 _all_reduce_out_place
   /usr/local/lib/python3.12/dist-packages/vllm/distributed/device_communicators/cuda_communicator.py:377 all_reduce
   /usr/local/lib/python3.12/dist-packages/vllm/distributed/device_communicators/pynccl.py:268 all_reduce
   /usr/local/lib/python3.12/dist-packages/vllm/distributed/device_communicators/pynccl_wrapper.py:504 ncclAllReduce
=== 17:47:47 anon 2.8 file 0.9 shmem 4.8 GiB
   /usr/local/lib/python3.12/dist-packages/vllm/models/deepseek_v4_1/nvidia/model.py:1085 forward
   /usr/local/lib/python3.12/dist-packages/torch/nn/modules/module.py:1778 _wrapped_call_impl
   /usr/local/lib/python3.12/dist-packages/torch/nn/modules/module.py:1789 _call_impl
   /usr/local/lib/python3.12/dist-packages/vllm/models/deepseek_v4_1/nvidia/model.py:626 forward
   /usr/local/lib/python3.12/dist-packages/torch/nn/modules/module.py:1778 _wrapped_call_impl
   /usr/local/lib/python3.12/dist-packages/torch/nn/modules/module.py:1789 _call_impl
   /usr/local/lib/python3.12/dist-packages/vllm/models/deepseek_v4_1/nvidia/model.py:385 forward
   /usr/local/lib/python3.12/dist-packages/torch/nn/modules/module.py:1778 _wrapped_call_impl
   /usr/local/lib/python3.12/dist-packages/torch/nn/modules/module.py:1789 _call_impl
   /usr/local/lib/python3.12/dist-packages/vllm/models/deepseek_v4/nvidia/model.py:1029 forward
   /usr/local/lib/python3.12/dist-packages/vllm/models/deepseek_v4/nvidia/model.py:1078 _forward_fused_moe
   /usr/local/lib/python3.12/dist-packages/torch/nn/modules/module.py:1778 _wrapped_call_impl
   /usr/local/lib/python3.12/dist-packages/torch/nn/modules/module.py:1789 _call_impl
   /usr/local/lib/python3.12/dist-packages/vllm/model_executor/layers/fused_moe/runner/moe_runner.py:788 forward
=== 17:47:52 anon 2.8 file 0.9 shmem 4.8 GiB
   /usr/local/lib/python3.12/dist-packages/vllm/v1/worker/gpu/model_runner.py:1796 execute_model
   /usr/local/lib/python3.12/dist-packages/torch/nn/modules/module.py:1778 _wrapped_call_impl
   /usr/local/lib/python3.12/dist-packages/torch/nn/modules/module.py:1789 _call_impl
   /usr/local/lib/python3.12/dist-packages/vllm/models/deepseek_v4_1/nvidia/vl_model.py:317 forward
   /usr/local/lib/python3.12/dist-packages/torch/nn/modules/module.py:1778 _wrapped_call_impl
   /usr/local/lib/python3.12/dist-packages/torch/nn/modules/module.py:1789 _call_impl
   /usr/local/lib/python3.12/dist-packages/vllm/models/deepseek_v4_1/nvidia/model.py:1085 forward
   /usr/local/lib/python3.12/dist-packages/torch/nn/modules/module.py:1778 _wrapped_call_impl
   /usr/local/lib/python3.12/dist-packages/torch/nn/modules/module.py:1789 _call_impl
   /usr/local/lib/python3.12/dist-packages/vllm/models/deepseek_v4_1/nvidia/model.py:626 forward
   /usr/local/lib/python3.12/dist-packages/torch/nn/modules/module.py:1778 _wrapped_call_impl
   /usr/local/lib/python3.12/dist-packages/torch/nn/modules/module.py:1789 _call_impl
   /usr/local/lib/python3.12/dist-packages/vllm/models/deepseek_v4_1/nvidia/model.py:385 forward
   /usr/local/lib/python3.12/dist-packages/vllm/model_executor/kernels/mhc/tilelang.py:217 mhc_pre_delayed_tilelang
=== 17:47:57 anon 2.8 file 0.9 shmem 4.8 GiB
   /usr/lib/python3.12/multiprocessing/spawn.py:122 spawn_main
   /usr/lib/python3.12/multiprocessing/spawn.py:135 _main
   /usr/lib/python3.12/multiprocessing/process.py:314 _bootstrap
   /usr/lib/python3.12/multiprocessing/process.py:108 run
   /usr/local/lib/python3.12/dist-packages/vllm/v1/executor/multiproc_executor.py:935 worker_main
   /usr/local/lib/python3.12/dist-packages/vllm/v1/executor/multiproc_executor.py:1033 worker_busy_loop
   /usr/local/lib/python3.12/dist-packages/vllm/v1/executor/multiproc_executor.py:1047 _execute_worker_rpc
   /usr/local/lib/python3.12/dist-packages/vllm/v1/worker/worker_base.py:375 execute_model
   /usr/local/lib/python3.12/dist-packages/torch/utils/_contextlib.py:124 decorate_context
   /usr/local/lib/python3.12/dist-packages/vllm/v1/worker/gpu_worker.py:1177 execute_model
   /usr/local/lib/python3.12/dist-packages/torch/utils/_contextlib.py:124 decorate_context
   /usr/local/lib/python3.12/dist-packages/vllm/v1/worker/gpu/model_runner.py:1677 execute_model
   /usr/local/lib/python3.12/dist-packages/vllm/v1/worker/gpu/model_runner.py:1370 prepare_inputs
   /usr/local/lib/python3.12/dist-packages/vllm/v1/worker/gpu/buffer_utils.py:41 async_copy_to_gpu
=== 17:48:02 anon 2.8 file 0.9 shmem 4.8 GiB
   /usr/local/lib/python3.12/dist-packages/vllm/models/deepseek_v4_1/attention.py:587 forward
   /usr/local/lib/python3.12/dist-packages/vllm/models/deepseek_v4_1/nvidia/flashinfer_sparse.py:601 _o_proj
   /usr/local/lib/python3.12/dist-packages/vllm/models/deepseek_v4/nvidia/ops/o_proj.py:87 deep_gemm_fp8_o_proj
   /usr/local/lib/python3.12/dist-packages/torch/nn/modules/module.py:1778 _wrapped_call_impl
   /usr/local/lib/python3.12/dist-packages/torch/nn/modules/module.py:1789 _call_impl
   /usr/local/lib/python3.12/dist-packages/vllm/model_executor/layers/linear.py:1771 forward
   /usr/local/lib/python3.12/dist-packages/vllm/distributed/communication_op.py:14 tensor_model_parallel_all_reduce
   /usr/local/lib/python3.12/dist-packages/vllm/distributed/parallel_state.py:742 all_reduce
   /usr/local/lib/python3.12/dist-packages/torch/_ops.py:1279 __call__
   /usr/local/lib/python3.12/dist-packages/vllm/distributed/parallel_state.py:198 all_reduce
   /usr/local/lib/python3.12/dist-packages/vllm/distributed/parallel_state.py:749 _all_reduce_out_place
   /usr/local/lib/python3.12/dist-packages/vllm/distributed/device_communicators/cuda_communicator.py:377 all_reduce
   /usr/local/lib/python3.12/dist-packages/vllm/distributed/device_communicators/pynccl.py:268 all_reduce
   /usr/local/lib/python3.12/dist-packages/vllm/distributed/device_communicators/pynccl_wrapper.py:504 ncclAllReduce
=== 17:48:07 anon 2.8 file 0.9 shmem 4.8 GiB
   /usr/local/lib/python3.12/dist-packages/torch/nn/modules/module.py:1778 _wrapped_call_impl
   /usr/local/lib/python3.12/dist-packages/torch/nn/modules/module.py:1789 _call_impl
   /usr/local/lib/python3.12/dist-packages/vllm/models/deepseek_v4/nvidia/model.py:1029 forward
   /usr/local/lib/python3.12/dist-packages/vllm/models/deepseek_v4/nvidia/model.py:1078 _forward_fused_moe
   /usr/local/lib/python3.12/dist-packages/torch/nn/modules/module.py:1778 _wrapped_call_impl
   /usr/local/lib/python3.12/dist-packages/torch/nn/modules/module.py:1789 _call_impl
   /usr/local/lib/python3.12/dist-packages/vllm/model_executor/layers/fused_moe/runner/moe_runner.py:788 forward
   /usr/local/lib/python3.12/dist-packages/torch/_ops.py:1279 __call__
   /usr/local/lib/python3.12/dist-packages/vllm/model_executor/layers/fused_moe/runner/moe_runner.py:162 _moe_forward_shared
   /usr/local/lib/python3.12/dist-packages/vllm/model_executor/layers/fused_moe/runner/moe_runner.py:904 _forward_impl
   /usr/local/lib/python3.12/dist-packages/vllm/model_executor/layers/fused_moe/runner/moe_runner.py:642 _apply_quant_method
   /usr/local/lib/python3.12/dist-packages/vllm/model_executor/layers/fused_moe/routed_experts.py:1252 forward_modular
   /usr/local/lib/python3.12/dist-packages/cuda_exl3/moe.py:567 apply
   /usr/local/lib/python3.12/dist-packages/torch/_ops.py:1279 __call__
=== 17:48:12 anon 2.8 file 0.9 shmem 4.8 GiB
   /usr/local/lib/python3.12/dist-packages/torch/nn/modules/module.py:1778 _wrapped_call_impl
   /usr/local/lib/python3.12/dist-packages/torch/nn/modules/module.py:1789 _call_impl
   /usr/local/lib/python3.12/dist-packages/vllm/models/deepseek_v4/nvidia/model.py:1029 forward
   /usr/local/lib/python3.12/dist-packages/vllm/models/deepseek_v4/nvidia/model.py:1078 _forward_fused_moe
   /usr/local/lib/python3.12/dist-packages/torch/nn/modules/module.py:1778 _wrapped_call_impl
   /usr/local/lib/python3.12/dist-packages/torch/nn/modules/module.py:1789 _call_impl
   /usr/local/lib/python3.12/dist-packages/vllm/model_executor/layers/fused_moe/runner/moe_runner.py:788 forward
   /usr/local/lib/python3.12/dist-packages/torch/_ops.py:1279 __call__
   /usr/local/lib/python3.12/dist-packages/vllm/model_executor/layers/fused_moe/runner/moe_runner.py:162 _moe_forward_shared
   /usr/local/lib/python3.12/dist-packages/vllm/model_executor/layers/fused_moe/runner/moe_runner.py:904 _forward_impl
   /usr/local/lib/python3.12/dist-packages/vllm/model_executor/layers/fused_moe/runner/moe_runner.py:642 _apply_quant_method
   /usr/local/lib/python3.12/dist-packages/vllm/model_executor/layers/fused_moe/routed_experts.py:1252 forward_modular
   /usr/local/lib/python3.12/dist-packages/cuda_exl3/moe.py:567 apply
   /usr/local/lib/python3.12/dist-packages/torch/_ops.py:1279 __call__
=== 17:48:17 anon 2.8 file 0.9 shmem 4.8 GiB
   /usr/local/lib/python3.12/dist-packages/vllm/model_executor/layers/quantization/modelopt.py:2451 <lambda>
   /usr/local/lib/python3.12/dist-packages/vllm/model_executor/kernels/linear/mxfp8/flashinfer.py:114 apply_weights
   /usr/local/lib/python3.12/dist-packages/torch/_library/custom_ops.py:863 __call__
   /usr/local/lib/python3.12/dist-packages/torch/_ops.py:875 __call__
   /usr/local/lib/python3.12/dist-packages/torch/_library/custom_ops.py:482 backend_impl
   /usr/local/lib/python3.12/dist-packages/torch/_compile.py:54 inner
   /usr/local/lib/python3.12/dist-packages/torch/_dynamo/eval_frame.py:1450 _fn
   /usr/local/lib/python3.12/dist-packages/torch/_library/custom_ops.py:502 wrapped_fn
   /usr/local/lib/python3.12/dist-packages/vllm/utils/flashinfer.py:920 mm_mxfp8
   /usr/local/lib/python3.12/dist-packages/flashinfer/utils.py:1561 wrapper
   /usr/local/lib/python3.12/dist-packages/flashinfer/api_logging.py:2348 _auto_dump_wrapper
   /usr/local/lib/python3.12/dist-packages/flashinfer/gemm/gemm_base.py:6275 mm_mxfp8
   /usr/local/lib/python3.12/dist-packages/flashinfer/autotuner/autotuner.py:764 __call__
   /usr/local/lib/python3.12/dist-packages/flashinfer/gemm/gemm_base.py:5282 forward
=== 17:48:22 anon 2.8 file 0.9 shmem 4.8 GiB
   /usr/local/lib/python3.12/dist-packages/torch/nn/modules/module.py:1778 _wrapped_call_impl
   /usr/local/lib/python3.12/dist-packages/torch/nn/modules/module.py:1789 _call_impl
   /usr/local/lib/python3.12/dist-packages/vllm/models/deepseek_v4_1/nvidia/model.py:1085 forward
   /usr/local/lib/python3.12/dist-packages/torch/nn/modules/module.py:1778 _wrapped_call_impl
   /usr/local/lib/python3.12/dist-packages/torch/nn/modules/module.py:1789 _call_impl
   /usr/local/lib/python3.12/dist-packages/vllm/models/deepseek_v4_1/nvidia/model.py:626 forward
   /usr/local/lib/python3.12/dist-packages/torch/nn/modules/module.py:1778 _wrapped_call_impl
   /usr/local/lib/python3.12/dist-packages/torch/nn/modules/module.py:1789 _call_impl
   /usr/local/lib/python3.12/dist-packages/vllm/models/deepseek_v4_1/nvidia/model.py:385 forward
   /usr/local/lib/python3.12/dist-packages/torch/nn/modules/module.py:1778 _wrapped_call_impl
   /usr/local/lib/python3.12/dist-packages/torch/nn/modules/module.py:1789 _call_impl
   /usr/local/lib/python3.12/dist-packages/vllm/models/deepseek_v4_1/attention.py:587 forward
   /usr/local/lib/python3.12/dist-packages/vllm/models/deepseek_v4_1/nvidia/flashinfer_sparse.py:601 _o_proj
   /usr/local/lib/python3.12/dist-packages/vllm/models/deepseek_v4/nvidia/ops/o_proj.py:87 deep_gemm_fp8_o_proj
=== 17:48:27 anon 2.8 file 0.9 shmem 4.8 GiB
   /usr/local/lib/python3.12/dist-packages/vllm/model_executor/layers/quantization/modelopt.py:2451 <lambda>
   /usr/local/lib/python3.12/dist-packages/vllm/model_executor/kernels/linear/mxfp8/flashinfer.py:114 apply_weights
   /usr/local/lib/python3.12/dist-packages/torch/_library/custom_ops.py:863 __call__
   /usr/local/lib/python3.12/dist-packages/torch/_ops.py:875 __call__
   /usr/local/lib/python3.12/dist-packages/torch/_library/custom_ops.py:482 backend_impl
   /usr/local/lib/python3.12/dist-packages/torch/_compile.py:54 inner
   /usr/local/lib/python3.12/dist-packages/torch/_dynamo/eval_frame.py:1450 _fn
   /usr/local/lib/python3.12/dist-packages/torch/_library/custom_ops.py:502 wrapped_fn
   /usr/local/lib/python3.12/dist-packages/vllm/utils/flashinfer.py:920 mm_mxfp8
   /usr/local/lib/python3.12/dist-packages/flashinfer/utils.py:1561 wrapper
   /usr/local/lib/python3.12/dist-packages/flashinfer/api_logging.py:2348 _auto_dump_wrapper
   /usr/local/lib/python3.12/dist-packages/flashinfer/gemm/gemm_base.py:6275 mm_mxfp8
   /usr/local/lib/python3.12/dist-packages/flashinfer/autotuner/autotuner.py:764 __call__
   /usr/local/lib/python3.12/dist-packages/flashinfer/gemm/gemm_base.py:5282 forward
=== 17:48:32 anon 2.8 file 0.9 shmem 4.8 GiB
   /usr/local/lib/python3.12/dist-packages/vllm/v1/worker/gpu/model_runner.py:1796 execute_model
   /usr/local/lib/python3.12/dist-packages/torch/nn/modules/module.py:1778 _wrapped_call_impl
   /usr/local/lib/python3.12/dist-packages/torch/nn/modules/module.py:1789 _call_impl
   /usr/local/lib/python3.12/dist-packages/vllm/models/deepseek_v4_1/nvidia/vl_model.py:317 forward
   /usr/local/lib/python3.12/dist-packages/torch/nn/modules/module.py:1778 _wrapped_call_impl
   /usr/local/lib/python3.12/dist-packages/torch/nn/modules/module.py:1789 _call_impl
   /usr/local/lib/python3.12/dist-packages/vllm/models/deepseek_v4_1/nvidia/model.py:1085 forward
   /usr/local/lib/python3.12/dist-packages/torch/nn/modules/module.py:1778 _wrapped_call_impl
   /usr/local/lib/python3.12/dist-packages/torch/nn/modules/module.py:1789 _call_impl
   /usr/local/lib/python3.12/dist-packages/vllm/models/deepseek_v4_1/nvidia/model.py:626 forward
   /usr/local/lib/python3.12/dist-packages/torch/nn/modules/module.py:1778 _wrapped_call_impl
   /usr/local/lib/python3.12/dist-packages/torch/nn/modules/module.py:1789 _call_impl
   /usr/local/lib/python3.12/dist-packages/vllm/models/deepseek_v4_1/nvidia/model.py:384 forward
   /usr/local/lib/python3.12/dist-packages/vllm/model_executor/kernels/mhc/tilelang.py:217 mhc_pre_delayed_tilelang
=== 17:48:37 anon 2.8 file 0.9 shmem 4.8 GiB
   /usr/local/lib/python3.12/dist-packages/vllm/v1/worker/gpu_worker.py:1177 execute_model
   /usr/local/lib/python3.12/dist-packages/torch/utils/_contextlib.py:124 decorate_context
   /usr/local/lib/python3.12/dist-packages/vllm/v1/worker/gpu/model_runner.py:1796 execute_model
   /usr/local/lib/python3.12/dist-packages/torch/nn/modules/module.py:1778 _wrapped_call_impl
   /usr/local/lib/python3.12/dist-packages/torch/nn/modules/module.py:1789 _call_impl
   /usr/local/lib/python3.12/dist-packages/vllm/models/deepseek_v4_1/nvidia/vl_model.py:317 forward
   /usr/local/lib/python3.12/dist-packages/torch/nn/modules/module.py:1778 _wrapped_call_impl
   /usr/local/lib/python3.12/dist-packages/torch/nn/modules/module.py:1789 _call_impl
   /usr/local/lib/python3.12/dist-packages/vllm/models/deepseek_v4_1/nvidia/model.py:1085 forward
   /usr/local/lib/python3.12/dist-packages/torch/nn/modules/module.py:1778 _wrapped_call_impl
   /usr/local/lib/python3.12/dist-packages/torch/nn/modules/module.py:1789 _call_impl
   /usr/local/lib/python3.12/dist-packages/vllm/models/deepseek_v4_1/nvidia/model.py:626 forward
   /usr/local/lib/python3.12/dist-packages/torch/nn/modules/module.py:1778 _wrapped_call_impl
   /usr/local/lib/python3.12/dist-packages/torch/nn/modules/module.py:1789 _call_impl
=== 17:48:42 anon 2.8 file 0.9 shmem 4.8 GiB
   /usr/local/lib/python3.12/dist-packages/vllm/v1/worker/gpu/model_runner.py:1796 execute_model
   /usr/local/lib/python3.12/dist-packages/torch/nn/modules/module.py:1778 _wrapped_call_impl
   /usr/local/lib/python3.12/dist-packages/torch/nn/modules/module.py:1789 _call_impl
   /usr/local/lib/python3.12/dist-packages/vllm/models/deepseek_v4_1/nvidia/vl_model.py:317 forward
   /usr/local/lib/python3.12/dist-packages/torch/nn/modules/module.py:1778 _wrapped_call_impl
   /usr/local/lib/python3.12/dist-packages/torch/nn/modules/module.py:1789 _call_impl
   /usr/local/lib/python3.12/dist-packages/vllm/models/deepseek_v4_1/nvidia/model.py:1085 forward
   /usr/local/lib/python3.12/dist-packages/torch/nn/modules/module.py:1778 _wrapped_call_impl
   /usr/local/lib/python3.12/dist-packages/torch/nn/modules/module.py:1789 _call_impl
   /usr/local/lib/python3.12/dist-packages/vllm/models/deepseek_v4_1/nvidia/model.py:626 forward
   /usr/local/lib/python3.12/dist-packages/torch/nn/modules/module.py:1778 _wrapped_call_impl
   /usr/local/lib/python3.12/dist-packages/torch/nn/modules/module.py:1789 _call_impl
   /usr/local/lib/python3.12/dist-packages/vllm/models/deepseek_v4_1/nvidia/model.py:365 forward
   /usr/local/lib/python3.12/dist-packages/vllm/model_executor/kernels/mhc/tilelang.py:619 mhc_post_tilelang
=== 17:48:47 anon 2.8 file 0.9 shmem 4.8 GiB
   /usr/lib/python3.12/multiprocessing/process.py:314 _bootstrap
   /usr/lib/python3.12/multiprocessing/process.py:108 run
   /usr/local/lib/python3.12/dist-packages/vllm/v1/executor/multiproc_executor.py:935 worker_main
   /usr/local/lib/python3.12/dist-packages/vllm/v1/executor/multiproc_executor.py:1033 worker_busy_loop
   /usr/local/lib/python3.12/dist-packages/vllm/v1/executor/multiproc_executor.py:1047 _execute_worker_rpc
   /usr/local/lib/python3.12/dist-packages/vllm/v1/worker/worker_base.py:375 execute_model
   /usr/local/lib/python3.12/dist-packages/torch/utils/_contextlib.py:124 decorate_context
   /usr/local/lib/python3.12/dist-packages/vllm/v1/worker/gpu_worker.py:1177 execute_model
   /usr/local/lib/python3.12/dist-packages/torch/utils/_contextlib.py:124 decorate_context
   /usr/local/lib/python3.12/dist-packages/vllm/v1/worker/gpu/model_runner.py:1728 execute_model
   /usr/local/lib/python3.12/dist-packages/vllm/models/deepseek_v4_1/nvidia/model_state.py:110 prepare_inputs
   /usr/local/lib/python3.12/dist-packages/torch/utils/_contextlib.py:124 decorate_context
   /usr/local/lib/python3.12/dist-packages/vllm/models/deepseek_v4_1/common/engram.py:1399 stage
   /usr/local/lib/python3.12/dist-packages/torch/cuda/streams.py:254 synchronize
=== 17:48:52 anon 2.8 file 0.9 shmem 4.8 GiB
   /usr/local/lib/python3.12/dist-packages/vllm/model_executor/layers/quantization/modelopt.py:2447 apply
   /usr/local/lib/python3.12/dist-packages/vllm/model_executor/layers/quantization/modelopt.py:2296 apply
   /usr/local/lib/python3.12/dist-packages/vllm/model_executor/layers/quantization/modelopt.py:2451 <lambda>
   /usr/local/lib/python3.12/dist-packages/vllm/model_executor/kernels/linear/mxfp8/flashinfer.py:114 apply_weights
   /usr/local/lib/python3.12/dist-packages/torch/_library/custom_ops.py:863 __call__
   /usr/local/lib/python3.12/dist-packages/torch/_ops.py:875 __call__
   /usr/local/lib/python3.12/dist-packages/torch/_library/custom_ops.py:482 backend_impl
   /usr/local/lib/python3.12/dist-packages/torch/_compile.py:54 inner
   /usr/local/lib/python3.12/dist-packages/torch/_dynamo/eval_frame.py:1450 _fn
   /usr/local/lib/python3.12/dist-packages/torch/_library/custom_ops.py:502 wrapped_fn
   /usr/local/lib/python3.12/dist-packages/vllm/utils/flashinfer.py:920 mm_mxfp8
   /usr/local/lib/python3.12/dist-packages/flashinfer/utils.py:1561 wrapper
   /usr/local/lib/python3.12/dist-packages/flashinfer/api_logging.py:2348 _auto_dump_wrapper
   /usr/local/lib/python3.12/dist-packages/flashinfer/gemm/gemm_base.py:6275 mm_mxfp8
=== 17:48:57 anon 2.8 file 0.9 shmem 4.8 GiB
   /usr/local/lib/python3.12/dist-packages/vllm/models/deepseek_v4_1/nvidia/model.py:1085 forward
   /usr/local/lib/python3.12/dist-packages/torch/nn/modules/module.py:1778 _wrapped_call_impl
   /usr/local/lib/python3.12/dist-packages/torch/nn/modules/module.py:1789 _call_impl
   /usr/local/lib/python3.12/dist-packages/vllm/models/deepseek_v4_1/nvidia/model.py:626 forward
   /usr/local/lib/python3.12/dist-packages/torch/nn/modules/module.py:1778 _wrapped_call_impl
   /usr/local/lib/python3.12/dist-packages/torch/nn/modules/module.py:1789 _call_impl
   /usr/local/lib/python3.12/dist-packages/vllm/models/deepseek_v4_1/nvidia/model.py:384 forward
   /usr/local/lib/python3.12/dist-packages/torch/nn/modules/module.py:1778 _wrapped_call_impl
   /usr/local/lib/python3.12/dist-packages/torch/nn/modules/module.py:1789 _call_impl
   /usr/local/lib/python3.12/dist-packages/vllm/models/deepseek_v4_1/attention.py:587 forward
   /usr/local/lib/python3.12/dist-packages/vllm/models/deepseek_v4_1/attention.py:732 _prepare_and_attn
   /usr/local/lib/python3.12/dist-packages/vllm/models/deepseek_v4_1/attention.py:687 project_query_and_cache_kv
   /usr/local/lib/python3.12/dist-packages/vllm/models/deepseek_v4_1/attention.py:878 _fused_qnorm_rope_kv_insert
   /usr/local/lib/python3.12/dist-packages/torch/_ops.py:1279 __call__
